menu_name,ingredient_canonical,n_total,k_count,freq,alpha_prior,beta_prior
간장게장,간장,56,52,0.929,53.0,5.0
간장게장,꽃게,56,46,0.821,47.0,11.0
간장게장,마늘,56,45,0.804,46.0,12.0
간장게장,양파,56,42,0.75,43.0,15.0
간장게장,고추,56,38,0.679,39.0,19.0
간장게장,물,56,34,0.607,35.0,23.0
간장게장,대파,56,34,0.607,35.0,23.0
간장게장,생강,56,33,0.589,34.0,24.0
간장게장,청양고추,56,28,0.5,29.0,29.0
간장게장,매실액,56,25,0.446,26.0,32.0
간장게장,소주,56,24,0.429,25.0,33.0
간장게장,설탕,56,23,0.411,24.0,34.0
간장게장,후춧가루,56,19,0.339,20.0,38.0
간장게장,사과,56,18,0.321,19.0,39.0
간장게장,맛술,56,18,0.321,19.0,39.0
간장게장,다시마,56,16,0.286,17.0,41.0
간장게장,표고버섯,56,16,0.286,17.0,41.0
간장게장,월계수잎,56,12,0.214,13.0,45.0
간장게장,레몬,56,11,0.196,12.0,46.0
간장게장,대추,56,10,0.179,11.0,47.0
간장게장,사이다,56,9,0.161,10.0,48.0
간장게장,감초,56,8,0.143,9.0,49.0
간장게장,멸치,56,8,0.143,9.0,49.0
간장게장,올리고당,56,8,0.143,9.0,49.0
간장게장,배,56,5,0.089,6.0,52.0
간장게장,계피,56,4,0.071,5.0,53.0
간장게장,황기,56,4,0.071,5.0,53.0
간장게장,육수,56,4,0.071,5.0,53.0
간장게장,술,56,3,0.054,4.0,54.0
간장게장,멸치액젓,56,3,0.054,4.0,54.0
간장게장,게장,56,3,0.054,4.0,54.0
간장게장,참치액,56,3,0.054,4.0,54.0
간장게장,오가피,56,2,0.036,3.0,55.0
간장게장,당귀,56,2,0.036,3.0,55.0
간장게장,돌게,56,2,0.036,3.0,55.0
간장게장,무,56,2,0.036,3.0,55.0
간장게장,꿀,56,1,0.018,2.0,56.0
간장게장,삼계탕한약재,56,1,0.018,2.0,56.0
간장게장,밴딩이,56,1,0.018,2.0,56.0
간장게장,버섯,56,1,0.018,2.0,56.0
간장게장,밴댕이,56,1,0.018,2.0,56.0
간장게장,암게,56,1,0.018,2.0,56.0
간장게장,암케,56,1,0.018,2.0,56.0
간장게장,탄산수,56,1,0.018,2.0,56.0
간장게장,북어,56,1,0.018,2.0,56.0
간장게장,방게,56,1,0.018,2.0,56.0
간장게장,튀김가루,56,1,0.018,2.0,56.0
간장게장,콩,56,1,0.018,2.0,56.0
간장게장,쌀,56,1,0.018,2.0,56.0
간장게장,삼계탕재료,56,1,0.018,2.0,56.0
간장게장,팔각,56,1,0.018,2.0,56.0
간장게장,페퍼홀,56,1,0.018,2.0,56.0
간장게장,위생백,56,1,0.018,2.0,56.0
간장게장,배추김치,56,1,0.018,2.0,56.0
간장게장,향신야채,56,1,0.018,2.0,56.0
간장게장,정제수,56,1,0.018,2.0,56.0
간장게장,엄나무진액,56,1,0.018,2.0,56.0
간장게장,배즙,56,1,0.018,2.0,56.0
간장게장,홍합,56,1,0.018,2.0,56.0
간장게장,밥,56,1,0.018,2.0,56.0
간장게장,김,56,1,0.018,2.0,56.0
간장게장,통깨,56,1,0.018,2.0,56.0
간장게장,급냉게,56,1,0.018,2.0,56.0
간장게장,식초,56,1,0.018,2.0,56.0
간장게장,쌍화탕,56,1,0.018,2.0,56.0
간장게장,둥굴레,56,1,0.018,2.0,56.0
간장게장,와인,56,1,0.018,2.0,56.0
간장게장,쯔유,56,1,0.018,2.0,56.0
간장게장,포도청,56,1,0.018,2.0,56.0
간장게장,매실,56,1,0.018,2.0,56.0
갈비구이,마늘,57,53,0.93,54.0,5.0
갈비구이,간장,57,48,0.842,49.0,10.0
갈비구이,후춧가루,57,44,0.772,45.0,14.0
갈비구이,양파,57,33,0.579,34.0,25.0
갈비구이,맛술,57,33,0.579,34.0,25.0
갈비구이,돼지고기,57,30,0.526,31.0,28.0
갈비구이,대파,57,28,0.491,29.0,30.0
갈비구이,올리고당,57,27,0.474,28.0,31.0
갈비구이,설탕,57,26,0.456,27.0,32.0
갈비구이,참기름,57,19,0.333,20.0,39.0
갈비구이,갈비,57,16,0.281,17.0,42.0
갈비구이,생강,57,16,0.281,17.0,42.0
갈비구이,월계수잎,57,15,0.263,16.0,43.0
갈비구이,케첩,57,15,0.263,16.0,43.0
갈비구이,물,57,12,0.211,13.0,46.0
갈비구이,매실액,57,11,0.193,12.0,47.0
갈비구이,소주,57,11,0.193,12.0,47.0
갈비구이,스테이크소스,57,10,0.175,11.0,48.0
갈비구이,고춧가루,57,10,0.175,11.0,48.0
갈비구이,굴소스,57,9,0.158,10.0,49.0
갈비구이,식용유,57,9,0.158,10.0,49.0
갈비구이,소금,57,9,0.158,10.0,49.0
갈비구이,고추장,57,9,0.158,10.0,49.0
갈비구이,배,57,8,0.14,9.0,50.0
갈비구이,꿀,57,8,0.14,9.0,50.0
갈비구이,사과,57,7,0.123,8.0,51.0
갈비구이,된장,57,7,0.123,8.0,51.0
갈비구이,통깨,57,7,0.123,8.0,51.0
갈비구이,고등어,57,6,0.105,7.0,52.0
갈비구이,닭고기,57,5,0.088,6.0,53.0
갈비구이,청양고추,57,5,0.088,6.0,53.0
갈비구이,파슬리,57,5,0.088,6.0,53.0
갈비구이,버터,57,4,0.07,5.0,54.0
갈비구이,소고기,57,4,0.07,5.0,54.0
갈비구이,감자,57,4,0.07,5.0,54.0
갈비구이,레몬,57,3,0.053,4.0,55.0
갈비구이,잼,57,3,0.053,4.0,55.0
갈비구이,콜라,57,3,0.053,4.0,55.0
갈비구이,키위,57,3,0.053,4.0,55.0
갈비구이,당근,57,3,0.053,4.0,55.0
갈비구이,양배추,57,3,0.053,4.0,55.0
갈비구이,카레가루,57,3,0.053,4.0,55.0
갈비구이,매실,57,3,0.053,4.0,55.0
갈비구이,기름,57,2,0.035,3.0,56.0
갈비구이,허브솔트,57,2,0.035,3.0,56.0
갈비구이,바비큐소스,57,2,0.035,3.0,56.0
갈비구이,맥주,57,2,0.035,3.0,56.0
갈비구이,식초,57,2,0.035,3.0,56.0
갈비구이,배즙,57,2,0.035,3.0,56.0
갈비구이,허브,57,2,0.035,3.0,56.0
갈비구이,파프리카,57,2,0.035,3.0,56.0
갈비구이,핫소스,57,2,0.035,3.0,56.0
갈비구이,깻잎,57,2,0.035,3.0,56.0
갈비구이,고구마,57,2,0.035,3.0,56.0
갈비구이,케쳡,57,1,0.018,2.0,57.0
갈비구이,포도주,57,1,0.018,2.0,57.0
갈비구이,다시마,57,1,0.018,2.0,57.0
갈비구이,귤,57,1,0.018,2.0,57.0
갈비구이,복숭아,57,1,0.018,2.0,57.0
갈비구이,쌀뜨물,57,1,0.018,2.0,57.0
갈비구이,파인애플통조림,57,1,0.018,2.0,57.0
갈비구이,참치액,57,1,0.018,2.0,57.0
갈비구이,쪽파,57,1,0.018,2.0,57.0
갈비구이,우유,57,1,0.018,2.0,57.0
갈비구이,브로콜리,57,1,0.018,2.0,57.0
갈비구이,미향,57,1,0.018,2.0,57.0
갈비구이,파인애플,57,1,0.018,2.0,57.0
갈비구이,애호박,57,1,0.018,2.0,57.0
갈비구이,두부,57,1,0.018,2.0,57.0
갈비구이,육수,57,1,0.018,2.0,57.0
갈비구이,부침가루,57,1,0.018,2.0,57.0
갈비구이,계란,57,1,0.018,2.0,57.0
갈비구이,오이,57,1,0.018,2.0,57.0
갈비구이,쌈무,57,1,0.018,2.0,57.0
갈비구이,채소,57,1,0.018,2.0,57.0
갈비구이,피자핫소스,57,1,0.018,2.0,57.0
갈비구이,로즈마리,57,1,0.018,2.0,57.0
갈비구이,매운소스,57,1,0.018,2.0,57.0
갈비구이,샬롯,57,1,0.018,2.0,57.0
갈비구이,에어프라이기,57,1,0.018,2.0,57.0
갈비구이,양념장,57,1,0.018,2.0,57.0
갈비구이,새송이버섯,57,1,0.018,2.0,57.0
갈비구이,버섯,57,1,0.018,2.0,57.0
갈비구이,바질,57,1,0.018,2.0,57.0
갈비구이,정향,57,1,0.018,2.0,57.0
갈비구이,생크림,57,1,0.018,2.0,57.0
갈비구이,찹쌀가루,57,1,0.018,2.0,57.0
갈비구이,마요네즈,57,1,0.018,2.0,57.0
갈비구이,머스터드소스,57,1,0.018,2.0,57.0
갈비구이,들기름,57,1,0.018,2.0,57.0
갈비구이,고추기름,57,1,0.018,2.0,57.0
갈비구이,칠리소스,57,1,0.018,2.0,57.0
갈비구이,밀가루,57,1,0.018,2.0,57.0
갈비구이,튀김,57,1,0.018,2.0,57.0
갈비구이,샐러리,57,1,0.018,2.0,57.0
갈비구이,우스터소스,57,1,0.018,2.0,57.0
갈비구이,파인애플주스,57,1,0.018,2.0,57.0
갈비구이,떡,57,1,0.018,2.0,57.0
갈비찜,간장,58,58,1.0,59.0,1.0
갈비찜,마늘,58,58,1.0,59.0,1.0
갈비찜,설탕,58,47,0.81,48.0,12.0
갈비찜,양파,58,46,0.793,47.0,13.0
갈비찜,맛술,58,43,0.741,44.0,16.0
갈비찜,참기름,58,43,0.741,44.0,16.0
갈비찜,대파,58,41,0.707,42.0,18.0
갈비찜,당근,58,39,0.672,40.0,20.0
갈비찜,후춧가루,58,38,0.655,39.0,21.0
갈비찜,생강,58,35,0.603,36.0,24.0
갈비찜,돼지고기,58,32,0.552,33.0,27.0
갈비찜,물,58,32,0.552,33.0,27.0
갈비찜,올리고당,58,27,0.466,28.0,32.0
갈비찜,무,58,25,0.431,26.0,34.0
갈비찜,청양고추,58,21,0.362,22.0,38.0
갈비찜,갈비,58,21,0.362,22.0,38.0
갈비찜,감자,58,18,0.31,19.0,41.0
갈비찜,표고버섯,58,17,0.293,18.0,42.0
갈비찜,매실액,58,13,0.224,14.0,46.0
갈비찜,굴소스,58,13,0.224,14.0,46.0
갈비찜,고춧가루,58,12,0.207,13.0,47.0
갈비찜,배,58,12,0.207,13.0,47.0
갈비찜,밤,58,10,0.172,11.0,49.0
갈비찜,고추장,58,9,0.155,10.0,50.0
갈비찜,고추,58,9,0.155,10.0,50.0
갈비찜,월계수잎,58,7,0.121,8.0,52.0
갈비찜,소고기,58,6,0.103,7.0,53.0
갈비찜,사과,58,6,0.103,7.0,53.0
갈비찜,소금,58,5,0.086,6.0,54.0
갈비찜,은행,58,5,0.086,6.0,54.0
갈비찜,통깨,58,4,0.069,5.0,55.0
갈비찜,새송이버섯,58,4,0.069,5.0,55.0
갈비찜,소주,58,4,0.069,5.0,55.0
갈비찜,대추,58,4,0.069,5.0,55.0
갈비찜,멸치,58,3,0.052,4.0,56.0
갈비찜,술,58,2,0.034,3.0,57.0
갈비찜,떡,58,2,0.034,3.0,57.0
갈비찜,된장,58,2,0.034,3.0,57.0
갈비찜,파프리카,58,2,0.034,3.0,57.0
갈비찜,와인,58,2,0.034,3.0,57.0
갈비찜,버섯,58,1,0.017,2.0,58.0
갈비찜,쪽파,58,1,0.017,2.0,58.0
갈비찜,배추김치,58,1,0.017,2.0,58.0
갈비찜,과일즙,58,1,0.017,2.0,58.0
갈비찜,계피,58,1,0.017,2.0,58.0
갈비찜,잼,58,1,0.017,2.0,58.0
갈비찜,다시마,58,1,0.017,2.0,58.0
갈비찜,잣,58,1,0.017,2.0,58.0
갈비찜,계란,58,1,0.017,2.0,58.0
갈비찜,배즙,58,1,0.017,2.0,58.0
갈비찜,고구마,58,1,0.017,2.0,58.0
갈비찜,매실,58,1,0.017,2.0,58.0
갈비찜,육수,58,1,0.017,2.0,58.0
갈비찜,춘장,58,1,0.017,2.0,58.0
갈비찜,파인애플,58,1,0.017,2.0,58.0
갈비찜,콩나물,58,1,0.017,2.0,58.0
갈비찜,피망,58,1,0.017,2.0,58.0
갈비찜,바비큐소스,58,1,0.017,2.0,58.0
갈비찜,케첩,58,1,0.017,2.0,58.0
갈비찜,파슬리,58,1,0.017,2.0,58.0
갈비찜,치즈,58,1,0.017,2.0,58.0
갈비탕,대파,55,50,0.909,51.0,6.0
갈비탕,마늘,55,50,0.909,51.0,6.0
갈비탕,간장,55,46,0.836,47.0,10.0
갈비탕,갈비,55,45,0.818,46.0,11.0
갈비탕,무,55,44,0.8,45.0,12.0
갈비탕,양파,55,44,0.8,45.0,12.0
갈비탕,소금,55,42,0.764,43.0,14.0
갈비탕,후춧가루,55,38,0.691,39.0,18.0
갈비탕,물,55,24,0.436,25.0,32.0
갈비탕,생강,55,21,0.382,22.0,35.0
갈비탕,당면,55,18,0.327,19.0,38.0
갈비탕,대추,55,12,0.218,13.0,44.0
갈비탕,월계수잎,55,12,0.218,13.0,44.0
갈비탕,계란,55,12,0.218,13.0,44.0
갈비탕,다시마,55,10,0.182,11.0,46.0
갈비탕,소고기,55,8,0.145,9.0,48.0
갈비탕,설탕,55,8,0.145,9.0,48.0
갈비탕,맛술,55,7,0.127,8.0,49.0
갈비탕,멸치액젓,55,7,0.127,8.0,49.0
갈비탕,굴소스,55,6,0.109,7.0,50.0
갈비탕,참치액,55,6,0.109,7.0,50.0
갈비탕,표고버섯,55,5,0.091,6.0,51.0
갈비탕,소주,55,4,0.073,5.0,52.0
갈비탕,팽이버섯,55,4,0.073,5.0,52.0
갈비탕,청양고추,55,4,0.073,5.0,52.0
갈비탕,쪽파,55,4,0.073,5.0,52.0
갈비탕,식초,55,4,0.073,5.0,52.0
갈비탕,돼지고기,55,3,0.055,4.0,53.0
갈비탕,겨자,55,3,0.055,4.0,53.0
갈비탕,멸치,55,2,0.036,3.0,54.0
갈비탕,고추,55,2,0.036,3.0,54.0
갈비탕,감초,55,2,0.036,3.0,54.0
갈비탕,통깨,55,2,0.036,3.0,54.0
갈비탕,인삼,55,2,0.036,3.0,54.0
갈비탕,한방팩,55,1,0.018,2.0,55.0
갈비탕,다시팩,55,1,0.018,2.0,55.0
갈비탕,된장,55,1,0.018,2.0,55.0
갈비탕,술,55,1,0.018,2.0,55.0
갈비탕,샤브샤브,55,1,0.018,2.0,55.0
갈비탕,식용유,55,1,0.018,2.0,55.0
갈비탕,배,55,1,0.018,2.0,55.0
갈비탕,감자,55,1,0.018,2.0,55.0
갈비탕,올리고당,55,1,0.018,2.0,55.0
갈비탕,황기,55,1,0.018,2.0,55.0
갈비탕,삼계탕용한약재,55,1,0.018,2.0,55.0
갈비탕,고춧가루,55,1,0.018,2.0,55.0
갈비탕,참기름,55,1,0.018,2.0,55.0
갈비탕,배추,55,1,0.018,2.0,55.0
갈비탕,당근,55,1,0.018,2.0,55.0
갈비탕,계피,55,1,0.018,2.0,55.0
갈비탕,오렌지,55,1,0.018,2.0,55.0
갈비탕,정향,55,1,0.018,2.0,55.0
갈비탕,동태,55,1,0.018,2.0,55.0
갈비탕,미역,55,1,0.018,2.0,55.0
갈비탕,느타리버섯,55,1,0.018,2.0,55.0
갈비탕,육수,55,1,0.018,2.0,55.0
감자전,감자,59,58,0.983,59.0,2.0
감자전,소금,59,50,0.847,51.0,10.0
감자전,식용유,59,27,0.458,28.0,33.0
감자전,양파,59,21,0.356,22.0,39.0
감자전,청양고추,59,18,0.305,19.0,42.0
감자전,부침가루,59,14,0.237,15.0,46.0
감자전,간장,59,13,0.22,14.0,47.0
감자전,후춧가루,59,12,0.203,13.0,48.0
감자전,물,59,12,0.203,13.0,48.0
감자전,식초,59,11,0.186,12.0,49.0
감자전,고추,59,10,0.169,11.0,50.0
감자전,당근,59,10,0.169,11.0,50.0
감자전,전분,59,10,0.169,11.0,50.0
감자전,애호박,59,6,0.102,7.0,54.0
감자전,치즈,59,5,0.085,6.0,55.0
감자전,통깨,59,5,0.085,6.0,55.0
감자전,대파,59,5,0.085,6.0,55.0
감자전,계란,59,5,0.085,6.0,55.0
감자전,밀가루,59,5,0.085,6.0,55.0
감자전,베이컨,59,4,0.068,5.0,56.0
감자전,설탕,59,4,0.068,5.0,56.0
감자전,고춧가루,59,4,0.068,5.0,56.0
감자전,케첩,59,3,0.051,4.0,57.0
감자전,돼지고기,59,3,0.051,4.0,57.0
감자전,튀김가루,59,2,0.034,3.0,58.0
감자전,파슬리,59,2,0.034,3.0,58.0
감자전,새우,59,2,0.034,3.0,58.0
감자전,기름,59,2,0.034,3.0,58.0
감자전,햄,59,2,0.034,3.0,58.0
감자전,매실액,59,2,0.034,3.0,58.0
감자전,참기름,59,2,0.034,3.0,58.0
감자전,부추,59,2,0.034,3.0,58.0
감자전,빵가루,59,1,0.017,2.0,59.0
감자전,연근,59,1,0.017,2.0,59.0
감자전,참치액,59,1,0.017,2.0,59.0
감자전,피망,59,1,0.017,2.0,59.0
감자전,핫소스,59,1,0.017,2.0,59.0
감자전,버터,59,1,0.017,2.0,59.0
감자전,우유,59,1,0.017,2.0,59.0
감자전,레몬,59,1,0.017,2.0,59.0
감자전,들기름,59,1,0.017,2.0,59.0
감자전,양배추,59,1,0.017,2.0,59.0
감자전,맛술,59,1,0.017,2.0,59.0
감자전,마늘,59,1,0.017,2.0,59.0
감자탕,마늘,58,56,0.966,57.0,3.0
감자탕,고춧가루,58,54,0.931,55.0,5.0
감자탕,감자,58,52,0.897,53.0,7.0
감자탕,된장,58,51,0.879,52.0,8.0
감자탕,돼지고기,58,46,0.793,47.0,13.0
감자탕,대파,58,46,0.793,47.0,13.0
감자탕,들깨,58,43,0.741,44.0,16.0
감자탕,간장,58,36,0.621,37.0,23.0
감자탕,깻잎,58,33,0.569,34.0,26.0
감자탕,양파,58,33,0.569,34.0,26.0
감자탕,고추장,58,31,0.534,32.0,28.0
감자탕,생강,58,29,0.5,30.0,30.0
감자탕,후춧가루,58,29,0.5,30.0,30.0
감자탕,청양고추,58,27,0.466,28.0,32.0
감자탕,시래기,58,22,0.379,23.0,37.0
감자탕,물,58,21,0.362,22.0,38.0
감자탕,월계수잎,58,20,0.345,21.0,39.0
감자탕,맛술,58,19,0.328,20.0,40.0
감자탕,소금,58,14,0.241,15.0,45.0
감자탕,멸치액젓,58,13,0.224,14.0,46.0
감자탕,소주,58,12,0.207,13.0,47.0
감자탕,배추,58,8,0.138,9.0,51.0
감자탕,고추,58,8,0.138,9.0,51.0
감자탕,설탕,58,8,0.138,9.0,51.0
감자탕,배추김치,58,8,0.138,9.0,51.0
감자탕,무,58,6,0.103,7.0,53.0
감자탕,멸치,58,6,0.103,7.0,53.0
감자탕,얼갈이,58,5,0.086,6.0,54.0
감자탕,새우젓,58,5,0.086,6.0,54.0
감자탕,커피가루,58,4,0.069,5.0,55.0
감자탕,참기름,58,4,0.069,5.0,55.0
감자탕,다시마,58,4,0.069,5.0,55.0
감자탕,월개수잎,58,3,0.052,4.0,56.0
감자탕,팽이버섯,58,3,0.052,4.0,56.0
감자탕,육수,58,3,0.052,4.0,56.0
감자탕,식용유,58,3,0.052,4.0,56.0
감자탕,다시다,58,3,0.052,4.0,56.0
감자탕,애호박,58,3,0.052,4.0,56.0
감자탕,깻순,58,2,0.034,3.0,57.0
감자탕,참치,58,2,0.034,3.0,57.0
감자탕,소고기,58,2,0.034,3.0,57.0
감자탕,등뼈,58,2,0.034,3.0,57.0
감자탕,쌀뜨물,58,2,0.034,3.0,57.0
감자탕,쪽파,58,2,0.034,3.0,57.0
감자탕,햄,58,2,0.034,3.0,57.0
감자탕,사과,58,1,0.017,2.0,58.0
감자탕,뼈,58,1,0.017,2.0,58.0
감자탕,MSG,58,1,0.017,2.0,58.0
감자탕,콩나물,58,1,0.017,2.0,58.0
감자탕,계란,58,1,0.017,2.0,58.0
감자탕,밥,58,1,0.017,2.0,58.0
감자탕,매실액,58,1,0.017,2.0,58.0
감자탕,김,58,1,0.017,2.0,58.0
감자탕,매실,58,1,0.017,2.0,58.0
감자탕,등뼈삶은물,58,1,0.017,2.0,58.0
감자탕,콩가루,58,1,0.017,2.0,58.0
감자탕,참치액,58,1,0.017,2.0,58.0
감자탕,올리고당,58,1,0.017,2.0,58.0
감자탕,들기름,58,1,0.017,2.0,58.0
감자탕,대추,58,1,0.017,2.0,58.0
감자탕,양배추,58,1,0.017,2.0,58.0
감자탕,당근,58,1,0.017,2.0,58.0
감자탕,버섯,58,1,0.017,2.0,58.0
감자탕,곤약,58,1,0.017,2.0,58.0
감자탕,콩,58,1,0.017,2.0,58.0
갓김치,마늘,58,44,0.759,45.0,15.0
갓김치,고춧가루,58,41,0.707,42.0,18.0
갓김치,갓,58,37,0.638,38.0,22.0
갓김치,소금,58,34,0.586,35.0,25.0
갓김치,멸치액젓,58,34,0.586,35.0,25.0
갓김치,생강,58,31,0.534,32.0,28.0
갓김치,물,58,25,0.431,26.0,34.0
갓김치,양파,58,24,0.414,25.0,35.0
갓김치,통깨,58,23,0.397,24.0,36.0
갓김치,새우젓,58,22,0.379,23.0,37.0
갓김치,배추김치,58,20,0.345,21.0,39.0
갓김치,매실액,58,19,0.328,20.0,40.0
갓김치,쪽파,58,18,0.31,19.0,41.0
갓김치,설탕,58,18,0.31,19.0,41.0
갓김치,찹쌀가루,58,15,0.259,16.0,44.0
갓김치,고추,58,14,0.241,15.0,45.0
갓김치,배,58,13,0.224,14.0,46.0
갓김치,대파,58,13,0.224,14.0,46.0
갓김치,사과,58,12,0.207,13.0,47.0
갓김치,멸치,58,11,0.19,12.0,48.0
갓김치,찹쌀풀,58,9,0.155,10.0,50.0
갓김치,참기름,58,9,0.155,10.0,50.0
갓김치,무,58,8,0.138,9.0,51.0
갓김치,밥,58,8,0.138,9.0,51.0
갓김치,육수,58,6,0.103,7.0,53.0
갓김치,청양고추,58,6,0.103,7.0,53.0
갓김치,들기름,58,6,0.103,7.0,53.0
갓김치,밀가루,58,5,0.086,6.0,54.0
갓김치,새우,58,5,0.086,6.0,54.0
갓김치,다시마,58,4,0.069,5.0,55.0
갓김치,배즙,58,4,0.069,5.0,55.0
갓김치,간장,58,4,0.069,5.0,55.0
갓김치,맛술,58,4,0.069,5.0,55.0
갓김치,고추장,58,4,0.069,5.0,55.0
갓김치,계란,58,4,0.069,5.0,55.0
갓김치,올리고당,58,4,0.069,5.0,55.0
갓김치,후춧가루,58,4,0.069,5.0,55.0
갓김치,표고버섯,58,3,0.052,4.0,56.0
갓김치,멥쌀가루,58,3,0.052,4.0,56.0
갓김치,매실,58,3,0.052,4.0,56.0
갓김치,당근,58,3,0.052,4.0,56.0
갓김치,다시다,58,3,0.052,4.0,56.0
갓김치,고등어,58,3,0.052,4.0,56.0
갓김치,된장,58,3,0.052,4.0,56.0
갓김치,황석어젓,58,2,0.034,3.0,57.0
갓김치,참치,58,2,0.034,3.0,57.0
갓김치,조미료,58,2,0.034,3.0,57.0
갓김치,돼지고기,58,2,0.034,3.0,57.0
갓김치,식초,58,2,0.034,3.0,57.0
갓김치,식용유,58,2,0.034,3.0,57.0
갓김치,뉴슈거,58,1,0.017,2.0,58.0
갓김치,부추,58,1,0.017,2.0,58.0
갓김치,장아찌원액,58,1,0.017,2.0,58.0
갓김치,복숭아,58,1,0.017,2.0,58.0
갓김치,절임용물,58,1,0.017,2.0,58.0
갓김치,김,58,1,0.017,2.0,58.0
갓김치,떡,58,1,0.017,2.0,58.0
갓김치,뉴슈가,58,1,0.017,2.0,58.0
갓김치,알롤로스,58,1,0.017,2.0,58.0
갓김치,멜젓,58,1,0.017,2.0,58.0
갓김치,두부,58,1,0.017,2.0,58.0
갓김치,애호박,58,1,0.017,2.0,58.0
갓김치,소면,58,1,0.017,2.0,58.0
갓김치,베이컨,58,1,0.017,2.0,58.0
갓김치,오이,58,1,0.017,2.0,58.0
갓김치,홍시,58,1,0.017,2.0,58.0
갓김치,들깨,58,1,0.017,2.0,58.0
갓김치,오징어,58,1,0.017,2.0,58.0
갓김치,부침가루,58,1,0.017,2.0,58.0
갓김치,햄,58,1,0.017,2.0,58.0
갓김치,김치국물,58,1,0.017,2.0,58.0
갓김치,굴소스,58,1,0.017,2.0,58.0
경단,소금,51,33,0.647,34.0,19.0
경단,찹쌀가루,51,32,0.627,33.0,20.0
경단,물,51,26,0.51,27.0,26.0
경단,설탕,51,25,0.49,26.0,27.0
경단,카스테라,51,21,0.412,22.0,31.0
경단,통깨,51,16,0.314,17.0,36.0
경단,고구마,51,13,0.255,14.0,39.0
경단,꿀,51,11,0.216,12.0,41.0
경단,콩가루,51,7,0.137,8.0,45.0
경단,견과류,51,7,0.137,8.0,45.0
경단,계피,51,6,0.118,7.0,46.0
경단,팥,51,6,0.118,7.0,46.0
경단,녹차가루,51,4,0.078,5.0,48.0
경단,대추,51,4,0.078,5.0,48.0
경단,바나나,51,4,0.078,5.0,48.0
경단,찹쌀,51,4,0.078,5.0,48.0
경단,빵,51,3,0.059,4.0,49.0
경단,애호박,51,3,0.059,4.0,49.0
경단,생강,51,3,0.059,4.0,49.0
경단,올리고당,51,3,0.059,4.0,49.0
경단,우유,51,3,0.059,4.0,49.0
경단,밤,51,3,0.059,4.0,49.0
경단,멥쌀가루,51,2,0.039,3.0,50.0
경단,수수가루,51,2,0.039,3.0,50.0
경단,아몬드,51,2,0.039,3.0,50.0
경단,건포도,51,2,0.039,3.0,50.0
경단,치즈,51,2,0.039,3.0,50.0
경단,잣,51,2,0.039,3.0,50.0
경단,참기름,51,2,0.039,3.0,50.0
경단,감자,51,2,0.039,3.0,50.0
경단,사과,51,2,0.039,3.0,50.0
경단,레몬,51,2,0.039,3.0,50.0
경단,백앙금,51,2,0.039,3.0,50.0
경단,백련초가루,51,2,0.039,3.0,50.0
경단,전분,51,2,0.039,3.0,50.0
경단,후춧가루,51,1,0.02,2.0,51.0
경단,바나나중간크기,51,1,0.02,2.0,51.0
경단,오레오과자,51,1,0.02,2.0,51.0
경단,제티바나나가루,51,1,0.02,2.0,51.0
경단,사브레과자,51,1,0.02,2.0,51.0
경단,앙금,51,1,0.02,2.0,51.0
경단,끓은물,51,1,0.02,2.0,51.0
경단,코코아가루,51,1,0.02,2.0,51.0
경단,딸기가루,51,1,0.02,2.0,51.0
경단,피스타치오,51,1,0.02,2.0,51.0
경단,미숫가루,51,1,0.02,2.0,51.0
경단,초코제누와즈,51,1,0.02,2.0,51.0
경단,수수,51,1,0.02,2.0,51.0
경단,복숭아,51,1,0.02,2.0,51.0
경단,들깨,51,1,0.02,2.0,51.0
경단,백년초가루,51,1,0.02,2.0,51.0
경단,건과일,51,1,0.02,2.0,51.0
경단,포도,51,1,0.02,2.0,51.0
경단,인삼,51,1,0.02,2.0,51.0
경단,탄산수,51,1,0.02,2.0,51.0
경단,닭고기,51,1,0.02,2.0,51.0
경단,맛술,51,1,0.02,2.0,51.0
경단,간장,51,1,0.02,2.0,51.0
경단,계란,51,1,0.02,2.0,51.0
경단,대파,51,1,0.02,2.0,51.0
경단,쯔유,51,1,0.02,2.0,51.0
경단,엿물,51,1,0.02,2.0,51.0
경단,쑥,51,1,0.02,2.0,51.0
경단,호두,51,1,0.02,2.0,51.0
경단,땅콩,51,1,0.02,2.0,51.0
경단,밥,51,1,0.02,2.0,51.0
경단,다시마,51,1,0.02,2.0,51.0
경단,요구르트,51,1,0.02,2.0,51.0
경단,생율,51,1,0.02,2.0,51.0
계란말이,계란,60,59,0.983,60.0,2.0
계란말이,소금,60,48,0.8,49.0,13.0
계란말이,대파,60,24,0.4,25.0,37.0
계란말이,식용유,60,24,0.4,25.0,37.0
계란말이,당근,60,20,0.333,21.0,41.0
계란말이,설탕,60,16,0.267,17.0,45.0
계란말이,양파,60,16,0.267,17.0,45.0
계란말이,맛술,60,12,0.2,13.0,49.0
계란말이,햄,60,10,0.167,11.0,51.0
계란말이,후춧가루,60,9,0.15,10.0,52.0
계란말이,참기름,60,9,0.15,10.0,52.0
계란말이,물,60,8,0.133,9.0,53.0
계란말이,통깨,60,7,0.117,8.0,54.0
계란말이,김,60,7,0.117,8.0,54.0
계란말이,밥,60,7,0.117,8.0,54.0
계란말이,케첩,60,6,0.1,7.0,55.0
계란말이,참치,60,6,0.1,7.0,55.0
계란말이,우유,60,5,0.083,6.0,56.0
계란말이,맛살,60,5,0.083,6.0,56.0
계란말이,마늘,60,5,0.083,6.0,56.0
계란말이,애호박,60,5,0.083,6.0,56.0
계란말이,치즈,60,5,0.083,6.0,56.0
계란말이,마요네즈,60,5,0.083,6.0,56.0
계란말이,쪽파,60,4,0.067,5.0,57.0
계란말이,청양고추,60,4,0.067,5.0,57.0
계란말이,간장,60,4,0.067,5.0,57.0
계란말이,파프리카,60,3,0.05,4.0,58.0
계란말이,쯔유,60,2,0.033,3.0,59.0
계란말이,명란젓,60,2,0.033,3.0,59.0
계란말이,깻잎,60,2,0.033,3.0,59.0
계란말이,두부,60,2,0.033,3.0,59.0
계란말이,다시마,60,2,0.033,3.0,59.0
계란말이,고추,60,2,0.033,3.0,59.0
계란말이,피망,60,2,0.033,3.0,59.0
계란말이,배추김치,60,2,0.033,3.0,59.0
계란말이,기름,60,2,0.033,3.0,59.0
계란말이,파슬리,60,2,0.033,3.0,59.0
계란말이,어린잎,60,1,0.017,2.0,60.0
계란말이,유정란,60,1,0.017,2.0,60.0
계란말이,돼지고기,60,1,0.017,2.0,60.0
계란말이,캐찹,60,1,0.017,2.0,60.0
계란말이,식초,60,1,0.017,2.0,60.0
계란말이,고추냉이,60,1,0.017,2.0,60.0
계란말이,매생이,60,1,0.017,2.0,60.0
계란말이,야채자유롭게,60,1,0.017,2.0,60.0
계란말이,고추장,60,1,0.017,2.0,60.0
계란말이,매실액,60,1,0.017,2.0,60.0
계란말이,브로콜리,60,1,0.017,2.0,60.0
계란말이,부추,60,1,0.017,2.0,60.0
계란말이,소시지,60,1,0.017,2.0,60.0
계란말이,팽이버섯,60,1,0.017,2.0,60.0
계란말이,꽃게,60,1,0.017,2.0,60.0
계란말이,레몬,60,1,0.017,2.0,60.0
계란말이,새우,60,1,0.017,2.0,60.0
계란말이,굴소스,60,1,0.017,2.0,60.0
계란말이,참치액,60,1,0.017,2.0,60.0
고기전,계란,59,58,0.983,59.0,2.0
고기전,소고기,59,49,0.831,50.0,11.0
고기전,후춧가루,59,40,0.678,41.0,20.0
고기전,소금,59,35,0.593,36.0,25.0
고기전,간장,59,25,0.424,26.0,35.0
고기전,식용유,59,23,0.39,24.0,37.0
고기전,부침가루,59,20,0.339,21.0,40.0
고기전,참기름,59,18,0.305,19.0,42.0
고기전,밀가루,59,16,0.271,17.0,44.0
고기전,찹쌀가루,59,16,0.271,17.0,44.0
고기전,식초,59,15,0.254,16.0,45.0
고기전,마늘,59,15,0.254,16.0,45.0
고기전,통깨,59,14,0.237,15.0,46.0
고기전,양파,59,14,0.237,15.0,46.0
고기전,설탕,59,14,0.237,15.0,46.0
고기전,맛술,59,14,0.237,15.0,46.0
고기전,대파,59,13,0.22,14.0,47.0
고기전,고춧가루,59,10,0.169,11.0,50.0
고기전,매실액,59,6,0.102,7.0,54.0
고기전,전분,59,6,0.102,7.0,54.0
고기전,튀김가루,59,5,0.085,6.0,55.0
고기전,부추,59,5,0.085,6.0,55.0
고기전,겨자,59,5,0.085,6.0,55.0
고기전,돼지고기,59,5,0.085,6.0,55.0
고기전,올리고당,59,5,0.085,6.0,55.0
고기전,청양고추,59,4,0.068,5.0,56.0
고기전,파프리카,59,4,0.068,5.0,56.0
고기전,멸치액젓,59,4,0.068,5.0,56.0
고기전,쪽파,59,3,0.051,4.0,57.0
고기전,허브솔트,59,3,0.051,4.0,57.0
고기전,치커리,59,3,0.051,4.0,57.0
고기전,배,59,3,0.051,4.0,57.0
고기전,물,59,3,0.051,4.0,57.0
고기전,기름,59,3,0.051,4.0,57.0
고기전,부채살,59,3,0.051,4.0,57.0
고기전,고추,59,2,0.034,3.0,58.0
고기전,멥쌀가루,59,2,0.034,3.0,58.0
고기전,사과,59,2,0.034,3.0,58.0
고기전,고추장,59,1,0.017,2.0,59.0
고기전,표고버섯,59,1,0.017,2.0,59.0
고기전,채소,59,1,0.017,2.0,59.0
고기전,당근,59,1,0.017,2.0,59.0
고기전,얇게썬부챗살,59,1,0.017,2.0,59.0
고기전,고추기름,59,1,0.017,2.0,59.0
고기전,배즙,59,1,0.017,2.0,59.0
고기전,잣,59,1,0.017,2.0,59.0
고기전,대추,59,1,0.017,2.0,59.0
고기전,참치액,59,1,0.017,2.0,59.0
고기전,뚝딱맛내기장,59,1,0.017,2.0,59.0
고기전,생강,59,1,0.017,2.0,59.0
고기전,굴소스,59,1,0.017,2.0,59.0
고기전,갈비,59,1,0.017,2.0,59.0
고기전,무,59,1,0.017,2.0,59.0
고기전,솔트,59,1,0.017,2.0,59.0
고기전,참나물,59,1,0.017,2.0,59.0
고기전,매실,59,1,0.017,2.0,59.0
고기전,쑥갓,59,1,0.017,2.0,59.0
고기전,미나리,59,1,0.017,2.0,59.0
고기전,들기름,59,1,0.017,2.0,59.0
고기전,닭고기,59,1,0.017,2.0,59.0
고기전,라이스페이퍼,59,1,0.017,2.0,59.0
고기전,고추냉이,59,1,0.017,2.0,59.0
고기전,육전용고기,59,1,0.017,2.0,59.0
곰탕,대파,59,50,0.847,51.0,10.0
곰탕,마늘,59,45,0.763,46.0,15.0
곰탕,후춧가루,59,39,0.661,40.0,21.0
곰탕,소금,59,30,0.508,31.0,30.0
곰탕,양파,59,28,0.475,29.0,32.0
곰탕,닭고기,59,25,0.424,26.0,35.0
곰탕,간장,59,22,0.373,23.0,38.0
곰탕,물,59,19,0.322,20.0,41.0
곰탕,고춧가루,59,17,0.288,18.0,43.0
곰탕,사골,59,16,0.271,17.0,44.0
곰탕,소고기,59,14,0.237,15.0,46.0
곰탕,무,59,14,0.237,15.0,46.0
곰탕,청양고추,59,13,0.22,14.0,47.0
곰탕,맛술,59,10,0.169,11.0,50.0
곰탕,생강,59,9,0.153,10.0,51.0
곰탕,계란,59,9,0.153,10.0,51.0
곰탕,멸치액젓,59,8,0.136,9.0,52.0
곰탕,월계수잎,59,7,0.119,8.0,53.0
곰탕,쪽파,59,6,0.102,7.0,54.0
곰탕,참기름,59,5,0.085,6.0,55.0
곰탕,새우젓,59,5,0.085,6.0,55.0
곰탕,라면,59,5,0.085,6.0,55.0
곰탕,떡,59,5,0.085,6.0,55.0
곰탕,돼지고기,59,4,0.068,5.0,56.0
곰탕,다시마,59,4,0.068,5.0,56.0
곰탕,소주,59,4,0.068,5.0,56.0
곰탕,버섯,59,4,0.068,5.0,56.0
곰탕,당면,59,4,0.068,5.0,56.0
곰탕,대추,59,4,0.068,5.0,56.0
곰탕,순대,59,3,0.051,4.0,57.0
곰탕,만두,59,3,0.051,4.0,57.0
곰탕,밥,59,3,0.051,4.0,57.0
곰탕,쌀뜨물,59,3,0.051,4.0,57.0
곰탕,애호박,59,3,0.051,4.0,57.0
곰탕,올리고당,59,2,0.034,3.0,58.0
곰탕,햄,59,2,0.034,3.0,58.0
곰탕,소시지,59,2,0.034,3.0,58.0
곰탕,배추김치,59,2,0.034,3.0,58.0
곰탕,부추,59,2,0.034,3.0,58.0
곰탕,표고버섯,59,2,0.034,3.0,58.0
곰탕,밀가루,59,2,0.034,3.0,58.0
곰탕,들깨,59,2,0.034,3.0,58.0
곰탕,식용유,59,2,0.034,3.0,58.0
곰탕,숙주,59,2,0.034,3.0,58.0
곰탕,인삼,59,2,0.034,3.0,58.0
곰탕,배추,59,1,0.017,2.0,59.0
곰탕,고기,59,1,0.017,2.0,59.0
곰탕,사과,59,1,0.017,2.0,59.0
곰탕,된장,59,1,0.017,2.0,59.0
곰탕,식초,59,1,0.017,2.0,59.0
곰탕,우엉,59,1,0.017,2.0,59.0
곰탕,당근,59,1,0.017,2.0,59.0
곰탕,곰솥은,59,1,0.017,2.0,59.0
곰탕,소내장,59,1,0.017,2.0,59.0
곰탕,곱창,59,1,0.017,2.0,59.0
곰탕,전분,59,1,0.017,2.0,59.0
곰탕,콩나물,59,1,0.017,2.0,59.0
곰탕,뉴슈가,59,1,0.017,2.0,59.0
곰탕,매실액,59,1,0.017,2.0,59.0
곰탕,베이크드빈스,59,1,0.017,2.0,59.0
곰탕,치즈,59,1,0.017,2.0,59.0
곰탕,고추장,59,1,0.017,2.0,59.0
곰탕,황태,59,1,0.017,2.0,59.0
곰탕,두부,59,1,0.017,2.0,59.0
곰탕,고추,59,1,0.017,2.0,59.0
곰탕,육수,59,1,0.017,2.0,59.0
곰탕,감자,59,1,0.017,2.0,59.0
곰탕,소면,59,1,0.017,2.0,59.0
곰탕,참치액,59,1,0.017,2.0,59.0
곰탕,곰탕,59,1,0.017,2.0,59.0
곰탕,칼국수면,59,1,0.017,2.0,59.0
곰탕,들기름,59,1,0.017,2.0,59.0
곰탕,곰국,59,1,0.017,2.0,59.0
곰탕,김,59,1,0.017,2.0,59.0
곰탕,삼계탕재료,59,1,0.017,2.0,59.0
곰탕,참치,59,1,0.017,2.0,59.0
곰탕,미역,59,1,0.017,2.0,59.0
곱창전골,마늘,59,50,0.847,51.0,10.0
곱창전골,간장,59,45,0.763,46.0,15.0
곱창전골,양파,59,43,0.729,44.0,17.0
곱창전골,대파,59,42,0.712,43.0,18.0
곱창전골,고춧가루,59,42,0.712,43.0,18.0
곱창전골,곱창,59,28,0.475,29.0,32.0
곱창전골,물,59,28,0.475,29.0,32.0
곱창전골,후춧가루,59,28,0.475,29.0,32.0
곱창전골,맛술,59,24,0.407,25.0,36.0
곱창전골,고추장,59,24,0.407,25.0,36.0
곱창전골,팽이버섯,59,23,0.39,24.0,37.0
곱창전골,사골,59,22,0.373,23.0,38.0
곱창전골,깻잎,59,21,0.356,22.0,39.0
곱창전골,된장,59,21,0.356,22.0,39.0
곱창전골,청양고추,59,19,0.322,20.0,41.0
곱창전골,설탕,59,18,0.305,19.0,42.0
곱창전골,느타리버섯,59,17,0.288,18.0,43.0
곱창전골,당면,59,17,0.288,18.0,43.0
곱창전골,소고기,59,17,0.288,18.0,43.0
곱창전골,생강,59,16,0.271,17.0,44.0
곱창전골,표고버섯,59,15,0.254,16.0,45.0
곱창전골,들깨,59,14,0.237,15.0,46.0
곱창전골,배추,59,13,0.22,14.0,47.0
곱창전골,멸치액젓,59,12,0.203,13.0,48.0
곱창전골,소금,59,12,0.203,13.0,48.0
곱창전골,소주,59,10,0.169,11.0,50.0
곱창전골,두부,59,9,0.153,10.0,51.0
곱창전골,부추,59,9,0.153,10.0,51.0
곱창전골,고추,59,9,0.153,10.0,51.0
곱창전골,참기름,59,9,0.153,10.0,51.0
곱창전골,애호박,59,8,0.136,9.0,52.0
곱창전골,당근,59,8,0.136,9.0,52.0
곱창전골,양배추,59,8,0.136,9.0,52.0
곱창전골,매실액,59,8,0.136,9.0,52.0
곱창전골,돼지고기,59,8,0.136,9.0,52.0
곱창전골,쑥갓,59,7,0.119,8.0,53.0
곱창전골,육수,59,7,0.119,8.0,53.0
곱창전골,새송이버섯,59,7,0.119,8.0,53.0
곱창전골,멸치,59,7,0.119,8.0,53.0
곱창전골,무,59,6,0.102,7.0,54.0
곱창전골,대창,59,5,0.085,6.0,55.0
곱창전골,배추김치,59,5,0.085,6.0,55.0
곱창전골,떡,59,5,0.085,6.0,55.0
곱창전골,우동면,59,5,0.085,6.0,55.0
곱창전골,만두,59,5,0.085,6.0,55.0
곱창전골,다시마,59,5,0.085,6.0,55.0
곱창전골,순대,59,4,0.068,5.0,56.0
곱창전골,양송이버섯,59,4,0.068,5.0,56.0
곱창전골,버섯,59,4,0.068,5.0,56.0
곱창전골,청경채,59,4,0.068,5.0,56.0
곱창전골,감자,59,4,0.068,5.0,56.0
곱창전골,새우젓,59,3,0.051,4.0,57.0
곱창전골,식초,59,3,0.051,4.0,57.0
곱창전골,다시다,59,3,0.051,4.0,57.0
곱창전골,쪽파,59,3,0.051,4.0,57.0
곱창전골,참치액,59,3,0.051,4.0,57.0
곱창전골,술,59,3,0.051,4.0,57.0
곱창전골,콩나물,59,3,0.051,4.0,57.0
곱창전골,미나리,59,2,0.034,3.0,58.0
곱창전골,통깨,59,2,0.034,3.0,58.0
곱창전골,계란,59,2,0.034,3.0,58.0
곱창전골,라면,59,2,0.034,3.0,58.0
곱창전골,소대창,59,2,0.034,3.0,58.0
곱창전골,소내장,59,2,0.034,3.0,58.0
곱창전골,봄동,59,2,0.034,3.0,58.0
곱창전골,소시지,59,2,0.034,3.0,58.0
곱창전골,닭고기,59,2,0.034,3.0,58.0
곱창전골,해물,59,1,0.017,2.0,59.0
곱창전골,냉이,59,1,0.017,2.0,59.0
곱창전골,쌀뜨물,59,1,0.017,2.0,59.0
곱창전골,갈비,59,1,0.017,2.0,59.0
곱창전골,갈치속젓,59,1,0.017,2.0,59.0
곱창전골,양념장,59,1,0.017,2.0,59.0
곱창전골,밥,59,1,0.017,2.0,59.0
곱창전골,김,59,1,0.017,2.0,59.0
곱창전골,깻닢,59,1,0.017,2.0,59.0
곱창전골,월계수잎,59,1,0.017,2.0,59.0
곱창전골,소양,59,1,0.017,2.0,59.0
곱창전골,밀가루,59,1,0.017,2.0,59.0
곱창전골,소내장삶은거,59,1,0.017,2.0,59.0
곱창전골,시래기,59,1,0.017,2.0,59.0
곱창전골,햄,59,1,0.017,2.0,59.0
곱창전골,베이크드빈스,59,1,0.017,2.0,59.0
곱창전골,치즈,59,1,0.017,2.0,59.0
곱창전골,목이버섯,59,1,0.017,2.0,59.0
곱창전골,마라상궈소스,59,1,0.017,2.0,59.0
곱창전골,숙주,59,1,0.017,2.0,59.0
곱창전골,미소,59,1,0.017,2.0,59.0
곱창전골,훠궈백탕소스,59,1,0.017,2.0,59.0
곱창전골,굴소스,59,1,0.017,2.0,59.0
곱창전골,고수,59,1,0.017,2.0,59.0
곱창전골,흙당,59,1,0.017,2.0,59.0
곱창전골,소창,59,1,0.017,2.0,59.0
곱창전골,염통,59,1,0.017,2.0,59.0
곱창전골,소양슬라이스,59,1,0.017,2.0,59.0
곱창전골,전골양념,59,1,0.017,2.0,59.0
곱창전골,각종야채,59,1,0.017,2.0,59.0
곱창전골,차슈,59,1,0.017,2.0,59.0
곱창전골,적근대,59,1,0.017,2.0,59.0
곱창전골,페퍼홀,59,1,0.017,2.0,59.0
곱창전골,배,59,1,0.017,2.0,59.0
곱창전골,수제비,59,1,0.017,2.0,59.0
곱창전골,식용유,59,1,0.017,2.0,59.0
곱창전골,겨자,59,1,0.017,2.0,59.0
곱창전골,요리에센스,59,1,0.017,2.0,59.0
곱창전골,낙지,59,1,0.017,2.0,59.0
곱창전골,새송이,59,1,0.017,2.0,59.0
곱창전골,느타리,59,1,0.017,2.0,59.0
곱창전골,꽃게,59,1,0.017,2.0,59.0
곱창전골,올리고당,59,1,0.017,2.0,59.0
김밥,밥,55,41,0.745,42.0,15.0
김밥,참기름,55,41,0.745,42.0,15.0
김밥,소금,55,38,0.691,39.0,18.0
김밥,김,55,37,0.673,38.0,19.0
김밥,당근,55,36,0.655,37.0,20.0
김밥,계란,55,36,0.655,37.0,20.0
김밥,단무지,55,32,0.582,33.0,24.0
김밥,햄,55,29,0.527,30.0,27.0
김밥,통깨,55,22,0.4,23.0,34.0
김밥,맛살,55,20,0.364,21.0,36.0
김밥,간장,55,19,0.345,20.0,37.0
김밥,설탕,55,16,0.291,17.0,40.0
김밥,어묵,55,15,0.273,16.0,41.0
김밥,우엉,55,15,0.273,16.0,41.0
김밥,시금치,55,14,0.255,15.0,42.0
김밥,오이,55,12,0.218,13.0,44.0
김밥,올리고당,55,10,0.182,11.0,46.0
김밥,식용유,55,10,0.182,11.0,46.0
김밥,깻잎,55,9,0.164,10.0,47.0
김밥,물,55,9,0.164,10.0,47.0
김밥,식초,55,8,0.145,9.0,48.0
김밥,맛술,55,7,0.127,8.0,49.0
김밥,파프리카,55,6,0.109,7.0,50.0
김밥,마늘,55,6,0.109,7.0,50.0
김밥,후춧가루,55,6,0.109,7.0,50.0
김밥,치즈,55,6,0.109,7.0,50.0
김밥,참치,55,6,0.109,7.0,50.0
김밥,소시지,55,5,0.091,6.0,51.0
김밥,겨자,55,5,0.091,6.0,51.0
김밥,쌀,55,4,0.073,5.0,52.0
김밥,대파,55,4,0.073,5.0,52.0
김밥,고춧가루,55,4,0.073,5.0,52.0
김밥,청양고추,55,4,0.073,5.0,52.0
김밥,매실액,55,4,0.073,5.0,52.0
김밥,양파,55,3,0.055,4.0,53.0
김밥,멸치액젓,55,3,0.055,4.0,53.0
김밥,마요네즈,55,3,0.055,4.0,53.0
김밥,부추,55,2,0.036,3.0,54.0
김밥,소고기,55,2,0.036,3.0,54.0
김밥,고추장,55,2,0.036,3.0,54.0
김밥,멸치,55,2,0.036,3.0,54.0
김밥,버터,55,2,0.036,3.0,54.0
김밥,배추김치,55,2,0.036,3.0,54.0
김밥,애호박,55,2,0.036,3.0,54.0
김밥,양배추,55,1,0.018,2.0,55.0
김밥,쌈무,55,1,0.018,2.0,55.0
김밥,들기름,55,1,0.018,2.0,55.0
김밥,상추,55,1,0.018,2.0,55.0
김밥,아보카도,55,1,0.018,2.0,55.0
김밥,고추냉이,55,1,0.018,2.0,55.0
김밥,낫또,55,1,0.018,2.0,55.0
김밥,진미채,55,1,0.018,2.0,55.0
김밥,오징어,55,1,0.018,2.0,55.0
김밥,기름,55,1,0.018,2.0,55.0
김밥,닭고기,55,1,0.018,2.0,55.0
김밥,치커리,55,1,0.018,2.0,55.0
김밥,고사리,55,1,0.018,2.0,55.0
김밥,콩나물,55,1,0.018,2.0,55.0
김밥,다시마,55,1,0.018,2.0,55.0
김밥,꿀,55,1,0.018,2.0,55.0
김밥,빨대,55,1,0.018,2.0,55.0
김밥,유부,55,1,0.018,2.0,55.0
김밥,베이컨,55,1,0.018,2.0,55.0
김밥,장아찌,55,1,0.018,2.0,55.0
김밥,후리가케,55,1,0.018,2.0,55.0
김치볶음밥,배추김치,60,59,0.983,60.0,2.0
김치볶음밥,밥,60,50,0.833,51.0,11.0
김치볶음밥,참기름,60,38,0.633,39.0,23.0
김치볶음밥,대파,60,38,0.633,39.0,23.0
김치볶음밥,계란,60,38,0.633,39.0,23.0
김치볶음밥,간장,60,36,0.6,37.0,25.0
김치볶음밥,고춧가루,60,35,0.583,36.0,26.0
김치볶음밥,설탕,60,34,0.567,35.0,27.0
김치볶음밥,햄,60,26,0.433,27.0,35.0
김치볶음밥,식용유,60,25,0.417,26.0,36.0
김치볶음밥,통깨,60,22,0.367,23.0,39.0
김치볶음밥,고추장,60,14,0.233,15.0,47.0
김치볶음밥,굴소스,60,14,0.233,15.0,47.0
김치볶음밥,후춧가루,60,12,0.2,13.0,49.0
김치볶음밥,양파,60,11,0.183,12.0,50.0
김치볶음밥,마늘,60,7,0.117,8.0,54.0
김치볶음밥,맛술,60,5,0.083,6.0,56.0
김치볶음밥,김치국물,60,5,0.083,6.0,56.0
김치볶음밥,올리고당,60,5,0.083,6.0,56.0
김치볶음밥,치즈,60,5,0.083,6.0,56.0
김치볶음밥,베이컨,60,5,0.083,6.0,56.0
김치볶음밥,돼지고기,60,5,0.083,6.0,56.0
김치볶음밥,버터,60,4,0.067,5.0,57.0
김치볶음밥,들기름,60,4,0.067,5.0,57.0
김치볶음밥,김,60,4,0.067,5.0,57.0
김치볶음밥,마요네즈,60,3,0.05,4.0,58.0
김치볶음밥,쪽파,60,3,0.05,4.0,58.0
김치볶음밥,된장,60,2,0.033,3.0,59.0
김치볶음밥,소금,60,2,0.033,3.0,59.0
김치볶음밥,청양고추,60,2,0.033,3.0,59.0
김치볶음밥,참치,60,2,0.033,3.0,59.0
김치볶음밥,소시지,60,2,0.033,3.0,59.0
김치볶음밥,두부,60,2,0.033,3.0,59.0
김치볶음밥,기름,60,1,0.017,2.0,60.0
김치볶음밥,연어,60,1,0.017,2.0,60.0
김치볶음밥,당근,60,1,0.017,2.0,60.0
김치볶음밥,겨자,60,1,0.017,2.0,60.0
김치볶음밥,파프리카,60,1,0.017,2.0,60.0
김치볶음밥,옥수수,60,1,0.017,2.0,60.0
김치볶음밥,콩나물,60,1,0.017,2.0,60.0
김치볶음밥,깻잎,60,1,0.017,2.0,60.0
김치볶음밥,다시다,60,1,0.017,2.0,60.0
김치볶음밥,닭고기,60,1,0.017,2.0,60.0
김치볶음밥,캡사이신소스,60,1,0.017,2.0,60.0
김치볶음밥,모짜렐라,60,1,0.017,2.0,60.0
김치볶음밥,물,60,1,0.017,2.0,60.0
김치전,배추김치,59,59,1.0,60.0,1.0
김치전,부침가루,59,50,0.847,51.0,10.0
김치전,물,59,43,0.729,44.0,17.0
김치전,식용유,59,37,0.627,38.0,23.0
김치전,설탕,59,22,0.373,23.0,38.0
김치전,양파,59,19,0.322,20.0,41.0
김치전,청양고추,59,16,0.271,17.0,44.0
김치전,고춧가루,59,15,0.254,16.0,45.0
김치전,참치,59,14,0.237,15.0,46.0
김치전,대파,59,12,0.203,13.0,48.0
김치전,밀가루,59,9,0.153,10.0,51.0
김치전,튀김가루,59,8,0.136,9.0,52.0
김치전,계란,59,7,0.119,8.0,53.0
김치전,소금,59,7,0.119,8.0,53.0
김치전,오징어,59,5,0.085,6.0,55.0
김치전,김치국물,59,4,0.068,5.0,56.0
김치전,마늘,59,3,0.051,4.0,57.0
김치전,쪽파,59,3,0.051,4.0,57.0
김치전,돼지고기,59,3,0.051,4.0,57.0
김치전,후춧가루,59,3,0.051,4.0,57.0
김치전,두부,59,3,0.051,4.0,57.0
김치전,전분,59,2,0.034,3.0,58.0
김치전,맛술,59,2,0.034,3.0,58.0
김치전,고추,59,2,0.034,3.0,58.0
김치전,햄,59,2,0.034,3.0,58.0
김치전,새우,59,2,0.034,3.0,58.0
김치전,들기름,59,2,0.034,3.0,58.0
김치전,참기름,59,1,0.017,2.0,59.0
김치전,파슬리,59,1,0.017,2.0,59.0
김치전,치즈,59,1,0.017,2.0,59.0
김치전,닭고기,59,1,0.017,2.0,59.0
김치전,고추장,59,1,0.017,2.0,59.0
김치전,소시지,59,1,0.017,2.0,59.0
김치전,우유,59,1,0.017,2.0,59.0
김치전,멸치액젓,59,1,0.017,2.0,59.0
김치전,옥수수,59,1,0.017,2.0,59.0
김치전,고사리,59,1,0.017,2.0,59.0
김치전,채소,59,1,0.017,2.0,59.0
김치전,베이컨,59,1,0.017,2.0,59.0
김치전,통깨,59,1,0.017,2.0,59.0
김치전,소주,59,1,0.017,2.0,59.0
김치전,굴소스,59,1,0.017,2.0,59.0
김치전,부침유,59,1,0.017,2.0,59.0
김치전,팽이버섯,59,1,0.017,2.0,59.0
김치전,육수,59,1,0.017,2.0,59.0
김치전,부추,59,1,0.017,2.0,59.0
김치전,떡,59,1,0.017,2.0,59.0
김치전,시금치,59,1,0.017,2.0,59.0
김치찌개,배추김치,59,58,0.983,59.0,2.0
김치찌개,대파,59,53,0.898,54.0,7.0
김치찌개,고춧가루,59,48,0.814,49.0,12.0
김치찌개,마늘,59,48,0.814,49.0,12.0
김치찌개,돼지고기,59,37,0.627,38.0,23.0
김치찌개,간장,59,33,0.559,34.0,27.0
김치찌개,청양고추,59,30,0.508,31.0,30.0
김치찌개,설탕,59,27,0.458,28.0,33.0
김치찌개,양파,59,25,0.424,26.0,35.0
김치찌개,물,59,20,0.339,21.0,40.0
김치찌개,참기름,59,20,0.339,21.0,40.0
김치찌개,두부,59,19,0.322,20.0,41.0
김치찌개,된장,59,17,0.288,18.0,43.0
김치찌개,쌀뜨물,59,15,0.254,16.0,45.0
김치찌개,맛술,59,14,0.237,15.0,46.0
김치찌개,새우젓,59,13,0.22,14.0,47.0
김치찌개,후춧가루,59,12,0.203,13.0,48.0
김치찌개,식용유,59,9,0.153,10.0,51.0
김치찌개,참치,59,9,0.153,10.0,51.0
김치찌개,소금,59,9,0.153,10.0,51.0
김치찌개,멸치,59,7,0.119,8.0,53.0
김치찌개,고추,59,7,0.119,8.0,53.0
김치찌개,고추장,59,5,0.085,6.0,55.0
김치찌개,김치국물,59,5,0.085,6.0,55.0
김치찌개,꽁치,59,5,0.085,6.0,55.0
김치찌개,생강,59,5,0.085,6.0,55.0
김치찌개,멸치액젓,59,4,0.068,5.0,56.0
김치찌개,들기름,59,3,0.051,4.0,57.0
김치찌개,햄,59,3,0.051,4.0,57.0
김치찌개,다시다,59,3,0.051,4.0,57.0
김치찌개,육수,59,2,0.034,3.0,58.0
김치찌개,다시마,59,2,0.034,3.0,58.0
김치찌개,굴소스,59,2,0.034,3.0,58.0
김치찌개,깍두기국물,59,1,0.017,2.0,59.0
김치찌개,새우,59,1,0.017,2.0,59.0
김치찌개,사골,59,1,0.017,2.0,59.0
김치찌개,매실액,59,1,0.017,2.0,59.0
김치찌개,올리고당,59,1,0.017,2.0,59.0
김치찌개,계란,59,1,0.017,2.0,59.0
김치찌개,참지,59,1,0.017,2.0,59.0
김치찌개,소고기,59,1,0.017,2.0,59.0
김치찌개,식초,59,1,0.017,2.0,59.0
김치찌개,라면,59,1,0.017,2.0,59.0
김치찌개,베이컨,59,1,0.017,2.0,59.0
김치찌개,팽이버섯,59,1,0.017,2.0,59.0
김치찌개,닭고기,59,1,0.017,2.0,59.0
김치찌개,어묵,59,1,0.017,2.0,59.0
김치찌개,당면,59,1,0.017,2.0,59.0
깍두기,고춧가루,58,57,0.983,58.0,2.0
깍두기,마늘,58,54,0.931,55.0,5.0
깍두기,무,58,52,0.897,53.0,7.0
깍두기,소금,58,52,0.897,53.0,7.0
깍두기,멸치액젓,58,51,0.879,52.0,8.0
깍두기,설탕,58,36,0.621,37.0,23.0
깍두기,새우젓,58,33,0.569,34.0,26.0
깍두기,생강,58,30,0.517,31.0,29.0
깍두기,매실액,58,25,0.431,26.0,34.0
깍두기,양파,58,24,0.414,25.0,35.0
깍두기,쪽파,58,21,0.362,22.0,38.0
깍두기,대파,58,20,0.345,21.0,39.0
깍두기,물,58,15,0.259,16.0,44.0
깍두기,사과,58,12,0.207,13.0,47.0
깍두기,밀가루,58,9,0.155,10.0,50.0
깍두기,통깨,58,7,0.121,8.0,52.0
깍두기,밥,58,5,0.086,6.0,54.0
깍두기,찹쌀풀,58,5,0.086,6.0,54.0
깍두기,간장,58,4,0.069,5.0,55.0
깍두기,배,58,4,0.069,5.0,55.0
깍두기,사이다,58,4,0.069,5.0,55.0
깍두기,뉴슈가,58,4,0.069,5.0,55.0
깍두기,식초,58,4,0.069,5.0,55.0
깍두기,요구르트,58,3,0.052,4.0,56.0
깍두기,찹쌀가루,58,3,0.052,4.0,56.0
깍두기,올리고당,58,3,0.052,4.0,56.0
깍두기,열무,58,2,0.034,3.0,57.0
깍두기,감미료,58,2,0.034,3.0,57.0
깍두기,고추장,58,2,0.034,3.0,57.0
깍두기,매실,58,2,0.034,3.0,57.0
깍두기,부추,58,2,0.034,3.0,57.0
깍두기,배즙,58,2,0.034,3.0,57.0
깍두기,콜라비,58,2,0.034,3.0,57.0
깍두기,파프리카,58,1,0.017,2.0,58.0
깍두기,깍두기잘게썬,58,1,0.017,2.0,58.0
깍두기,기름,58,1,0.017,2.0,58.0
깍두기,후춧가루,58,1,0.017,2.0,58.0
깍두기,참기름,58,1,0.017,2.0,58.0
깍두기,오이,58,1,0.017,2.0,58.0
깍두기,깍두기다진것,58,1,0.017,2.0,58.0
깍두기,햄,58,1,0.017,2.0,58.0
깍두기,식용유,58,1,0.017,2.0,58.0
깍두기,오미자청,58,1,0.017,2.0,58.0
깍두기,고추,58,1,0.017,2.0,58.0
깍두기,쌀,58,1,0.017,2.0,58.0
깍두기,콩가루,58,1,0.017,2.0,58.0
깍두기,들깨,58,1,0.017,2.0,58.0
깍두기,멸치,58,1,0.017,2.0,58.0
깍두기,찹쌀,58,1,0.017,2.0,58.0
깍두기,비트,58,1,0.017,2.0,58.0
깍두기,소주,58,1,0.017,2.0,58.0
깍두기,풀,58,1,0.017,2.0,58.0
깻잎장아찌,깻잎,58,58,1.0,59.0,1.0
깻잎장아찌,간장,58,57,0.983,58.0,2.0
깻잎장아찌,물,58,38,0.655,39.0,21.0
깻잎장아찌,마늘,58,38,0.655,39.0,21.0
깻잎장아찌,설탕,58,30,0.517,31.0,29.0
깻잎장아찌,식초,58,30,0.517,31.0,29.0
깻잎장아찌,청양고추,58,27,0.466,28.0,32.0
깻잎장아찌,매실액,58,24,0.414,25.0,35.0
깻잎장아찌,고춧가루,58,21,0.362,22.0,38.0
깻잎장아찌,올리고당,58,18,0.31,19.0,41.0
깻잎장아찌,양파,58,17,0.293,18.0,42.0
깻잎장아찌,통깨,58,16,0.276,17.0,43.0
깻잎장아찌,고추,58,13,0.224,14.0,46.0
깻잎장아찌,대파,58,12,0.207,13.0,47.0
깻잎장아찌,멸치액젓,58,9,0.155,10.0,50.0
깻잎장아찌,멸치,58,8,0.138,9.0,51.0
깻잎장아찌,소금,58,7,0.121,8.0,52.0
깻잎장아찌,다시마,58,5,0.086,6.0,54.0
깻잎장아찌,당근,58,5,0.086,6.0,54.0
깻잎장아찌,생강,58,5,0.086,6.0,54.0
깻잎장아찌,참기름,58,4,0.069,5.0,55.0
깻잎장아찌,맛술,58,4,0.069,5.0,55.0
깻잎장아찌,소주,58,3,0.052,4.0,56.0
깻잎장아찌,매실,58,2,0.034,3.0,57.0
깻잎장아찌,쪽파,58,2,0.034,3.0,57.0
깻잎장아찌,육수,58,2,0.034,3.0,57.0
깻잎장아찌,원당,58,2,0.034,3.0,57.0
깻잎장아찌,누름돌,58,1,0.017,2.0,58.0
깻잎장아찌,후춧가루,58,1,0.017,2.0,58.0
깻잎장아찌,새우젓,58,1,0.017,2.0,58.0
깻잎장아찌,장아찌원액,58,1,0.017,2.0,58.0
깻잎장아찌,달임장물,58,1,0.017,2.0,58.0
깻잎장아찌,달래,58,1,0.017,2.0,58.0
깻잎장아찌,들기름,58,1,0.017,2.0,58.0
깻잎장아찌,잣,58,1,0.017,2.0,58.0
깻잎장아찌,레몬,58,1,0.017,2.0,58.0
깻잎장아찌,참치액,58,1,0.017,2.0,58.0
깻잎장아찌,새송이버섯,58,1,0.017,2.0,58.0
깻잎장아찌,홍초,58,1,0.017,2.0,58.0
깻잎장아찌,베이킹소다,58,1,0.017,2.0,58.0
깻잎장아찌,다시물,58,1,0.017,2.0,58.0
깻잎장아찌,느타리버섯,58,1,0.017,2.0,58.0
깻잎장아찌,밤,58,1,0.017,2.0,58.0
꿀떡,떡,59,37,0.627,38.0,23.0
꿀떡,꿀,59,32,0.542,33.0,28.0
꿀떡,간장,59,27,0.458,28.0,33.0
꿀떡,설탕,59,26,0.441,27.0,34.0
꿀떡,물,59,23,0.39,24.0,37.0
꿀떡,통깨,59,21,0.356,22.0,39.0
꿀떡,올리고당,59,16,0.271,17.0,44.0
꿀떡,참기름,59,15,0.254,16.0,45.0
꿀떡,식용유,59,15,0.254,16.0,45.0
꿀떡,소금,59,10,0.169,11.0,50.0
꿀떡,마늘,59,9,0.153,10.0,51.0
꿀떡,찹쌀가루,59,8,0.136,9.0,52.0
꿀떡,계피,59,8,0.136,9.0,52.0
꿀떡,견과류,59,7,0.119,8.0,53.0
꿀떡,치즈,59,7,0.119,8.0,53.0
꿀떡,대파,59,6,0.102,7.0,54.0
꿀떡,고추장,59,6,0.102,7.0,54.0
꿀떡,양파,59,4,0.068,5.0,56.0
꿀떡,땅콩,59,4,0.068,5.0,56.0
꿀떡,버터,59,4,0.068,5.0,56.0
꿀떡,어묵,59,4,0.068,5.0,56.0
꿀떡,아몬드,59,4,0.068,5.0,56.0
꿀떡,소시지,59,4,0.068,5.0,56.0
꿀떡,들기름,59,3,0.051,4.0,57.0
꿀떡,파슬리,59,3,0.051,4.0,57.0
꿀떡,멥쌀가루,59,3,0.051,4.0,57.0
꿀떡,호두,59,3,0.051,4.0,57.0
꿀떡,고구마,59,2,0.034,3.0,58.0
꿀떡,밀가루,59,2,0.034,3.0,58.0
꿀떡,우유,59,2,0.034,3.0,58.0
꿀떡,고춧가루,59,2,0.034,3.0,58.0
꿀떡,당근,59,2,0.034,3.0,58.0
꿀떡,감자,59,2,0.034,3.0,58.0
꿀떡,베이컨,59,2,0.034,3.0,58.0
꿀떡,해바라기씨,59,2,0.034,3.0,58.0
꿀떡,천연색소,59,2,0.034,3.0,58.0
꿀떡,녹차가루,59,2,0.034,3.0,58.0
꿀떡,복숭아,59,2,0.034,3.0,58.0
꿀떡,사과,59,2,0.034,3.0,58.0
꿀떡,라이스페이퍼,59,2,0.034,3.0,58.0
꿀떡,밀떡,59,2,0.034,3.0,58.0
꿀떡,피망,59,2,0.034,3.0,58.0
꿀떡,핫소스,59,2,0.034,3.0,58.0
꿀떡,찹쌀,59,1,0.017,2.0,59.0
꿀떡,우렁이,59,1,0.017,2.0,59.0
꿀떡,애호박,59,1,0.017,2.0,59.0
꿀떡,표고버섯,59,1,0.017,2.0,59.0
꿀떡,멸치,59,1,0.017,2.0,59.0
꿀떡,된장,59,1,0.017,2.0,59.0
꿀떡,청양고추,59,1,0.017,2.0,59.0
꿀떡,고추,59,1,0.017,2.0,59.0
꿀떡,호떡믹스,59,1,0.017,2.0,59.0
꿀떡,계란,59,1,0.017,2.0,59.0
꿀떡,양배추,59,1,0.017,2.0,59.0
꿀떡,송편,59,1,0.017,2.0,59.0
꿀떡,꼬챙이,59,1,0.017,2.0,59.0
꿀떡,메추리알,59,1,0.017,2.0,59.0
꿀떡,육수,59,1,0.017,2.0,59.0
꿀떡,만두,59,1,0.017,2.0,59.0
꿀떡,맛술,59,1,0.017,2.0,59.0
꿀떡,샐러드,59,1,0.017,2.0,59.0
꿀떡,머스터드소스,59,1,0.017,2.0,59.0
꿀떡,스테이크소스,59,1,0.017,2.0,59.0
꿀떡,원당,59,1,0.017,2.0,59.0
꿀떡,쪽파,59,1,0.017,2.0,59.0
꿀떡,케첩,59,1,0.017,2.0,59.0
꿀떡,우스터소스,59,1,0.017,2.0,59.0
꿀떡,올리브,59,1,0.017,2.0,59.0
꿀떡,브라질너트,59,1,0.017,2.0,59.0
꿀떡,전분,59,1,0.017,2.0,59.0
꿀떡,후춧가루,59,1,0.017,2.0,59.0
꿀떡,맛살,59,1,0.017,2.0,59.0
꿀떡,팽이버섯,59,1,0.017,2.0,59.0
꿀떡,배,59,1,0.017,2.0,59.0
꿀떡,옥수수,59,1,0.017,2.0,59.0
꿀떡,절편,59,1,0.017,2.0,59.0
꿀떡,기름,59,1,0.017,2.0,59.0
꿀떡,누룽지,59,1,0.017,2.0,59.0
꿀떡,파스타소스,59,1,0.017,2.0,59.0
꿀떡,유자청,59,1,0.017,2.0,59.0
꿀떡,페페론치노,59,1,0.017,2.0,59.0
꿀떡,토마토,59,1,0.017,2.0,59.0
나박김치,마늘,56,54,0.964,55.0,3.0
나박김치,소금,56,54,0.964,55.0,3.0
나박김치,무,56,52,0.929,53.0,5.0
나박김치,배추,56,49,0.875,50.0,8.0
나박김치,고춧가루,56,42,0.75,43.0,15.0
나박김치,물,56,41,0.732,42.0,16.0
나박김치,생강,56,40,0.714,41.0,17.0
나박김치,쪽파,56,36,0.643,37.0,21.0
나박김치,고추,56,35,0.625,36.0,22.0
나박김치,배,56,28,0.5,29.0,29.0
나박김치,양파,56,25,0.446,26.0,32.0
나박김치,설탕,56,22,0.393,23.0,35.0
나박김치,당근,56,20,0.357,21.0,37.0
나박김치,사과,56,18,0.321,19.0,39.0
나박김치,대파,56,17,0.304,18.0,40.0
나박김치,멸치액젓,56,17,0.304,18.0,40.0
나박김치,매실액,56,16,0.286,17.0,41.0
나박김치,오이,56,14,0.25,15.0,43.0
나박김치,미나리,56,11,0.196,12.0,46.0
나박김치,청양고추,56,10,0.179,11.0,47.0
나박김치,찹쌀가루,56,8,0.143,9.0,49.0
나박김치,배즙,56,5,0.089,6.0,52.0
나박김치,새우젓,56,5,0.089,6.0,52.0
나박김치,뉴슈가,56,5,0.089,6.0,52.0
나박김치,찹쌀풀,56,4,0.071,5.0,53.0
나박김치,식초,56,3,0.054,4.0,54.0
나박김치,밥,56,3,0.054,4.0,54.0
나박김치,파프리카,56,3,0.054,4.0,54.0
나박김치,다시마,56,2,0.036,3.0,55.0
나박김치,콜라비,56,2,0.036,3.0,55.0
나박김치,육수,56,2,0.036,3.0,55.0
나박김치,조미료,56,2,0.036,3.0,55.0
나박김치,통깨,56,2,0.036,3.0,55.0
나박김치,올리고당,56,2,0.036,3.0,55.0
나박김치,멸치,56,2,0.036,3.0,55.0
나박김치,찹쌀,56,2,0.036,3.0,55.0
나박김치,다시백,56,1,0.018,2.0,56.0
나박김치,얼갈이,56,1,0.018,2.0,56.0
나박김치,래디시,56,1,0.018,2.0,56.0
나박김치,밤,56,1,0.018,2.0,56.0
나박김치,석류,56,1,0.018,2.0,56.0
나박김치,다물,56,1,0.018,2.0,56.0
나박김치,매실,56,1,0.018,2.0,56.0
나박김치,뉴슈거,56,1,0.018,2.0,56.0
나박김치,밀가루,56,1,0.018,2.0,56.0
나박김치,꿀,56,1,0.018,2.0,56.0
나박김치,쌀,56,1,0.018,2.0,56.0
나박김치,다시팩,56,1,0.018,2.0,56.0
나박김치,비트,56,1,0.018,2.0,56.0
나박김치,뉴수가,56,1,0.018,2.0,56.0
나박김치,표고버섯,56,1,0.018,2.0,56.0
나박김치,채수,56,1,0.018,2.0,56.0
나박김치,산야초효소,56,1,0.018,2.0,56.0
나박김치,오미자청,56,1,0.018,2.0,56.0
나박김치,감자,56,1,0.018,2.0,56.0
나박김치,죽염,56,1,0.018,2.0,56.0
나박김치,신화당,56,1,0.018,2.0,56.0
나박김치,실한천,56,1,0.018,2.0,56.0
나박김치,스위트,56,1,0.018,2.0,56.0
나박김치,인삼,56,1,0.018,2.0,56.0
닭갈비,닭고기,60,59,0.983,60.0,2.0
닭갈비,마늘,60,57,0.95,58.0,4.0
닭갈비,간장,60,57,0.95,58.0,4.0
닭갈비,고추장,60,56,0.933,57.0,5.0
닭갈비,고춧가루,60,55,0.917,56.0,6.0
닭갈비,양배추,60,53,0.883,54.0,8.0
닭갈비,양파,60,52,0.867,53.0,9.0
닭갈비,맛술,60,48,0.8,49.0,13.0
닭갈비,설탕,60,47,0.783,48.0,14.0
닭갈비,후춧가루,60,45,0.75,46.0,16.0
닭갈비,대파,60,42,0.7,43.0,19.0
닭갈비,깻잎,60,40,0.667,41.0,21.0
닭갈비,고구마,60,33,0.55,34.0,28.0
닭갈비,참기름,60,32,0.533,33.0,29.0
닭갈비,떡,60,30,0.5,31.0,31.0
닭갈비,당근,60,24,0.4,25.0,37.0
닭갈비,카레가루,60,22,0.367,23.0,39.0
닭갈비,올리고당,60,20,0.333,21.0,41.0
닭갈비,청양고추,60,20,0.333,21.0,41.0
닭갈비,감자,60,15,0.25,16.0,46.0
닭갈비,소금,60,13,0.217,14.0,48.0
닭갈비,생강,60,12,0.2,13.0,49.0
닭갈비,통깨,60,12,0.2,13.0,49.0
닭갈비,고추,60,11,0.183,12.0,50.0
닭갈비,식용유,60,8,0.133,9.0,53.0
닭갈비,우유,60,8,0.133,9.0,53.0
닭갈비,치즈,60,6,0.1,7.0,55.0
닭갈비,매실액,60,6,0.1,7.0,55.0
닭갈비,들기름,60,4,0.067,5.0,57.0
닭갈비,물,60,4,0.067,5.0,57.0
닭갈비,소주,60,4,0.067,5.0,57.0
닭갈비,김,60,4,0.067,5.0,57.0
닭갈비,쪽파,60,3,0.05,4.0,58.0
닭갈비,굴소스,60,3,0.05,4.0,58.0
닭갈비,버섯,60,3,0.05,4.0,58.0
닭갈비,당면,60,3,0.05,4.0,58.0
닭갈비,밥,60,3,0.05,4.0,58.0
닭갈비,사과,60,3,0.05,4.0,58.0
닭갈비,고추기름,60,2,0.033,3.0,59.0
닭갈비,배추김치,60,2,0.033,3.0,59.0
닭갈비,꿀,60,2,0.033,3.0,59.0
닭갈비,채소,60,1,0.017,2.0,60.0
닭갈비,참치액,60,1,0.017,2.0,60.0
닭갈비,다시다,60,1,0.017,2.0,60.0
닭갈비,멸치,60,1,0.017,2.0,60.0
닭갈비,멸치액젓,60,1,0.017,2.0,60.0
닭갈비,새송이버섯,60,1,0.017,2.0,60.0
닭갈비,춘장,60,1,0.017,2.0,60.0
닭갈비,땅콩,60,1,0.017,2.0,60.0
닭갈비,복숭아,60,1,0.017,2.0,60.0
닭갈비,계란,60,1,0.017,2.0,60.0
닭갈비,고추냉이,60,1,0.017,2.0,60.0
닭갈비,청경채,60,1,0.017,2.0,60.0
닭갈비,냉이,60,1,0.017,2.0,60.0
닭갈비,쫄면,60,1,0.017,2.0,60.0
닭갈비,된장,60,1,0.017,2.0,60.0
닭갈비,달래,60,1,0.017,2.0,60.0
닭갈비,연두,60,1,0.017,2.0,60.0
닭갈비,어묵,60,1,0.017,2.0,60.0
닭갈비,라면,60,1,0.017,2.0,60.0
닭갈비,배,60,1,0.017,2.0,60.0
닭갈비,파프리카,60,1,0.017,2.0,60.0
동그랑땡,계란,59,52,0.881,53.0,8.0
동그랑땡,돼지고기,59,51,0.864,52.0,9.0
동그랑땡,후춧가루,59,49,0.831,50.0,11.0
동그랑땡,두부,59,48,0.814,49.0,12.0
동그랑땡,소금,59,48,0.814,49.0,12.0
동그랑땡,양파,59,45,0.763,46.0,15.0
동그랑땡,당근,59,44,0.746,45.0,16.0
동그랑땡,마늘,59,37,0.627,38.0,23.0
동그랑땡,대파,59,31,0.525,32.0,29.0
동그랑땡,밀가루,59,25,0.424,26.0,35.0
동그랑땡,식용유,59,25,0.424,26.0,35.0
동그랑땡,참기름,59,24,0.407,25.0,36.0
동그랑땡,부침가루,59,18,0.305,19.0,42.0
동그랑땡,맛술,59,16,0.271,17.0,44.0
동그랑땡,간장,59,12,0.203,13.0,48.0
동그랑땡,생강,59,11,0.186,12.0,49.0
동그랑땡,통깨,59,11,0.186,12.0,49.0
동그랑땡,소고기,59,10,0.169,11.0,50.0
동그랑땡,부추,59,9,0.153,10.0,51.0
동그랑땡,깻잎,59,9,0.153,10.0,51.0
동그랑땡,청양고추,59,9,0.153,10.0,51.0
동그랑땡,쪽파,59,7,0.119,8.0,53.0
동그랑땡,설탕,59,6,0.102,7.0,54.0
동그랑땡,고추,59,6,0.102,7.0,54.0
동그랑땡,전분,59,5,0.085,6.0,55.0
동그랑땡,애호박,59,4,0.068,5.0,56.0
동그랑땡,빵가루,59,4,0.068,5.0,56.0
동그랑땡,파프리카,59,3,0.051,4.0,57.0
동그랑땡,표고버섯,59,3,0.051,4.0,57.0
동그랑땡,기름,59,3,0.051,4.0,57.0
동그랑땡,버섯,59,3,0.051,4.0,57.0
동그랑땡,케첩,59,3,0.051,4.0,57.0
동그랑땡,물,59,2,0.034,3.0,58.0
동그랑땡,새송이버섯,59,2,0.034,3.0,58.0
동그랑땡,들기름,59,2,0.034,3.0,58.0
동그랑땡,피망,59,2,0.034,3.0,58.0
동그랑땡,동그랑땡,59,2,0.034,3.0,58.0
동그랑땡,지퍼팩,59,1,0.017,2.0,59.0
동그랑땡,부품,59,1,0.017,2.0,59.0
동그랑땡,양배추,59,1,0.017,2.0,59.0
동그랑땡,찹쌀가루,59,1,0.017,2.0,59.0
동그랑땡,파래,59,1,0.017,2.0,59.0
동그랑땡,느타리버섯,59,1,0.017,2.0,59.0
동그랑땡,참치,59,1,0.017,2.0,59.0
동그랑땡,소주,59,1,0.017,2.0,59.0
동그랑땡,새우젓,59,1,0.017,2.0,59.0
동그랑땡,굴소스,59,1,0.017,2.0,59.0
동그랑땡,밥,59,1,0.017,2.0,59.0
동그랑땡,매실액,59,1,0.017,2.0,59.0
동그랑땡,동그랑땡반죽,59,1,0.017,2.0,59.0
동그랑땡,각종야채,59,1,0.017,2.0,59.0
동그랑땡,죽염,59,1,0.017,2.0,59.0
동그랑땡,팽이버섯,59,1,0.017,2.0,59.0
동그랑땡,햄,59,1,0.017,2.0,59.0
동그랑땡,왕란,59,1,0.017,2.0,59.0
동그랑땡,치즈,59,1,0.017,2.0,59.0
동그랑땡,고추장,59,1,0.017,2.0,59.0
동그랑땡,멸치액젓,59,1,0.017,2.0,59.0
동그랑땡,숙주,59,1,0.017,2.0,59.0
동그랑땡,만두,59,1,0.017,2.0,59.0
동그랑땡,마,59,1,0.017,2.0,59.0
동그랑땡,백년초가루색이나올,59,1,0.017,2.0,59.0
동그랑땡,배추김치,59,1,0.017,2.0,59.0
동그랑땡,식초,59,1,0.017,2.0,59.0
동그랑땡,목이버섯,59,1,0.017,2.0,59.0
동그랑땡,우스타소스,59,1,0.017,2.0,59.0
동그랑땡,스테이크소스,59,1,0.017,2.0,59.0
동그랑땡,아몬드,59,1,0.017,2.0,59.0
동그랑땡,인삼,59,1,0.017,2.0,59.0
동그랑땡,파슬리,59,1,0.017,2.0,59.0
된장찌개,된장,59,58,0.983,59.0,2.0
된장찌개,두부,59,56,0.949,57.0,4.0
된장찌개,양파,59,52,0.881,53.0,8.0
된장찌개,애호박,59,50,0.847,51.0,10.0
된장찌개,마늘,59,48,0.814,49.0,12.0
된장찌개,청양고추,59,47,0.797,48.0,13.0
된장찌개,대파,59,45,0.763,46.0,15.0
된장찌개,고춧가루,59,43,0.729,44.0,17.0
된장찌개,감자,59,29,0.492,30.0,31.0
된장찌개,멸치,59,29,0.492,30.0,31.0
된장찌개,물,59,16,0.271,17.0,44.0
된장찌개,고추장,59,16,0.271,17.0,44.0
된장찌개,고추,59,13,0.22,14.0,47.0
된장찌개,무,59,13,0.22,14.0,47.0
된장찌개,쌀뜨물,59,10,0.169,11.0,50.0
된장찌개,버섯,59,9,0.153,10.0,51.0
된장찌개,소고기,59,9,0.153,10.0,51.0
된장찌개,느타리버섯,59,8,0.136,9.0,52.0
된장찌개,설탕,59,8,0.136,9.0,52.0
된장찌개,돼지고기,59,8,0.136,9.0,52.0
된장찌개,다시마,59,8,0.136,9.0,52.0
된장찌개,팽이버섯,59,7,0.119,8.0,53.0
된장찌개,표고버섯,59,7,0.119,8.0,53.0
된장찌개,간장,59,6,0.102,7.0,54.0
된장찌개,소금,59,5,0.085,6.0,55.0
된장찌개,꿀,59,3,0.051,4.0,57.0
된장찌개,바지락,59,3,0.051,4.0,57.0
된장찌개,새송이버섯,59,3,0.051,4.0,57.0
된장찌개,참기름,59,2,0.034,3.0,58.0
된장찌개,맛술,59,2,0.034,3.0,58.0
된장찌개,꽃게,59,2,0.034,3.0,58.0
된장찌개,후춧가루,59,2,0.034,3.0,58.0
된장찌개,새송이,59,1,0.017,2.0,59.0
된장찌개,해물,59,1,0.017,2.0,59.0
된장찌개,냉이,59,1,0.017,2.0,59.0
된장찌개,청국장,59,1,0.017,2.0,59.0
된장찌개,당면,59,1,0.017,2.0,59.0
된장찌개,육수,59,1,0.017,2.0,59.0
된장찌개,우렁살,59,1,0.017,2.0,59.0
된장찌개,양송이버섯,59,1,0.017,2.0,59.0
된장찌개,새우,59,1,0.017,2.0,59.0
된장찌개,달래,59,1,0.017,2.0,59.0
된장찌개,다시다,59,1,0.017,2.0,59.0
떡꼬치,고추장,57,56,0.982,57.0,2.0
떡꼬치,케첩,57,52,0.912,53.0,6.0
떡꼬치,떡,57,52,0.912,53.0,6.0
떡꼬치,올리고당,57,44,0.772,45.0,14.0
떡꼬치,설탕,57,39,0.684,40.0,19.0
떡꼬치,마늘,57,38,0.667,39.0,20.0
떡꼬치,간장,57,37,0.649,38.0,21.0
떡꼬치,식용유,57,27,0.474,28.0,31.0
떡꼬치,물,57,18,0.316,19.0,40.0
떡꼬치,통깨,57,12,0.211,13.0,46.0
떡꼬치,고춧가루,57,9,0.158,10.0,49.0
떡꼬치,참기름,57,8,0.14,9.0,50.0
떡꼬치,맛술,57,8,0.14,9.0,50.0
떡꼬치,땅콩,57,7,0.123,8.0,51.0
떡꼬치,후춧가루,57,6,0.105,7.0,52.0
떡꼬치,밀떡,57,4,0.07,5.0,54.0
떡꼬치,꿀,57,4,0.07,5.0,54.0
떡꼬치,소금,57,3,0.053,4.0,55.0
떡꼬치,파슬리,57,3,0.053,4.0,55.0
떡꼬치,버터,57,2,0.035,3.0,56.0
떡꼬치,기름,57,2,0.035,3.0,56.0
떡꼬치,양파,57,2,0.035,3.0,56.0
떡꼬치,소시지,57,2,0.035,3.0,56.0
떡꼬치,대파,57,2,0.035,3.0,56.0
떡꼬치,칠리소스,57,2,0.035,3.0,56.0
떡꼬치,잣,57,2,0.035,3.0,56.0
떡꼬치,잼,57,2,0.035,3.0,56.0
떡꼬치,매실액,57,2,0.035,3.0,56.0
떡꼬치,견과류,57,2,0.035,3.0,56.0
떡꼬치,파프리카,57,1,0.018,2.0,57.0
떡꼬치,치즈,57,1,0.018,2.0,57.0
떡꼬치,마요네즈,57,1,0.018,2.0,57.0
떡꼬치,아몬드,57,1,0.018,2.0,57.0
떡꼬치,생강,57,1,0.018,2.0,57.0
떡꼬치,식초,57,1,0.018,2.0,57.0
떡꼬치,전분,57,1,0.018,2.0,57.0
떡꼬치,꼬지용나무꼬지,57,1,0.018,2.0,57.0
떡꼬치,햄,57,1,0.018,2.0,57.0
떡꼬치,나무꼬지,57,1,0.018,2.0,57.0
떡꼬치,케챂,57,1,0.018,2.0,57.0
떡꼬치,케쳡,57,1,0.018,2.0,57.0
떡꼬치,베이컨,57,1,0.018,2.0,57.0
떡꼬치,페이퍼,57,1,0.018,2.0,57.0
떡꼬치,알룰로스,57,1,0.018,2.0,57.0
떡꼬치,꼬치,57,1,0.018,2.0,57.0
떡꼬치,밀가루,57,1,0.018,2.0,57.0
떡꼬치,멸치,57,1,0.018,2.0,57.0
떡꼬치,대나무잎,57,1,0.018,2.0,57.0
떡꼬치,콜라,57,1,0.018,2.0,57.0
떡꼬치,들기름,57,1,0.018,2.0,57.0
떡만두국,떡,60,59,0.983,60.0,2.0
떡만두국,만두,60,54,0.9,55.0,7.0
떡만두국,대파,60,52,0.867,53.0,9.0
떡만두국,계란,60,50,0.833,51.0,11.0
떡만두국,간장,60,43,0.717,44.0,18.0
떡만두국,마늘,60,41,0.683,42.0,20.0
떡만두국,소금,60,35,0.583,36.0,26.0
떡만두국,멸치,60,32,0.533,33.0,29.0
떡만두국,후춧가루,60,29,0.483,30.0,32.0
떡만두국,물,60,23,0.383,24.0,38.0
떡만두국,김,60,23,0.383,24.0,38.0
떡만두국,참기름,60,19,0.317,20.0,42.0
떡만두국,다시마,60,14,0.233,15.0,47.0
떡만두국,사골,60,13,0.217,14.0,48.0
떡만두국,양파,60,11,0.183,12.0,50.0
떡만두국,멸치액젓,60,10,0.167,11.0,51.0
떡만두국,소고기,60,9,0.15,10.0,52.0
떡만두국,식용유,60,7,0.117,8.0,54.0
떡만두국,당근,60,6,0.1,7.0,55.0
떡만두국,고춧가루,60,5,0.083,6.0,56.0
떡만두국,배추김치,60,5,0.083,6.0,56.0
떡만두국,청양고추,60,4,0.067,5.0,57.0
떡만두국,애호박,60,3,0.05,4.0,58.0
떡만두국,통깨,60,3,0.05,4.0,58.0
떡만두국,다시다,60,3,0.05,4.0,58.0
떡만두국,육수,60,3,0.05,4.0,58.0
떡만두국,참치액,60,3,0.05,4.0,58.0
떡만두국,쪽파,60,2,0.033,3.0,59.0
떡만두국,설탕,60,2,0.033,3.0,59.0
떡만두국,채소,60,2,0.033,3.0,59.0
떡만두국,표고버섯,60,2,0.033,3.0,59.0
떡만두국,들기름,60,2,0.033,3.0,59.0
떡만두국,맛술,60,2,0.033,3.0,59.0
떡만두국,느타리버섯,60,1,0.017,2.0,60.0
떡만두국,황태,60,1,0.017,2.0,60.0
떡만두국,부추,60,1,0.017,2.0,60.0
떡만두국,맛살,60,1,0.017,2.0,60.0
떡만두국,고기,60,1,0.017,2.0,60.0
떡만두국,고추,60,1,0.017,2.0,60.0
떡만두국,새우젓,60,1,0.017,2.0,60.0
떡만두국,새우,60,1,0.017,2.0,60.0
떡만두국,버섯,60,1,0.017,2.0,60.0
떡만두국,쌀뜨물,60,1,0.017,2.0,60.0
떡만두국,북어,60,1,0.017,2.0,60.0
떡만두국,무,60,1,0.017,2.0,60.0
떡만두국,청경채,60,1,0.017,2.0,60.0
떡만두국,들깨,60,1,0.017,2.0,60.0
떡만두국,소주,60,1,0.017,2.0,60.0
떡만두국,곰국,60,1,0.017,2.0,60.0
떡볶이,떡,59,51,0.864,52.0,9.0
떡볶이,설탕,59,49,0.831,50.0,11.0
떡볶이,간장,59,48,0.814,49.0,12.0
떡볶이,고추장,59,44,0.746,45.0,16.0
떡볶이,고춧가루,59,41,0.695,42.0,19.0
떡볶이,대파,59,39,0.661,40.0,21.0
떡볶이,어묵,59,38,0.644,39.0,22.0
떡볶이,물,59,37,0.627,38.0,23.0
떡볶이,후춧가루,59,23,0.39,24.0,37.0
떡볶이,마늘,59,23,0.39,24.0,37.0
떡볶이,올리고당,59,21,0.356,22.0,39.0
떡볶이,양파,59,20,0.339,21.0,40.0
떡볶이,계란,59,12,0.203,13.0,48.0
떡볶이,식용유,59,12,0.203,13.0,48.0
떡볶이,통깨,59,11,0.186,12.0,49.0
떡볶이,참기름,59,10,0.169,11.0,50.0
떡볶이,밀떡,59,8,0.136,9.0,52.0
떡볶이,치즈,59,8,0.136,9.0,52.0
떡볶이,카레가루,59,7,0.119,8.0,53.0
떡볶이,소시지,59,7,0.119,8.0,53.0
떡볶이,다시마,59,5,0.085,6.0,55.0
떡볶이,양배추,59,5,0.085,6.0,55.0
떡볶이,당근,59,5,0.085,6.0,55.0
떡볶이,멸치,59,5,0.085,6.0,55.0
떡볶이,소금,59,4,0.068,5.0,56.0
떡볶이,맛술,59,4,0.068,5.0,56.0
떡볶이,라면,59,4,0.068,5.0,56.0
떡볶이,굴소스,59,4,0.068,5.0,56.0
떡볶이,청양고추,59,3,0.051,4.0,57.0
떡볶이,케첩,59,3,0.051,4.0,57.0
떡볶이,우유,59,3,0.051,4.0,57.0
떡볶이,꿀,59,3,0.051,4.0,57.0
떡볶이,버터,59,3,0.051,4.0,57.0
떡볶이,육수,59,2,0.034,3.0,58.0
떡볶이,다시다,59,2,0.034,3.0,58.0
떡볶이,베이컨,59,2,0.034,3.0,58.0
떡볶이,햄,59,2,0.034,3.0,58.0
떡볶이,식초,59,1,0.017,2.0,59.0
떡볶이,쪽파,59,1,0.017,2.0,59.0
떡볶이,성탕,59,1,0.017,2.0,59.0
떡볶이,브로컬리,59,1,0.017,2.0,59.0
떡볶이,허브솔트,59,1,0.017,2.0,59.0
떡볶이,소고기,59,1,0.017,2.0,59.0
떡볶이,표고버섯,59,1,0.017,2.0,59.0
떡볶이,파프리카,59,1,0.017,2.0,59.0
떡볶이,짜장가루,59,1,0.017,2.0,59.0
떡볶이,캡사이신소스,59,1,0.017,2.0,59.0
떡볶이,새우,59,1,0.017,2.0,59.0
떡볶이,매실액,59,1,0.017,2.0,59.0
떡볶이,땅콩,59,1,0.017,2.0,59.0
떡볶이,밀가루,59,1,0.017,2.0,59.0
떡볶이,기름,59,1,0.017,2.0,59.0
떡볶이,MSG,59,1,0.017,2.0,59.0
떡볶이,멸치액젓,59,1,0.017,2.0,59.0
떡볶이,감자,59,1,0.017,2.0,59.0
라볶이,고추장,60,55,0.917,56.0,6.0
라볶이,라면,60,54,0.9,55.0,7.0
라볶이,설탕,60,49,0.817,50.0,12.0
라볶이,고춧가루,60,45,0.75,46.0,16.0
라볶이,떡,60,43,0.717,44.0,18.0
라볶이,대파,60,42,0.7,43.0,19.0
라볶이,물,60,41,0.683,42.0,20.0
라볶이,어묵,60,38,0.633,39.0,23.0
라볶이,간장,60,34,0.567,35.0,27.0
라볶이,올리고당,60,25,0.417,26.0,36.0
라볶이,양파,60,23,0.383,24.0,38.0
라볶이,마늘,60,21,0.35,22.0,40.0
라볶이,양배추,60,15,0.25,16.0,46.0
라볶이,계란,60,11,0.183,12.0,50.0
라볶이,후춧가루,60,10,0.167,11.0,51.0
라볶이,통깨,60,8,0.133,9.0,53.0
라볶이,멸치,60,6,0.1,7.0,55.0
라볶이,당근,60,5,0.083,6.0,56.0
라볶이,식용유,60,4,0.067,5.0,57.0
라볶이,참기름,60,4,0.067,5.0,57.0
라볶이,다시마,60,3,0.05,4.0,58.0
라볶이,만두,60,3,0.05,4.0,58.0
라볶이,맛술,60,3,0.05,4.0,58.0
라볶이,깻잎,60,3,0.05,4.0,58.0
라볶이,매실액,60,2,0.033,3.0,59.0
라볶이,춘장,60,2,0.033,3.0,59.0
라볶이,청양고추,60,2,0.033,3.0,59.0
라볶이,밀떡,60,2,0.033,3.0,59.0
라볶이,쪽파,60,2,0.033,3.0,59.0
라볶이,육수,60,2,0.033,3.0,59.0
라볶이,꿀,60,2,0.033,3.0,59.0
라볶이,소금,60,2,0.033,3.0,59.0
라볶이,고추,60,2,0.033,3.0,59.0
라볶이,소시지,60,1,0.017,2.0,60.0
라볶이,콩나물,60,1,0.017,2.0,60.0
라볶이,닭고기,60,1,0.017,2.0,60.0
라볶이,케첩,60,1,0.017,2.0,60.0
라볶이,굴소스,60,1,0.017,2.0,60.0
라볶이,순대,60,1,0.017,2.0,60.0
라볶이,카레가루,60,1,0.017,2.0,60.0
라볶이,알룰로스,60,1,0.017,2.0,60.0
라볶이,당면,60,1,0.017,2.0,60.0
라볶이,가스오부시국물,60,1,0.017,2.0,60.0
라볶이,표고버섯,60,1,0.017,2.0,60.0
라볶이,다시다,60,1,0.017,2.0,60.0
라볶이,건더기스프,60,1,0.017,2.0,60.0
라볶이,김,60,1,0.017,2.0,60.0
라볶이,치즈,60,1,0.017,2.0,60.0
라볶이,새송이버섯,60,1,0.017,2.0,60.0
라볶이,스프,60,1,0.017,2.0,60.0
라볶이,수제비,60,1,0.017,2.0,60.0
라볶이,배추김치,60,1,0.017,2.0,60.0
라볶이,햄,60,1,0.017,2.0,60.0
라볶이,사리면,60,1,0.017,2.0,60.0
라볶이,소고기,60,1,0.017,2.0,60.0
라볶이,미향,60,1,0.017,2.0,60.0
라볶이,쑥갓,60,1,0.017,2.0,60.0
라볶이,애호박,60,1,0.017,2.0,60.0
라볶이,미숫가루,60,1,0.017,2.0,60.0
라볶이,하모니,60,1,0.017,2.0,60.0
라볶이,오이,60,1,0.017,2.0,60.0
막국수,메밀면,57,52,0.912,53.0,6.0
막국수,통깨,57,41,0.719,42.0,17.0
막국수,식초,57,39,0.684,40.0,19.0
막국수,간장,57,36,0.632,37.0,22.0
막국수,마늘,57,36,0.632,37.0,22.0
막국수,설탕,57,36,0.632,37.0,22.0
막국수,고춧가루,57,33,0.579,34.0,25.0
막국수,오이,57,31,0.544,32.0,27.0
막국수,고추장,57,28,0.491,29.0,30.0
막국수,참기름,57,26,0.456,27.0,32.0
막국수,상추,57,24,0.421,25.0,34.0
막국수,계란,57,24,0.421,25.0,34.0
막국수,양파,57,23,0.404,24.0,35.0
막국수,김,57,21,0.368,22.0,37.0
막국수,당근,57,19,0.333,20.0,39.0
막국수,양배추,57,19,0.333,20.0,39.0
막국수,겨자,57,14,0.246,15.0,44.0
막국수,깻잎,57,14,0.246,15.0,44.0
막국수,육수,57,14,0.246,15.0,44.0
막국수,들기름,57,13,0.228,14.0,45.0
막국수,올리고당,57,12,0.211,13.0,46.0
막국수,사과,57,9,0.158,10.0,49.0
막국수,매실액,57,9,0.158,10.0,49.0
막국수,무,57,8,0.14,9.0,50.0
막국수,소금,57,8,0.14,9.0,50.0
막국수,물,57,7,0.123,8.0,51.0
막국수,들깨,57,7,0.123,8.0,51.0
막국수,열무,57,6,0.105,7.0,52.0
막국수,쌈무,57,6,0.105,7.0,52.0
막국수,꿀,57,6,0.105,7.0,52.0
막국수,대파,57,5,0.088,6.0,53.0
막국수,토마토,57,5,0.088,6.0,53.0
막국수,파프리카,57,5,0.088,6.0,53.0
막국수,사이다,57,4,0.07,5.0,54.0
막국수,닭고기,57,4,0.07,5.0,54.0
막국수,생강,57,4,0.07,5.0,54.0
막국수,쪽파,57,4,0.07,5.0,54.0
막국수,후춧가루,57,4,0.07,5.0,54.0
막국수,채소,57,4,0.07,5.0,54.0
막국수,배,57,4,0.07,5.0,54.0
막국수,쯔유,57,4,0.07,5.0,54.0
막국수,견과류,57,3,0.053,4.0,55.0
막국수,레몬,57,3,0.053,4.0,55.0
막국수,적채,57,2,0.035,3.0,56.0
막국수,멸치액젓,57,2,0.035,3.0,56.0
막국수,배추김치,57,2,0.035,3.0,56.0
막국수,땅콩,57,2,0.035,3.0,56.0
막국수,참치액,57,2,0.035,3.0,56.0
막국수,콩나물,57,2,0.035,3.0,56.0
막국수,돼지고기,57,2,0.035,3.0,56.0
막국수,고추,57,2,0.035,3.0,56.0
막국수,아몬드,57,1,0.018,2.0,57.0
막국수,봄동,57,1,0.018,2.0,57.0
막국수,키위,57,1,0.018,2.0,57.0
막국수,양념장,57,1,0.018,2.0,57.0
막국수,양상추,57,1,0.018,2.0,57.0
막국수,건포도,57,1,0.018,2.0,57.0
막국수,매실,57,1,0.018,2.0,57.0
막국수,간오렌지,57,1,0.018,2.0,57.0
막국수,자두,57,1,0.018,2.0,57.0
막국수,콩가루,57,1,0.018,2.0,57.0
막국수,미나리,57,1,0.018,2.0,57.0
막국수,다시다,57,1,0.018,2.0,57.0
막국수,탄산주스,57,1,0.018,2.0,57.0
막국수,탄산수,57,1,0.018,2.0,57.0
막국수,갈비,57,1,0.018,2.0,57.0
막국수,소면,57,1,0.018,2.0,57.0
막국수,배추,57,1,0.018,2.0,57.0
막국수,청경채,57,1,0.018,2.0,57.0
막국수,맛술,57,1,0.018,2.0,57.0
막국수,된장,57,1,0.018,2.0,57.0
막국수,청정원고기삶는티백,57,1,0.018,2.0,57.0
막국수,사골,57,1,0.018,2.0,57.0
막국수,고추냉이,57,1,0.018,2.0,57.0
막국수,베이비케일,57,1,0.018,2.0,57.0
막국수,복숭아,57,1,0.018,2.0,57.0
막국수,식용유,57,1,0.018,2.0,57.0
막국수,면수,57,1,0.018,2.0,57.0
막국수,스위트콘,57,1,0.018,2.0,57.0
막국수,콩,57,1,0.018,2.0,57.0
막국수,잼,57,1,0.018,2.0,57.0
막국수,귤청,57,1,0.018,2.0,57.0
막국수,소고기,57,1,0.018,2.0,57.0
만두,만두,57,47,0.825,48.0,11.0
만두,간장,57,35,0.614,36.0,23.0
만두,마늘,57,31,0.544,32.0,27.0
만두,후춧가루,57,27,0.474,28.0,31.0
만두,양파,57,24,0.421,25.0,34.0
만두,대파,57,24,0.421,25.0,34.0
만두,소금,57,21,0.368,22.0,37.0
만두,설탕,57,19,0.333,20.0,39.0
만두,돼지고기,57,16,0.281,17.0,42.0
만두,계란,57,16,0.281,17.0,42.0
만두,물,57,16,0.281,17.0,42.0
만두,두부,57,14,0.246,15.0,44.0
만두,식초,57,14,0.246,15.0,44.0
만두,당면,57,13,0.228,14.0,45.0
만두,굴소스,57,13,0.228,14.0,45.0
만두,배추김치,57,12,0.211,13.0,46.0
만두,참기름,57,12,0.211,13.0,46.0
만두,맛술,57,11,0.193,12.0,47.0
만두,식용유,57,11,0.193,12.0,47.0
만두,부추,57,10,0.175,11.0,48.0
만두,고춧가루,57,10,0.175,11.0,48.0
만두,생강,57,9,0.158,10.0,49.0
만두,당근,57,9,0.158,10.0,49.0
만두,떡,57,8,0.14,9.0,50.0
만두,고추장,57,8,0.14,9.0,50.0
만두,통깨,57,8,0.14,9.0,50.0
만두,전분,57,6,0.105,7.0,52.0
만두,올리고당,57,6,0.105,7.0,52.0
만두,표고버섯,57,5,0.088,6.0,53.0
만두,케첩,57,5,0.088,6.0,53.0
만두,멸치,57,5,0.088,6.0,53.0
만두,청양고추,57,5,0.088,6.0,53.0
만두,숙주,57,4,0.07,5.0,54.0
만두,양배추,57,4,0.07,5.0,54.0
만두,쪽파,57,4,0.07,5.0,54.0
만두,사골,57,4,0.07,5.0,54.0
만두,고추,57,4,0.07,5.0,54.0
만두,들기름,57,3,0.053,4.0,55.0
만두,소고기,57,3,0.053,4.0,55.0
만두,매실액,57,3,0.053,4.0,55.0
만두,상추,57,3,0.053,4.0,55.0
만두,기름,57,3,0.053,4.0,55.0
만두,느타리버섯,57,3,0.053,4.0,55.0
만두,라이스페이퍼,57,2,0.035,3.0,56.0
만두,채소,57,2,0.035,3.0,56.0
만두,땅콩,57,2,0.035,3.0,56.0
만두,애호박,57,2,0.035,3.0,56.0
만두,다시마,57,2,0.035,3.0,56.0
만두,소시지,57,2,0.035,3.0,56.0
만두,참치,57,2,0.035,3.0,56.0
만두,파프리카,57,2,0.035,3.0,56.0
만두,깻잎,57,2,0.035,3.0,56.0
만두,오이,57,2,0.035,3.0,56.0
만두,꿀,57,2,0.035,3.0,56.0
만두,치즈,57,2,0.035,3.0,56.0
만두,팽이버섯,57,2,0.035,3.0,56.0
만두,배추,57,2,0.035,3.0,56.0
만두,밥,57,2,0.035,3.0,56.0
만두,목이버섯,57,2,0.035,3.0,56.0
만두,어묵,57,1,0.018,2.0,57.0
만두,다시다,57,1,0.018,2.0,57.0
만두,버섯,57,1,0.018,2.0,57.0
만두,냉이,57,1,0.018,2.0,57.0
만두,후르츠,57,1,0.018,2.0,57.0
만두,밀가루,57,1,0.018,2.0,57.0
만두,백년초가루,57,1,0.018,2.0,57.0
만두,라면,57,1,0.018,2.0,57.0
만두,흙당,57,1,0.018,2.0,57.0
만두,육수,57,1,0.018,2.0,57.0
만두,술,57,1,0.018,2.0,57.0
만두,닭고기,57,1,0.018,2.0,57.0
만두,스위트콘,57,1,0.018,2.0,57.0
만두,새우,57,1,0.018,2.0,57.0
만두,쑥갓,57,1,0.018,2.0,57.0
만두,청경채,57,1,0.018,2.0,57.0
만두,버터,57,1,0.018,2.0,57.0
만두,국수,57,1,0.018,2.0,57.0
만두,소면,57,1,0.018,2.0,57.0
만두,레몬,57,1,0.018,2.0,57.0
만두,김,57,1,0.018,2.0,57.0
만두,잡채,57,1,0.018,2.0,57.0
만두,칠리소스,57,1,0.018,2.0,57.0
만두,감자,57,1,0.018,2.0,57.0
만두,탄탄면소스,57,1,0.018,2.0,57.0
만두,옥수수,57,1,0.018,2.0,57.0
무생채,고춧가루,60,60,1.0,61.0,1.0
무생채,무,60,59,0.983,60.0,2.0
무생채,마늘,60,56,0.933,57.0,5.0
무생채,설탕,60,48,0.8,49.0,13.0
무생채,멸치액젓,60,44,0.733,45.0,17.0
무생채,대파,60,43,0.717,44.0,18.0
무생채,식초,60,42,0.7,43.0,19.0
무생채,소금,60,41,0.683,42.0,20.0
무생채,통깨,60,33,0.55,34.0,28.0
무생채,매실액,60,15,0.25,16.0,46.0
무생채,참기름,60,12,0.2,13.0,49.0
무생채,새우젓,60,8,0.133,9.0,53.0
무생채,쪽파,60,7,0.117,8.0,54.0
무생채,생강,60,7,0.117,8.0,54.0
무생채,올리고당,60,6,0.1,7.0,55.0
무생채,간장,60,5,0.083,6.0,56.0
무생채,양파,60,4,0.067,5.0,57.0
무생채,부추,60,3,0.05,4.0,58.0
무생채,고추,60,2,0.033,3.0,59.0
무생채,무생채무침,60,1,0.017,2.0,60.0
무생채,밥,60,1,0.017,2.0,60.0
무생채,고추장,60,1,0.017,2.0,60.0
무생채,계란,60,1,0.017,2.0,60.0
무생채,청양고추,60,1,0.017,2.0,60.0
무생채,사과,60,1,0.017,2.0,60.0
무생채,원당,60,1,0.017,2.0,60.0
무생채,굴,60,1,0.017,2.0,60.0
무생채,배추,60,1,0.017,2.0,60.0
무생채,새우,60,1,0.017,2.0,60.0
물냉면,계란,57,36,0.632,37.0,22.0
물냉면,식초,57,32,0.561,33.0,26.0
물냉면,오이,57,28,0.491,29.0,30.0
물냉면,냉면,57,28,0.491,29.0,30.0
물냉면,육수,57,26,0.456,27.0,32.0
물냉면,설탕,57,23,0.404,24.0,35.0
물냉면,통깨,57,23,0.404,24.0,35.0
물냉면,무,57,20,0.351,21.0,38.0
물냉면,간장,57,17,0.298,18.0,41.0
물냉면,마늘,57,17,0.298,18.0,41.0
물냉면,고춧가루,57,15,0.263,16.0,43.0
물냉면,물,57,15,0.263,16.0,43.0
물냉면,냉면사리,57,14,0.246,15.0,44.0
물냉면,소금,57,14,0.246,15.0,44.0
물냉면,소고기,57,13,0.228,14.0,45.0
물냉면,쌈무,57,12,0.211,13.0,46.0
물냉면,겨자,57,12,0.211,13.0,46.0
물냉면,고추장,57,11,0.193,12.0,47.0
물냉면,대파,57,11,0.193,12.0,47.0
물냉면,참기름,57,10,0.175,11.0,48.0
물냉면,열무,57,10,0.175,11.0,48.0
물냉면,매실액,57,9,0.158,10.0,49.0
물냉면,후춧가루,57,9,0.158,10.0,49.0
물냉면,양파,57,8,0.14,9.0,50.0
물냉면,올리고당,57,5,0.088,6.0,53.0
물냉면,배,57,5,0.088,6.0,53.0
물냉면,월계수잎,57,4,0.07,5.0,54.0
물냉면,감초,57,3,0.053,4.0,55.0
물냉면,생강,57,3,0.053,4.0,55.0
물냉면,배추김치,57,3,0.053,4.0,55.0
물냉면,토마토,57,3,0.053,4.0,55.0
물냉면,쪽파,57,3,0.053,4.0,55.0
물냉면,사과,57,2,0.035,3.0,56.0
물냉면,다시다,57,2,0.035,3.0,56.0
물냉면,만두,57,2,0.035,3.0,56.0
물냉면,사이다,57,2,0.035,3.0,56.0
물냉면,면,57,1,0.018,2.0,57.0
물냉면,메밀면,57,1,0.018,2.0,57.0
물냉면,멸치액젓,57,1,0.018,2.0,57.0
물냉면,맛술,57,1,0.018,2.0,57.0
물냉면,분말스프,57,1,0.018,2.0,57.0
물냉면,사골,57,1,0.018,2.0,57.0
물냉면,졸면,57,1,0.018,2.0,57.0
물냉면,매운양념,57,1,0.018,2.0,57.0
물냉면,동치미국물,57,1,0.018,2.0,57.0
물냉면,단무지,57,1,0.018,2.0,57.0
물냉면,들기름,57,1,0.018,2.0,57.0
물냉면,다시마,57,1,0.018,2.0,57.0
물냉면,청양고추,57,1,0.018,2.0,57.0
물냉면,소스,57,1,0.018,2.0,57.0
물냉면,팽이버섯,57,1,0.018,2.0,57.0
물냉면,새송이버섯,57,1,0.018,2.0,57.0
물냉면,전분,57,1,0.018,2.0,57.0
물냉면,기름,57,1,0.018,2.0,57.0
물냉면,동치미,57,1,0.018,2.0,57.0
물냉면,소면,57,1,0.018,2.0,57.0
물냉면,비빔장,57,1,0.018,2.0,57.0
물냉면,유자청,57,1,0.018,2.0,57.0
물냉면,라면,57,1,0.018,2.0,57.0
물냉면,신화당,57,1,0.018,2.0,57.0
물냉면,메추리알,57,1,0.018,2.0,57.0
물냉면,채소,57,1,0.018,2.0,57.0
물냉면,칡면,57,1,0.018,2.0,57.0
물냉면,초장,57,1,0.018,2.0,57.0
물냉면,닭고기,57,1,0.018,2.0,57.0
물냉면,대추,57,1,0.018,2.0,57.0
물냉면,구기자,57,1,0.018,2.0,57.0
물냉면,엄나무/뽕나무,57,1,0.018,2.0,57.0
물냉면,당근,57,1,0.018,2.0,57.0
물냉면,꿀,57,1,0.018,2.0,57.0
물냉면,만능양점장,57,1,0.018,2.0,57.0
물냉면,살치살,57,1,0.018,2.0,57.0
물냉면,된장,57,1,0.018,2.0,57.0
물냉면,고추냉이,57,1,0.018,2.0,57.0
물냉면,모듬새싹,57,1,0.018,2.0,57.0
물냉면,밀가루,57,1,0.018,2.0,57.0
물냉면,식용유,57,1,0.018,2.0,57.0
물냉면,양념소스,57,1,0.018,2.0,57.0
물냉면,수박,57,1,0.018,2.0,57.0
물냉면,감자,57,1,0.018,2.0,57.0
물냉면,밀떡,57,1,0.018,2.0,57.0
물냉면,어묵,57,1,0.018,2.0,57.0
미역국,미역,59,59,1.0,60.0,1.0
미역국,간장,59,54,0.915,55.0,6.0
미역국,마늘,59,51,0.864,52.0,9.0
미역국,소금,59,46,0.78,47.0,14.0
미역국,참기름,59,43,0.729,44.0,17.0
미역국,소고기,59,27,0.458,28.0,33.0
미역국,물,59,20,0.339,21.0,40.0
미역국,멸치액젓,59,18,0.305,19.0,42.0
미역국,들기름,59,10,0.169,11.0,50.0
미역국,쌀뜨물,59,9,0.153,10.0,51.0
미역국,후춧가루,59,8,0.136,9.0,52.0
미역국,맛술,59,4,0.068,5.0,56.0
미역국,멸치,59,4,0.068,5.0,56.0
미역국,된장,59,3,0.051,4.0,57.0
미역국,참치액,59,3,0.051,4.0,57.0
미역국,다시다,59,2,0.034,3.0,58.0
미역국,닭고기,59,2,0.034,3.0,58.0
미역국,굴,59,2,0.034,3.0,58.0
미역국,황태,59,2,0.034,3.0,58.0
미역국,참치,59,2,0.034,3.0,58.0
미역국,연두,59,2,0.034,3.0,58.0
미역국,사골,59,1,0.017,2.0,59.0
미역국,피쉬소스,59,1,0.017,2.0,59.0
미역국,들깨,59,1,0.017,2.0,59.0
미역국,두부,59,1,0.017,2.0,59.0
미역국,팽이버섯,59,1,0.017,2.0,59.0
미역국,새우,59,1,0.017,2.0,59.0
미역국,새우젓,59,1,0.017,2.0,59.0
미역국,전복,59,1,0.017,2.0,59.0
미역국,냉수,59,1,0.017,2.0,59.0
미역국,바지락,59,1,0.017,2.0,59.0
미역국,국거리,59,1,0.017,2.0,59.0
미역국,육수,59,1,0.017,2.0,59.0
배추김치,마늘,57,56,0.982,57.0,2.0
배추김치,멸치액젓,57,55,0.965,56.0,3.0
배추김치,고춧가루,57,55,0.965,56.0,3.0
배추김치,배추,57,54,0.947,55.0,4.0
배추김치,소금,57,45,0.789,46.0,13.0
배추김치,생강,57,43,0.754,44.0,15.0
배추김치,새우젓,57,40,0.702,41.0,18.0
배추김치,양파,57,35,0.614,36.0,23.0
배추김치,물,57,33,0.579,34.0,25.0
배추김치,설탕,57,32,0.561,33.0,26.0
배추김치,쪽파,57,31,0.544,32.0,27.0
배추김치,매실액,57,27,0.474,28.0,31.0
배추김치,무,57,26,0.456,27.0,32.0
배추김치,고추,57,18,0.316,19.0,40.0
배추김치,찹쌀가루,57,18,0.316,19.0,40.0
배추김치,대파,57,17,0.298,18.0,41.0
배추김치,부추,57,15,0.263,16.0,43.0
배추김치,사과,57,14,0.246,15.0,44.0
배추김치,배,57,12,0.211,13.0,46.0
배추김치,멸치,57,12,0.211,13.0,46.0
배추김치,찹쌀풀,57,10,0.175,11.0,48.0
배추김치,당근,57,10,0.175,11.0,48.0
배추김치,밀가루,57,9,0.158,10.0,49.0
배추김치,밥,57,9,0.158,10.0,49.0
배추김치,통깨,57,8,0.14,9.0,50.0
배추김치,육수,57,7,0.123,8.0,51.0
배추김치,새우,57,5,0.088,6.0,53.0
배추김치,갓,57,5,0.088,6.0,53.0
배추김치,다시마,57,5,0.088,6.0,53.0
배추김치,찹쌀,57,4,0.07,5.0,54.0
배추김치,배즙,57,3,0.053,4.0,55.0
배추김치,배추김치,57,3,0.053,4.0,55.0
배추김치,청양고추,57,3,0.053,4.0,55.0
배추김치,올리고당,57,3,0.053,4.0,55.0
배추김치,해물,57,2,0.035,3.0,56.0
배추김치,다시다,57,2,0.035,3.0,56.0
배추김치,고구마,57,2,0.035,3.0,56.0
배추김치,미나리,57,2,0.035,3.0,56.0
배추김치,황태,57,2,0.035,3.0,56.0
배추김치,돼지고기,57,1,0.018,2.0,57.0
배추김치,들기름,57,1,0.018,2.0,57.0
배추김치,후춧가루,57,1,0.018,2.0,57.0
배추김치,간장,57,1,0.018,2.0,57.0
배추김치,김치국물,57,1,0.018,2.0,57.0
배추김치,열무,57,1,0.018,2.0,57.0
배추김치,원당,57,1,0.018,2.0,57.0
배추김치,매실,57,1,0.018,2.0,57.0
배추김치,양패,57,1,0.018,2.0,57.0
배추김치,얼갈이,57,1,0.018,2.0,57.0
배추김치,세모가시리,57,1,0.018,2.0,57.0
배추김치,파프리카,57,1,0.018,2.0,57.0
배추김치,건청각,57,1,0.018,2.0,57.0
배추김치,갈치속젓,57,1,0.018,2.0,57.0
배추김치,밴댕이,57,1,0.018,2.0,57.0
배추김치,표고버섯,57,1,0.018,2.0,57.0
배추김치,굴,57,1,0.018,2.0,57.0
배추김치,수육,57,1,0.018,2.0,57.0
배추김치,북어,57,1,0.018,2.0,57.0
배추김치,콩,57,1,0.018,2.0,57.0
배추김치,진젓,57,1,0.018,2.0,57.0
배추김치,풀국,57,1,0.018,2.0,57.0
배추김치,조개,57,1,0.018,2.0,57.0
배추김치,조미료,57,1,0.018,2.0,57.0
배추김치,뉴슈가,57,1,0.018,2.0,57.0
배추김치,멥쌀가루,57,1,0.018,2.0,57.0
배추김치,장아찌원액,57,1,0.018,2.0,57.0
배추김치,복숭아,57,1,0.018,2.0,57.0
백김치,배추,56,54,0.964,55.0,3.0
백김치,마늘,56,53,0.946,54.0,4.0
백김치,소금,56,47,0.839,48.0,10.0
백김치,생강,56,47,0.839,48.0,10.0
백김치,무,56,43,0.768,44.0,14.0
백김치,양파,56,43,0.768,44.0,14.0
백김치,쪽파,56,41,0.732,42.0,16.0
백김치,배,56,41,0.732,42.0,16.0
백김치,물,56,35,0.625,36.0,22.0
백김치,당근,56,28,0.5,29.0,29.0
백김치,고추,56,28,0.5,29.0,29.0
백김치,멸치액젓,56,22,0.393,23.0,35.0
백김치,새우젓,56,20,0.357,21.0,37.0
백김치,찹쌀가루,56,15,0.268,16.0,42.0
백김치,대추,56,14,0.25,15.0,43.0
백김치,설탕,56,14,0.25,15.0,43.0
백김치,대파,56,13,0.232,14.0,44.0
백김치,사과,56,12,0.214,13.0,45.0
백김치,매실액,56,11,0.196,12.0,46.0
백김치,찹쌀풀,56,11,0.196,12.0,46.0
백김치,뉴슈가,56,10,0.179,11.0,47.0
백김치,다시마,56,8,0.143,9.0,49.0
백김치,갓,56,8,0.143,9.0,49.0
백김치,미나리,56,6,0.107,7.0,51.0
백김치,육수,56,6,0.107,7.0,51.0
백김치,밥,56,5,0.089,6.0,52.0
백김치,청양고추,56,5,0.089,6.0,52.0
백김치,밀가루,56,5,0.089,6.0,52.0
백김치,멸치,56,4,0.071,5.0,53.0
백김치,찹쌀,56,4,0.071,5.0,53.0
백김치,파프리카,56,3,0.054,4.0,54.0
백김치,부추,56,3,0.054,4.0,54.0
백김치,감자,56,2,0.036,3.0,55.0
백김치,소주,56,2,0.036,3.0,55.0
백김치,밤,56,2,0.036,3.0,55.0
백김치,황태,56,2,0.036,3.0,55.0
백김치,쌀,56,1,0.018,2.0,56.0
백김치,풀물,56,1,0.018,2.0,56.0
백김치,키위,56,1,0.018,2.0,56.0
백김치,고구마,56,1,0.018,2.0,56.0
백김치,신화당,56,1,0.018,2.0,56.0
백김치,양배추,56,1,0.018,2.0,56.0
백김치,다시백중,56,1,0.018,2.0,56.0
백김치,잣,56,1,0.018,2.0,56.0
백김치,소고기,56,1,0.018,2.0,56.0
백김치,배추김치,56,1,0.018,2.0,56.0
백김치,들기름,56,1,0.018,2.0,56.0
백김치,장아찌원액,56,1,0.018,2.0,56.0
백김치,블루베리발효액,56,1,0.018,2.0,56.0
백김치,새우,56,1,0.018,2.0,56.0
백김치,배즙,56,1,0.018,2.0,56.0
백김치,표고버섯,56,1,0.018,2.0,56.0
백김치,차조기잎,56,1,0.018,2.0,56.0
백김치,콩,56,1,0.018,2.0,56.0
백김치,와인,56,1,0.018,2.0,56.0
백김치,적채,56,1,0.018,2.0,56.0
백김치,산야초효소,56,1,0.018,2.0,56.0
백김치,매실,56,1,0.018,2.0,56.0
백김치,맛술,56,1,0.018,2.0,56.0
보쌈,돼지고기,55,49,0.891,50.0,7.0
보쌈,마늘,55,42,0.764,43.0,14.0
보쌈,대파,55,36,0.655,37.0,20.0
보쌈,된장,55,35,0.636,36.0,21.0
보쌈,후춧가루,55,30,0.545,31.0,26.0
보쌈,양파,55,27,0.491,28.0,29.0
보쌈,물,55,25,0.455,26.0,31.0
보쌈,월계수잎,55,22,0.4,23.0,34.0
보쌈,생강,55,21,0.382,22.0,35.0
보쌈,커피가루,55,19,0.345,20.0,37.0
보쌈,맛술,55,16,0.291,17.0,40.0
보쌈,간장,55,15,0.273,16.0,41.0
보쌈,소금,55,14,0.255,15.0,42.0
보쌈,설탕,55,12,0.218,13.0,44.0
보쌈,고춧가루,55,11,0.2,12.0,45.0
보쌈,올리고당,55,10,0.182,11.0,46.0
보쌈,새우젓,55,10,0.182,11.0,46.0
보쌈,통깨,55,9,0.164,10.0,47.0
보쌈,무,55,9,0.164,10.0,47.0
보쌈,청양고추,55,8,0.145,9.0,48.0
보쌈,멸치액젓,55,7,0.127,8.0,49.0
보쌈,배추,55,6,0.109,7.0,50.0
보쌈,참기름,55,6,0.109,7.0,50.0
보쌈,배추김치,55,6,0.109,7.0,50.0
보쌈,소주,55,5,0.091,6.0,51.0
보쌈,계피,55,4,0.073,5.0,52.0
보쌈,식초,55,4,0.073,5.0,52.0
보쌈,매실액,55,4,0.073,5.0,52.0
보쌈,보쌈용고기,55,3,0.055,4.0,53.0
보쌈,부추,55,3,0.055,4.0,53.0
보쌈,고추,55,3,0.055,4.0,53.0
보쌈,맥주,55,3,0.055,4.0,53.0
보쌈,쪽파,55,3,0.055,4.0,53.0
보쌈,식용유,55,3,0.055,4.0,53.0
보쌈,느타리버섯,55,2,0.036,3.0,54.0
보쌈,굴,55,2,0.036,3.0,54.0
보쌈,황기,55,2,0.036,3.0,54.0
보쌈,팔각,55,1,0.018,2.0,55.0
보쌈,겨자,55,1,0.018,2.0,55.0
보쌈,굴소스,55,1,0.018,2.0,55.0
보쌈,육수,55,1,0.018,2.0,55.0
보쌈,쌍화탕,55,1,0.018,2.0,55.0
보쌈,연잎,55,1,0.018,2.0,55.0
보쌈,당귀,55,1,0.018,2.0,55.0
보쌈,홍삼액기스,55,1,0.018,2.0,55.0
보쌈,세발나물,55,1,0.018,2.0,55.0
보쌈,고추장,55,1,0.018,2.0,55.0
보쌈,감초,55,1,0.018,2.0,55.0
보쌈,뉴슈가,55,1,0.018,2.0,55.0
보쌈,명이나물,55,1,0.018,2.0,55.0
보쌈,당근,55,1,0.018,2.0,55.0
보쌈,듼장,55,1,0.018,2.0,55.0
보쌈,월게수잎,55,1,0.018,2.0,55.0
보쌈,유자,55,1,0.018,2.0,55.0
보쌈,알거피,55,1,0.018,2.0,55.0
보쌈,미나리,55,1,0.018,2.0,55.0
보쌈,매실,55,1,0.018,2.0,55.0
보쌈,한약재우린물,55,1,0.018,2.0,55.0
보쌈,고추기름,55,1,0.018,2.0,55.0
보쌈,꿀,55,1,0.018,2.0,55.0
보쌈,조림장용,55,1,0.018,2.0,55.0
보쌈,새우,55,1,0.018,2.0,55.0
보쌈,미향,55,1,0.018,2.0,55.0
보쌈,바질,55,1,0.018,2.0,55.0
보쌈,수육용고기,55,1,0.018,2.0,55.0
보쌈,장군차,55,1,0.018,2.0,55.0
보쌈,양배추,55,1,0.018,2.0,55.0
보쌈,브로콜리,55,1,0.018,2.0,55.0
보쌈,배,55,1,0.018,2.0,55.0
보쌈,콜라,55,1,0.018,2.0,55.0
보쌈,대추,55,1,0.018,2.0,55.0
부대찌개,햄,46,46,1.0,47.0,1.0
부대찌개,고춧가루,46,44,0.957,45.0,3.0
부대찌개,대파,46,43,0.935,44.0,4.0
부대찌개,마늘,46,43,0.935,44.0,4.0
부대찌개,배추김치,46,42,0.913,43.0,5.0
부대찌개,간장,46,41,0.891,42.0,6.0
부대찌개,양파,46,33,0.717,34.0,14.0
부대찌개,소시지,46,32,0.696,33.0,15.0
부대찌개,두부,46,28,0.609,29.0,19.0
부대찌개,고추장,46,25,0.543,26.0,22.0
부대찌개,사골,46,24,0.522,25.0,23.0
부대찌개,라면,46,23,0.5,24.0,24.0
부대찌개,후춧가루,46,21,0.457,22.0,26.0
부대찌개,맛술,46,20,0.435,21.0,27.0
부대찌개,설탕,46,18,0.391,19.0,29.0
부대찌개,떡,46,16,0.348,17.0,31.0
부대찌개,물,46,14,0.304,15.0,33.0
부대찌개,청양고추,46,12,0.261,13.0,35.0
부대찌개,베이크드빈스,46,12,0.261,13.0,35.0
부대찌개,치즈,46,11,0.239,12.0,36.0
부대찌개,팽이버섯,46,11,0.239,12.0,36.0
부대찌개,콩나물,46,11,0.239,12.0,36.0
부대찌개,돼지고기,46,10,0.217,11.0,37.0
부대찌개,고추,46,7,0.152,8.0,40.0
부대찌개,멸치,46,7,0.152,8.0,40.0
부대찌개,만두,46,6,0.13,7.0,41.0
부대찌개,된장,46,5,0.109,6.0,42.0
부대찌개,당면,46,4,0.087,5.0,43.0
부대찌개,멸치액젓,46,4,0.087,5.0,43.0
부대찌개,콩,46,4,0.087,5.0,43.0
부대찌개,소금,46,4,0.087,5.0,43.0
부대찌개,애호박,46,4,0.087,5.0,43.0
부대찌개,어묵,46,4,0.087,5.0,43.0
부대찌개,비엔나,46,3,0.065,4.0,44.0
부대찌개,버섯,46,3,0.065,4.0,44.0
부대찌개,올리고당,46,3,0.065,4.0,44.0
부대찌개,느타리버섯,46,3,0.065,4.0,44.0
부대찌개,소고기,46,2,0.043,3.0,45.0
부대찌개,다시마,46,2,0.043,3.0,45.0
부대찌개,베이컨,46,2,0.043,3.0,45.0
부대찌개,육수,46,2,0.043,3.0,45.0
부대찌개,매실액,46,2,0.043,3.0,45.0
부대찌개,무,46,2,0.043,3.0,45.0
부대찌개,쌀뜨물,46,2,0.043,3.0,45.0
부대찌개,새송이버섯,46,2,0.043,3.0,45.0
부대찌개,고기,46,1,0.022,2.0,46.0
부대찌개,채소,46,1,0.022,2.0,46.0
부대찌개,감자,46,1,0.022,2.0,46.0
부대찌개,식초,46,1,0.022,2.0,46.0
부대찌개,케첩,46,1,0.022,2.0,46.0
부대찌개,쪽파,46,1,0.022,2.0,46.0
부대찌개,포크빈스,46,1,0.022,2.0,46.0
부대찌개,천연조미가루,46,1,0.022,2.0,46.0
부대찌개,참치,46,1,0.022,2.0,46.0
부대찌개,시판부대찌개양념,46,1,0.022,2.0,46.0
부대찌개,생강,46,1,0.022,2.0,46.0
부대찌개,소주,46,1,0.022,2.0,46.0
부대찌개,콩가루,46,1,0.022,2.0,46.0
부대찌개,쑥갓,46,1,0.022,2.0,46.0
부대찌개,배추,46,1,0.022,2.0,46.0
부대찌개,베이크빈,46,1,0.022,2.0,46.0
부대찌개,파스타면,46,1,0.022,2.0,46.0
부추김치,부추,59,59,1.0,60.0,1.0
부추김치,고춧가루,59,56,0.949,57.0,4.0
부추김치,멸치액젓,59,54,0.915,55.0,6.0
부추김치,마늘,59,54,0.915,55.0,6.0
부추김치,매실액,59,42,0.712,43.0,18.0
부추김치,양파,59,36,0.61,37.0,24.0
부추김치,통깨,59,27,0.458,28.0,33.0
부추김치,생강,59,26,0.441,27.0,34.0
부추김치,설탕,59,25,0.424,26.0,35.0
부추김치,새우젓,59,25,0.424,26.0,35.0
부추김치,당근,59,18,0.305,19.0,42.0
부추김치,찹쌀풀,59,11,0.186,12.0,49.0
부추김치,찹쌀가루,59,11,0.186,12.0,49.0
부추김치,물,59,9,0.153,10.0,51.0
부추김치,간장,59,8,0.136,9.0,52.0
부추김치,고추,59,7,0.119,8.0,53.0
부추김치,청양고추,59,6,0.102,7.0,54.0
부추김치,소금,59,6,0.102,7.0,54.0
부추김치,멸치,59,5,0.085,6.0,55.0
부추김치,오이,59,4,0.068,5.0,56.0
부추김치,참기름,59,4,0.068,5.0,56.0
부추김치,밥,59,3,0.051,4.0,57.0
부추김치,배,59,3,0.051,4.0,57.0
부추김치,사과,59,3,0.051,4.0,57.0
부추김치,참치액,59,2,0.034,3.0,58.0
부추김치,식초,59,2,0.034,3.0,58.0
부추김치,풀죽,59,2,0.034,3.0,58.0
부추김치,다시마,59,2,0.034,3.0,58.0
부추김치,대파,59,2,0.034,3.0,58.0
부추김치,쪽파,59,2,0.034,3.0,58.0
부추김치,올리고당,59,2,0.034,3.0,58.0
부추김치,후춧가루,59,1,0.017,2.0,59.0
부추김치,콩가루,59,1,0.017,2.0,59.0
부추김치,배추김치,59,1,0.017,2.0,59.0
부추김치,밀가루,59,1,0.017,2.0,59.0
부추김치,다오네장아찌원액,59,1,0.017,2.0,59.0
부추김치,블루베리발효액,59,1,0.017,2.0,59.0
부추김치,브로콜리,59,1,0.017,2.0,59.0
부추김치,배즙,59,1,0.017,2.0,59.0
부추김치,홍시즙,59,1,0.017,2.0,59.0
부추김치,꽃게,59,1,0.017,2.0,59.0
부추김치,젓갈,59,1,0.017,2.0,59.0
부추김치,새우,59,1,0.017,2.0,59.0
부추김치,육수,59,1,0.017,2.0,59.0
부추김치,원당듬뿍맛을보고싱거우면조금씩더추가하기,59,1,0.017,2.0,59.0
불고기,마늘,58,56,0.966,57.0,3.0
불고기,간장,58,54,0.931,55.0,5.0
불고기,설탕,58,49,0.845,50.0,10.0
불고기,양파,58,46,0.793,47.0,13.0
불고기,대파,58,44,0.759,45.0,15.0
불고기,후춧가루,58,41,0.707,42.0,18.0
불고기,참기름,58,38,0.655,39.0,21.0
불고기,맛술,58,30,0.517,31.0,29.0
불고기,돼지고기,58,29,0.5,30.0,30.0
불고기,통깨,58,28,0.483,29.0,31.0
불고기,소고기,58,26,0.448,27.0,33.0
불고기,고춧가루,58,21,0.362,22.0,38.0
불고기,올리고당,58,20,0.345,21.0,39.0
불고기,생강,58,17,0.293,18.0,42.0
불고기,고추장,58,17,0.293,18.0,42.0
불고기,청양고추,58,15,0.259,16.0,44.0
불고기,당근,58,13,0.224,14.0,46.0
불고기,매실액,58,13,0.224,14.0,46.0
불고기,물,58,11,0.19,12.0,48.0
불고기,깻잎,58,9,0.155,10.0,50.0
불고기,식용유,58,8,0.138,9.0,51.0
불고기,배,58,8,0.138,9.0,51.0
불고기,고추,58,8,0.138,9.0,51.0
불고기,콩나물,58,8,0.138,9.0,51.0
불고기,소금,58,7,0.121,8.0,52.0
불고기,버섯,58,6,0.103,7.0,53.0
불고기,당면,58,6,0.103,7.0,53.0
불고기,팽이버섯,58,6,0.103,7.0,53.0
불고기,오징어,58,6,0.103,7.0,53.0
불고기,쪽파,58,5,0.086,6.0,54.0
불고기,표고버섯,58,5,0.086,6.0,54.0
불고기,느타리버섯,58,5,0.086,6.0,54.0
불고기,소주,58,4,0.069,5.0,55.0
불고기,꿀,58,3,0.052,4.0,56.0
불고기,멸치액젓,58,3,0.052,4.0,56.0
불고기,새송이버섯,58,3,0.052,4.0,56.0
불고기,굴소스,58,3,0.052,4.0,56.0
불고기,고수,58,2,0.034,3.0,57.0
불고기,양상추,58,2,0.034,3.0,57.0
불고기,치즈,58,2,0.034,3.0,57.0
불고기,사과,58,2,0.034,3.0,57.0
불고기,다시마,58,2,0.034,3.0,57.0
불고기,숙주,58,2,0.034,3.0,57.0
불고기,식초,58,2,0.034,3.0,57.0
불고기,쭈꾸미,58,2,0.034,3.0,57.0
불고기,양배추,58,2,0.034,3.0,57.0
불고기,밥,58,1,0.017,2.0,58.0
불고기,빵,58,1,0.017,2.0,58.0
불고기,가지,58,1,0.017,2.0,58.0
불고기,허브솔트,58,1,0.017,2.0,58.0
불고기,우엉,58,1,0.017,2.0,58.0
불고기,키위,58,1,0.017,2.0,58.0
불고기,부추,58,1,0.017,2.0,58.0
불고기,배즙,58,1,0.017,2.0,58.0
불고기,애호박,58,1,0.017,2.0,58.0
불고기,계란,58,1,0.017,2.0,58.0
불고기,전분,58,1,0.017,2.0,58.0
불고기,멸치,58,1,0.017,2.0,58.0
불고기,조개,58,1,0.017,2.0,58.0
불고기,채소,58,1,0.017,2.0,58.0
불고기,배추,58,1,0.017,2.0,58.0
불고기,육수,58,1,0.017,2.0,58.0
불고기,겨자,58,1,0.017,2.0,58.0
불고기,샐러리,58,1,0.017,2.0,58.0
불고기,두부,58,1,0.017,2.0,58.0
불고기,양송이버섯,58,1,0.017,2.0,58.0
불고기,파슬리,58,1,0.017,2.0,58.0
불고기,카레가루,58,1,0.017,2.0,58.0
불고기,들기름,58,1,0.017,2.0,58.0
불고기,미향,58,1,0.017,2.0,58.0
불고기,생오리슬라이스,58,1,0.017,2.0,58.0
불고기,떡,58,1,0.017,2.0,58.0
붕어빵,우유,53,32,0.604,33.0,22.0
붕어빵,계란,53,30,0.566,31.0,24.0
붕어빵,팥,53,27,0.509,28.0,27.0
붕어빵,설탕,53,21,0.396,22.0,33.0
붕어빵,소금,53,21,0.396,22.0,33.0
붕어빵,물,53,18,0.34,19.0,36.0
붕어빵,밀가루,53,17,0.321,18.0,37.0
붕어빵,베이킹파우더,53,17,0.321,18.0,37.0
붕어빵,버터,53,15,0.283,16.0,39.0
붕어빵,빵,53,14,0.264,15.0,40.0
붕어빵,식용유,53,14,0.264,15.0,40.0
붕어빵,찹쌀가루,53,12,0.226,13.0,42.0
붕어빵,핫케이크가루,53,10,0.189,11.0,44.0
붕어빵,치즈,53,10,0.189,11.0,44.0
붕어빵,기름,53,6,0.113,7.0,48.0
붕어빵,커스터드크림,53,6,0.113,7.0,48.0
붕어빵,고구마,53,5,0.094,6.0,49.0
붕어빵,양파,53,4,0.075,5.0,50.0
붕어빵,토마토,53,4,0.075,5.0,50.0
붕어빵,바닐라빈,53,4,0.075,5.0,50.0
붕어빵,옥수수,53,3,0.057,4.0,51.0
붕어빵,베이킹소다,53,3,0.057,4.0,51.0
붕어빵,대파,53,3,0.057,4.0,51.0
붕어빵,간장,53,3,0.057,4.0,51.0
붕어빵,마늘,53,3,0.057,4.0,51.0
붕어빵,호두,53,3,0.057,4.0,51.0
붕어빵,후춧가루,53,3,0.057,4.0,51.0
붕어빵,새우,53,2,0.038,3.0,52.0
붕어빵,참치,53,2,0.038,3.0,52.0
붕어빵,감자,53,2,0.038,3.0,52.0
붕어빵,피망,53,2,0.038,3.0,52.0
붕어빵,햄,53,2,0.038,3.0,52.0
붕어빵,케첩,53,2,0.038,3.0,52.0
붕어빵,올리고당,53,2,0.038,3.0,52.0
붕어빵,멥쌀가루,53,2,0.038,3.0,52.0
붕어빵,팬케이크믹스,53,2,0.038,3.0,52.0
붕어빵,애호박,53,2,0.038,3.0,52.0
붕어빵,핫케이크믹스,53,2,0.038,3.0,52.0
붕어빵,고추,53,2,0.038,3.0,52.0
붕어빵,전분,53,2,0.038,3.0,52.0
붕어빵,굴소스,53,2,0.038,3.0,52.0
붕어빵,백색앙금,53,1,0.019,2.0,53.0
붕어빵,백앙금,53,1,0.019,2.0,53.0
붕어빵,명란젓,53,1,0.019,2.0,53.0
붕어빵,누텔라,53,1,0.019,2.0,53.0
붕어빵,땅콩,53,1,0.019,2.0,53.0
붕어빵,잼,53,1,0.019,2.0,53.0
붕어빵,초코칩,53,1,0.019,2.0,53.0
붕어빵,양갱,53,1,0.019,2.0,53.0
붕어빵,초콜릿,53,1,0.019,2.0,53.0
붕어빵,인절미,53,1,0.019,2.0,53.0
붕어빵,묵은발효종,53,1,0.019,2.0,53.0
붕어빵,붕붕믹스,53,1,0.019,2.0,53.0
붕어빵,백년초가루,53,1,0.019,2.0,53.0
붕어빵,와플믹스,53,1,0.019,2.0,53.0
붕어빵,생크림,53,1,0.019,2.0,53.0
붕어빵,디크초콜릿칩,53,1,0.019,2.0,53.0
붕어빵,시판용믹스,53,1,0.019,2.0,53.0
붕어빵,고등어,53,1,0.019,2.0,53.0
붕어빵,배추김치,53,1,0.019,2.0,53.0
붕어빵,무,53,1,0.019,2.0,53.0
붕어빵,청양고추,53,1,0.019,2.0,53.0
붕어빵,멸치액젓,53,1,0.019,2.0,53.0
붕어빵,생강,53,1,0.019,2.0,53.0
붕어빵,고춧가루,53,1,0.019,2.0,53.0
붕어빵,곤약,53,1,0.019,2.0,53.0
붕어빵,시금치,53,1,0.019,2.0,53.0
붕어빵,어묵,53,1,0.019,2.0,53.0
붕어빵,맛살,53,1,0.019,2.0,53.0
붕어빵,장조림,53,1,0.019,2.0,53.0
붕어빵,느타리버섯,53,1,0.019,2.0,53.0
붕어빵,꿀,53,1,0.019,2.0,53.0
붕어빵,스위트콘,53,1,0.019,2.0,53.0
붕어빵,모짜렐라,53,1,0.019,2.0,53.0
붕어빵,건블루베리,53,1,0.019,2.0,53.0
붕어빵,견과류,53,1,0.019,2.0,53.0
붕어빵,슈가파우더,53,1,0.019,2.0,53.0
붕어빵,맛술,53,1,0.019,2.0,53.0
붕어빵,칠리소스,53,1,0.019,2.0,53.0
붕어빵,표고버섯,53,1,0.019,2.0,53.0
붕어빵,돼지고기,53,1,0.019,2.0,53.0
붕어빵,술,53,1,0.019,2.0,53.0
붕어빵,고추기름,53,1,0.019,2.0,53.0
붕어빵,와플반죽,53,1,0.019,2.0,53.0
붕어빵,파스타소스,53,1,0.019,2.0,53.0
비빔냉면,고춧가루,59,42,0.712,43.0,18.0
비빔냉면,간장,59,42,0.712,43.0,18.0
비빔냉면,설탕,59,41,0.695,42.0,19.0
비빔냉면,마늘,59,40,0.678,41.0,20.0
비빔냉면,식초,59,40,0.678,41.0,20.0
비빔냉면,계란,59,39,0.661,40.0,21.0
비빔냉면,오이,59,38,0.644,39.0,22.0
비빔냉면,통깨,59,36,0.61,37.0,24.0
비빔냉면,고추장,59,33,0.559,34.0,27.0
비빔냉면,참기름,59,28,0.475,29.0,32.0
비빔냉면,냉면,59,27,0.458,28.0,33.0
비빔냉면,매실액,59,23,0.39,24.0,37.0
비빔냉면,냉면사리,59,19,0.322,20.0,41.0
비빔냉면,양파,59,19,0.322,20.0,41.0
비빔냉면,무,59,15,0.254,16.0,45.0
비빔냉면,육수,59,12,0.203,13.0,48.0
비빔냉면,쌈무,59,12,0.203,13.0,48.0
비빔냉면,대파,59,11,0.186,12.0,49.0
비빔냉면,소금,59,11,0.186,12.0,49.0
비빔냉면,올리고당,59,10,0.169,11.0,50.0
비빔냉면,배,59,9,0.153,10.0,51.0
비빔냉면,생강,59,9,0.153,10.0,51.0
비빔냉면,사과,59,7,0.119,8.0,53.0
비빔냉면,토마토,59,7,0.119,8.0,53.0
비빔냉면,물,59,6,0.102,7.0,54.0
비빔냉면,사이다,59,5,0.085,6.0,55.0
비빔냉면,배추김치,59,5,0.085,6.0,55.0
비빔냉면,상추,59,5,0.085,6.0,55.0
비빔냉면,당근,59,5,0.085,6.0,55.0
비빔냉면,겨자,59,5,0.085,6.0,55.0
비빔냉면,고추,59,5,0.085,6.0,55.0
비빔냉면,후춧가루,59,5,0.085,6.0,55.0
비빔냉면,돼지고기,59,5,0.085,6.0,55.0
비빔냉면,맛술,59,4,0.068,5.0,56.0
비빔냉면,소고기,59,4,0.068,5.0,56.0
비빔냉면,깻잎,59,3,0.051,4.0,57.0
비빔냉면,멸치액젓,59,3,0.051,4.0,57.0
비빔냉면,파프리카,59,3,0.051,4.0,57.0
비빔냉면,꿀,59,3,0.051,4.0,57.0
비빔냉면,들기름,59,3,0.051,4.0,57.0
비빔냉면,다시다,59,3,0.051,4.0,57.0
비빔냉면,식용유,59,3,0.051,4.0,57.0
비빔냉면,양념장,59,2,0.034,3.0,58.0
비빔냉면,포도당,59,2,0.034,3.0,58.0
비빔냉면,구연산,59,2,0.034,3.0,58.0
비빔냉면,열무,59,2,0.034,3.0,58.0
비빔냉면,수박,59,2,0.034,3.0,58.0
비빔냉면,참외,59,2,0.034,3.0,58.0
비빔냉면,미향,59,2,0.034,3.0,58.0
비빔냉면,부추,59,2,0.034,3.0,58.0
비빔냉면,굴소스,59,2,0.034,3.0,58.0
비빔냉면,청양고추,59,2,0.034,3.0,58.0
비빔냉면,만능양점장,59,1,0.017,2.0,59.0
비빔냉면,견과류,59,1,0.017,2.0,59.0
비빔냉면,라임,59,1,0.017,2.0,59.0
비빔냉면,새싹,59,1,0.017,2.0,59.0
비빔냉면,면,59,1,0.017,2.0,59.0
비빔냉면,양배추,59,1,0.017,2.0,59.0
비빔냉면,매실,59,1,0.017,2.0,59.0
비빔냉면,초장,59,1,0.017,2.0,59.0
비빔냉면,콩나물,59,1,0.017,2.0,59.0
비빔냉면,청경채,59,1,0.017,2.0,59.0
비빔냉면,비빔면,59,1,0.017,2.0,59.0
비빔냉면,왕교자,59,1,0.017,2.0,59.0
비빔냉면,정제수,59,1,0.017,2.0,59.0
비빔냉면,메밀면,59,1,0.017,2.0,59.0
비빔냉면,양상추,59,1,0.017,2.0,59.0
비빔냉면,피망,59,1,0.017,2.0,59.0
비빔냉면,비빔장,59,1,0.017,2.0,59.0
비빔냉면,훈제오리,59,1,0.017,2.0,59.0
비빔냉면,양념소스,59,1,0.017,2.0,59.0
비빔냉면,만두,59,1,0.017,2.0,59.0
비빔냉면,양념,59,1,0.017,2.0,59.0
비빔냉면,소주,59,1,0.017,2.0,59.0
비빔냉면,알룰로스,59,1,0.017,2.0,59.0
비빔냉면,소면,59,1,0.017,2.0,59.0
비빔냉면,허브솔트,59,1,0.017,2.0,59.0
비빔냉면,칼국수면,59,1,0.017,2.0,59.0
비빔냉면,탄산수,59,1,0.017,2.0,59.0
비빔냉면,팽이버섯,59,1,0.017,2.0,59.0
비빔냉면,밀가루,59,1,0.017,2.0,59.0
비빔냉면,닭고기,59,1,0.017,2.0,59.0
비빔냉면,된장,59,1,0.017,2.0,59.0
비빔냉면,황태,59,1,0.017,2.0,59.0
비빔냉면,쪽파,59,1,0.017,2.0,59.0
비빔냉면,다시마,59,1,0.017,2.0,59.0
비빔냉면,감자,59,1,0.017,2.0,59.0
비빔냉면,전분,59,1,0.017,2.0,59.0
비빔냉면,참치,59,1,0.017,2.0,59.0
비빔냉면,마요네즈,59,1,0.017,2.0,59.0
비빔냉면,기름,59,1,0.017,2.0,59.0
비빔냉면,편육,59,1,0.017,2.0,59.0
비빔밥,참기름,57,46,0.807,47.0,12.0
비빔밥,통깨,57,38,0.667,39.0,20.0
비빔밥,간장,57,36,0.632,37.0,22.0
비빔밥,고추장,57,34,0.596,35.0,24.0
비빔밥,마늘,57,33,0.579,34.0,25.0
비빔밥,애호박,57,29,0.509,30.0,29.0
비빔밥,계란,57,26,0.456,27.0,32.0
비빔밥,당근,57,24,0.421,25.0,34.0
비빔밥,설탕,57,24,0.421,25.0,34.0
비빔밥,밥,57,24,0.421,25.0,34.0
비빔밥,콩나물,57,18,0.316,19.0,40.0
비빔밥,소금,57,18,0.316,19.0,40.0
비빔밥,소고기,57,17,0.298,18.0,41.0
비빔밥,식용유,57,16,0.281,17.0,42.0
비빔밥,맛술,57,15,0.263,16.0,43.0
비빔밥,올리고당,57,14,0.246,15.0,44.0
비빔밥,대파,57,14,0.246,15.0,44.0
비빔밥,양파,57,13,0.228,14.0,45.0
비빔밥,고춧가루,57,13,0.228,14.0,45.0
비빔밥,매실액,57,11,0.193,12.0,47.0
비빔밥,후춧가루,57,11,0.193,12.0,47.0
비빔밥,시금치,57,10,0.175,11.0,48.0
비빔밥,표고버섯,57,9,0.158,10.0,49.0
비빔밥,상추,57,8,0.14,9.0,50.0
비빔밥,김,57,8,0.14,9.0,50.0
비빔밥,참치,57,7,0.123,8.0,51.0
비빔밥,고사리,57,7,0.123,8.0,51.0
비빔밥,무,57,7,0.123,8.0,51.0
비빔밥,도라지,57,6,0.105,7.0,52.0
비빔밥,들기름,57,6,0.105,7.0,52.0
비빔밥,물,57,6,0.105,7.0,52.0
비빔밥,느타리버섯,57,5,0.088,6.0,53.0
비빔밥,오이,57,5,0.088,6.0,53.0
비빔밥,청양고추,57,5,0.088,6.0,53.0
비빔밥,고추,57,5,0.088,6.0,53.0
비빔밥,숙주,57,5,0.088,6.0,53.0
비빔밥,다시마,57,4,0.07,5.0,54.0
비빔밥,꼬막,57,4,0.07,5.0,54.0
비빔밥,식초,57,3,0.053,4.0,55.0
비빔밥,버섯,57,3,0.053,4.0,55.0
비빔밥,청포묵,57,3,0.053,4.0,55.0
비빔밥,꿀,57,3,0.053,4.0,55.0
비빔밥,멸치액젓,57,3,0.053,4.0,55.0
비빔밥,쪽파,57,3,0.053,4.0,55.0
비빔밥,굴소스,57,3,0.053,4.0,55.0
비빔밥,깻잎,57,3,0.053,4.0,55.0
비빔밥,채소,57,3,0.053,4.0,55.0
비빔밥,쌀,57,3,0.053,4.0,55.0
비빔밥,가지,57,3,0.053,4.0,55.0
비빔밥,돼지고기,57,2,0.035,3.0,56.0
비빔밥,파프리카,57,2,0.035,3.0,56.0
비빔밥,배즙,57,2,0.035,3.0,56.0
비빔밥,멸치,57,2,0.035,3.0,56.0
비빔밥,생강,57,2,0.035,3.0,56.0
비빔밥,새우젓,57,2,0.035,3.0,56.0
비빔밥,새송이버섯,57,2,0.035,3.0,56.0
비빔밥,아보카도,57,2,0.035,3.0,56.0
비빔밥,피망,57,2,0.035,3.0,56.0
비빔밥,맛살,57,2,0.035,3.0,56.0
비빔밥,된장,57,2,0.035,3.0,56.0
비빔밥,취나물,57,2,0.035,3.0,56.0
비빔밥,배추김치,57,2,0.035,3.0,56.0
비빔밥,부추,57,2,0.035,3.0,56.0
비빔밥,열무,57,2,0.035,3.0,56.0
비빔밥,명란젓,57,2,0.035,3.0,56.0
비빔밥,육수,57,1,0.018,2.0,57.0
비빔밥,양배추,57,1,0.018,2.0,57.0
비빔밥,어묵,57,1,0.018,2.0,57.0
비빔밥,배추,57,1,0.018,2.0,57.0
비빔밥,팽이버섯,57,1,0.018,2.0,57.0
비빔밥,토마토,57,1,0.018,2.0,57.0
비빔밥,케첩,57,1,0.018,2.0,57.0
비빔밥,케일,57,1,0.018,2.0,57.0
비빔밥,브로콜리,57,1,0.018,2.0,57.0
비빔밥,고구마,57,1,0.018,2.0,57.0
비빔밥,기름,57,1,0.018,2.0,57.0
비빔밥,들깨,57,1,0.018,2.0,57.0
비빔밥,명절나물,57,1,0.018,2.0,57.0
비빔밥,새싹야채,57,1,0.018,2.0,57.0
비빔밥,햄,57,1,0.018,2.0,57.0
비빔밥,오징어,57,1,0.018,2.0,57.0
비빔밥,양상추,57,1,0.018,2.0,57.0
비빔밥,두부,57,1,0.018,2.0,57.0
비빔밥,고비나물,57,1,0.018,2.0,57.0
비빔밥,토란대,57,1,0.018,2.0,57.0
비빔밥,고춧잎,57,1,0.018,2.0,57.0
비빔밥,갈빗살,57,1,0.018,2.0,57.0
비빔밥,비빔장,57,1,0.018,2.0,57.0
비빔밥,감자,57,1,0.018,2.0,57.0
비빔밥,참나물,57,1,0.018,2.0,57.0
비빔밥,질경이,57,1,0.018,2.0,57.0
비빔밥,미나리,57,1,0.018,2.0,57.0
비빔밥,남는반찬들,57,1,0.018,2.0,57.0
비빔밥,만두,57,1,0.018,2.0,57.0
비빔밥,새우,57,1,0.018,2.0,57.0
비빔밥,치즈,57,1,0.018,2.0,57.0
삼겹살,돼지고기,54,48,0.889,49.0,7.0
삼겹살,마늘,54,40,0.741,41.0,15.0
삼겹살,간장,54,35,0.648,36.0,20.0
삼겹살,설탕,54,31,0.574,32.0,24.0
삼겹살,양파,54,30,0.556,31.0,25.0
삼겹살,후춧가루,54,29,0.537,30.0,26.0
삼겹살,대파,54,28,0.519,29.0,27.0
삼겹살,맛술,54,25,0.463,26.0,30.0
삼겹살,고춧가루,54,23,0.426,24.0,32.0
삼겹살,올리고당,54,19,0.352,20.0,36.0
삼겹살,고추장,54,19,0.352,20.0,36.0
삼겹살,참기름,54,18,0.333,19.0,37.0
삼겹살,소금,54,13,0.241,14.0,42.0
삼겹살,청양고추,54,12,0.222,13.0,43.0
삼겹살,생강,54,11,0.204,12.0,44.0
삼겹살,통깨,54,11,0.204,12.0,44.0
삼겹살,물,54,11,0.204,12.0,44.0
삼겹살,고추,54,10,0.185,11.0,45.0
삼겹살,식용유,54,8,0.148,9.0,47.0
삼겹살,배추김치,54,8,0.148,9.0,47.0
삼겹살,굴소스,54,7,0.13,8.0,48.0
삼겹살,매실액,54,7,0.13,8.0,48.0
삼겹살,깻잎,54,6,0.111,7.0,49.0
삼겹살,식초,54,6,0.111,7.0,49.0
삼겹살,된장,54,5,0.093,6.0,50.0
삼겹살,두부,54,4,0.074,5.0,51.0
삼겹살,멸치액젓,54,3,0.056,4.0,52.0
삼겹살,팽이버섯,54,3,0.056,4.0,52.0
삼겹살,꿀,54,3,0.056,4.0,52.0
삼겹살,파프리카,54,3,0.056,4.0,52.0
삼겹살,양배추,54,2,0.037,3.0,53.0
삼겹살,콩나물,54,2,0.037,3.0,53.0
삼겹살,상추,54,2,0.037,3.0,53.0
삼겹살,숙주,54,2,0.037,3.0,53.0
삼겹살,밀가루,54,2,0.037,3.0,53.0
삼겹살,밥,54,2,0.037,3.0,53.0
삼겹살,월계수잎,54,2,0.037,3.0,53.0
삼겹살,바질,54,2,0.037,3.0,53.0
삼겹살,무,54,2,0.037,3.0,53.0
삼겹살,쭈꾸미,54,2,0.037,3.0,53.0
삼겹살,소주,54,2,0.037,3.0,53.0
삼겹살,와인,54,1,0.019,2.0,54.0
삼겹살,허브솔트,54,1,0.019,2.0,54.0
삼겹살,계란,54,1,0.019,2.0,54.0
삼겹살,소면,54,1,0.019,2.0,54.0
삼겹살,레몬,54,1,0.019,2.0,54.0
삼겹살,사골,54,1,0.019,2.0,54.0
삼겹살,새송이버섯,54,1,0.019,2.0,54.0
삼겹살,부침가루,54,1,0.019,2.0,54.0
삼겹살,튀김가루,54,1,0.019,2.0,54.0
삼겹살,케첩,54,1,0.019,2.0,54.0
삼겹살,참치액,54,1,0.019,2.0,54.0
삼겹살,채소,54,1,0.019,2.0,54.0
삼겹살,부추,54,1,0.019,2.0,54.0
삼겹살,오징어,54,1,0.019,2.0,54.0
삼겹살,멸치,54,1,0.019,2.0,54.0
삼겹살,사과,54,1,0.019,2.0,54.0
삼겹살,배,54,1,0.019,2.0,54.0
삼겹살,육수,54,1,0.019,2.0,54.0
삼겹살,로즈마리,54,1,0.019,2.0,54.0
삼겹살,들기름,54,1,0.019,2.0,54.0
삼겹살,모듬쌈,54,1,0.019,2.0,54.0
삼겹살,겨자,54,1,0.019,2.0,54.0
삼겹살,감자,54,1,0.019,2.0,54.0
삼겹살,느타리버섯,54,1,0.019,2.0,54.0
삼겹살,애호박,54,1,0.019,2.0,54.0
삼겹살,당근,54,1,0.019,2.0,54.0
삼겹살,떡,54,1,0.019,2.0,54.0
삼겹살,카레가루,54,1,0.019,2.0,54.0
삼겹살,리퀴드스모크플레이버,54,1,0.019,2.0,54.0
삼계탕,닭고기,57,56,0.982,57.0,2.0
삼계탕,마늘,57,51,0.895,52.0,7.0
삼계탕,찹쌀,57,39,0.684,40.0,19.0
삼계탕,대파,57,36,0.632,37.0,22.0
삼계탕,소금,57,33,0.579,34.0,25.0
삼계탕,대추,57,31,0.544,32.0,27.0
삼계탕,후춧가루,57,22,0.386,23.0,36.0
삼계탕,물,57,20,0.351,21.0,38.0
삼계탕,인삼,57,17,0.298,18.0,41.0
삼계탕,양파,57,16,0.281,17.0,42.0
삼계탕,황기,57,13,0.228,14.0,45.0
삼계탕,밤,57,9,0.158,10.0,49.0
삼계탕,간장,57,7,0.123,8.0,51.0
삼계탕,생강,57,7,0.123,8.0,51.0
삼계탕,맛술,57,7,0.123,8.0,51.0
삼계탕,은행,57,7,0.123,8.0,51.0
삼계탕,부추,57,6,0.105,7.0,52.0
삼계탕,전복,57,5,0.088,6.0,53.0
삼계탕,고춧가루,57,5,0.088,6.0,53.0
삼계탕,표고버섯,57,5,0.088,6.0,53.0
삼계탕,당근,57,5,0.088,6.0,53.0
삼계탕,식초,57,4,0.07,5.0,54.0
삼계탕,겨자,57,4,0.07,5.0,54.0
삼계탕,당귀,57,4,0.07,5.0,54.0
삼계탕,엄나무,57,4,0.07,5.0,54.0
삼계탕,소주,57,4,0.07,5.0,54.0
삼계탕,월계수잎,57,4,0.07,5.0,54.0
삼계탕,삼계탕용약재,57,3,0.053,4.0,55.0
삼계탕,설탕,57,3,0.053,4.0,55.0
삼계탕,삼계탕약재,57,3,0.053,4.0,55.0
삼계탕,쌀,57,2,0.035,3.0,56.0
삼계탕,헛개나무,57,2,0.035,3.0,56.0
삼계탕,오가피,57,2,0.035,3.0,56.0
삼계탕,멸치액젓,57,2,0.035,3.0,56.0
삼계탕,삼계탕용,57,2,0.035,3.0,56.0
삼계탕,육수,57,2,0.035,3.0,56.0
삼계탕,애호박,57,2,0.035,3.0,56.0
삼계탕,삼계탕재료팩,57,2,0.035,3.0,56.0
삼계탕,버섯,57,2,0.035,3.0,56.0
삼계탕,감자,57,2,0.035,3.0,56.0
삼계탕,삼계탕재료,57,2,0.035,3.0,56.0
삼계탕,한방팩,57,1,0.018,2.0,57.0
삼계탕,삼계탕재료용한방약재,57,1,0.018,2.0,57.0
삼계탕,잣,57,1,0.018,2.0,57.0
삼계탕,삼계탕용팩,57,1,0.018,2.0,57.0
삼계탕,양배추,57,1,0.018,2.0,57.0
삼계탕,한약티백,57,1,0.018,2.0,57.0
삼계탕,삼계탕재료셋트,57,1,0.018,2.0,57.0
삼계탕,밀가루,57,1,0.018,2.0,57.0
삼계탕,계란,57,1,0.018,2.0,57.0
삼계탕,벌나무,57,1,0.018,2.0,57.0
삼계탕,산사열매,57,1,0.018,2.0,57.0
삼계탕,고추냉이,57,1,0.018,2.0,57.0
삼계탕,산양삼,57,1,0.018,2.0,57.0
삼계탕,매실액,57,1,0.018,2.0,57.0
삼계탕,삼,57,1,0.018,2.0,57.0
삼계탕,그라비올라잎,57,1,0.018,2.0,57.0
삼계탕,다시다,57,1,0.018,2.0,57.0
삼계탕,삼계탕한방재료,57,1,0.018,2.0,57.0
삼계탕,한약재,57,1,0.018,2.0,57.0
삼계탕,시중에판매하는삼계탕용티백,57,1,0.018,2.0,57.0
삼계탕,통깨,57,1,0.018,2.0,57.0
삼계탕,새우,57,1,0.018,2.0,57.0
삼계탕,청양고추,57,1,0.018,2.0,57.0
삼계탕,헛개,57,1,0.018,2.0,57.0
삼계탕,한약재료,57,1,0.018,2.0,57.0
삼계탕,밀싹,57,1,0.018,2.0,57.0
삼계탕,쪽파,57,1,0.018,2.0,57.0
삼계탕,삼계탕티백세트,57,1,0.018,2.0,57.0
삼계탕,약제57g티백,57,1,0.018,2.0,57.0
삼계탕,시중삼계탕재료,57,1,0.018,2.0,57.0
삼계탕,고추,57,1,0.018,2.0,57.0
삼계탕,쌀뜨물,57,1,0.018,2.0,57.0
삼계탕,삼계탕한약재료,57,1,0.018,2.0,57.0
삼계탕,숙주,57,1,0.018,2.0,57.0
삼계탕,느타리버섯,57,1,0.018,2.0,57.0
삼계탕,식용유,57,1,0.018,2.0,57.0
삼계탕,참기름,57,1,0.018,2.0,57.0
삼계탕,가시오가피,57,1,0.018,2.0,57.0
삼계탕,들깨,57,1,0.018,2.0,57.0
삼계탕,삼계탕용한약재,57,1,0.018,2.0,57.0
삼계탕,위스키,57,1,0.018,2.0,57.0
삼계탕,히말라야솔트,57,1,0.018,2.0,57.0
삼계탕,올리고당,57,1,0.018,2.0,57.0
삼계탕,아몬드,57,1,0.018,2.0,57.0
삼계탕,뽕나무,57,1,0.018,2.0,57.0
삼계탕,백숙용티백,57,1,0.018,2.0,57.0
삼계탕,엄나무티백,57,1,0.018,2.0,57.0
삼계탕,도라지,57,1,0.018,2.0,57.0
삼계탕,감초,57,1,0.018,2.0,57.0
새우튀김,새우,54,53,0.981,54.0,2.0
새우튀김,튀김가루,54,40,0.741,41.0,15.0
새우튀김,식용유,54,33,0.611,34.0,22.0
새우튀김,계란,54,26,0.481,27.0,29.0
새우튀김,빵가루,54,25,0.463,26.0,30.0
새우튀김,후춧가루,54,25,0.463,26.0,30.0
새우튀김,소금,54,24,0.444,25.0,31.0
새우튀김,물,54,21,0.389,22.0,34.0
새우튀김,밀가루,54,16,0.296,17.0,39.0
새우튀김,맛술,54,9,0.167,10.0,46.0
새우튀김,마요네즈,54,8,0.148,9.0,47.0
새우튀김,파슬리,54,8,0.148,9.0,47.0
새우튀김,식초,54,7,0.13,8.0,48.0
새우튀김,양파,54,6,0.111,7.0,49.0
새우튀김,설탕,54,5,0.093,6.0,50.0
새우튀김,레몬,54,4,0.074,5.0,51.0
새우튀김,피클,54,3,0.056,4.0,52.0
새우튀김,기름,54,3,0.056,4.0,52.0
새우튀김,마늘,54,3,0.056,4.0,52.0
새우튀김,간장,54,3,0.056,4.0,52.0
새우튀김,케첩,54,3,0.056,4.0,52.0
새우튀김,올리고당,54,3,0.056,4.0,52.0
새우튀김,전분,54,2,0.037,3.0,53.0
새우튀김,머스터드소스,54,2,0.037,3.0,53.0
새우튀김,치즈,54,2,0.037,3.0,53.0
새우튀김,우유,54,2,0.037,3.0,53.0
새우튀김,카레가루,54,2,0.037,3.0,53.0
새우튀김,꿀,54,2,0.037,3.0,53.0
새우튀김,오이,54,2,0.037,3.0,53.0
새우튀김,칠리소스,54,2,0.037,3.0,53.0
새우튀김,통깨,54,2,0.037,3.0,53.0
새우튀김,당근,54,2,0.037,3.0,53.0
새우튀김,부침가루,54,1,0.019,2.0,54.0
새우튀김,허브맛솔트,54,1,0.019,2.0,54.0
새우튀김,라이스페이퍼,54,1,0.019,2.0,54.0
새우튀김,버터,54,1,0.019,2.0,54.0
새우튀김,강황가루,54,1,0.019,2.0,54.0
새우튀김,쪽파,54,1,0.019,2.0,54.0
새우튀김,고춧가루,54,1,0.019,2.0,54.0
새우튀김,소주,54,1,0.019,2.0,54.0
새우튀김,치자우린물,54,1,0.019,2.0,54.0
새우튀김,마요소스,54,1,0.019,2.0,54.0
새우튀김,폰즈소스,54,1,0.019,2.0,54.0
새우튀김,튀김,54,1,0.019,2.0,54.0
새우튀김,치자가루,54,1,0.019,2.0,54.0
새우튀김,치자,54,1,0.019,2.0,54.0
새우튀김,고구마,54,1,0.019,2.0,54.0
새우튀김,만두,54,1,0.019,2.0,54.0
새우튀김,타르타르소스,54,1,0.019,2.0,54.0
새우튀김,요구르트,54,1,0.019,2.0,54.0
새우튀김,유자청,54,1,0.019,2.0,54.0
새우튀김,겨자,54,1,0.019,2.0,54.0
새우튀김,탄산수,54,1,0.019,2.0,54.0
새우튀김,생강,54,1,0.019,2.0,54.0
새우튀김,중하,54,1,0.019,2.0,54.0
새우튀김,파프리카,54,1,0.019,2.0,54.0
새우튀김,문어,54,1,0.019,2.0,54.0
새우튀김,베이킹소다,54,1,0.019,2.0,54.0
새우튀김,밥,54,1,0.019,2.0,54.0
새우튀김,참기름,54,1,0.019,2.0,54.0
새우튀김,김,54,1,0.019,2.0,54.0
새우튀김,단무지,54,1,0.019,2.0,54.0
새우튀김,깻잎,54,1,0.019,2.0,54.0
새우튀김,감자,54,1,0.019,2.0,54.0
새우튀김,맥주,54,1,0.019,2.0,54.0
새우튀김,애호박,54,1,0.019,2.0,54.0
새우튀김,피망,54,1,0.019,2.0,54.0
새우튀김,옥수수,54,1,0.019,2.0,54.0
새우튀김,토마토,54,1,0.019,2.0,54.0
생선전,소금,54,39,0.722,40.0,16.0
생선전,계란,54,37,0.685,38.0,18.0
생선전,후춧가루,54,31,0.574,32.0,24.0
생선전,부침가루,54,23,0.426,24.0,32.0
생선전,밀가루,54,19,0.352,20.0,36.0
생선전,식용유,54,18,0.333,19.0,37.0
생선전,동태,54,16,0.296,17.0,39.0
생선전,청양고추,54,15,0.278,16.0,40.0
생선전,양파,54,14,0.259,15.0,41.0
생선전,당근,54,11,0.204,12.0,44.0
생선전,고추,54,9,0.167,10.0,46.0
생선전,물,54,7,0.13,8.0,48.0
생선전,애호박,54,7,0.13,8.0,48.0
생선전,튀김가루,54,6,0.111,7.0,49.0
생선전,쑥갓,54,6,0.111,7.0,49.0
생선전,맛술,54,6,0.111,7.0,49.0
생선전,간장,54,6,0.111,7.0,49.0
생선전,식초,54,6,0.111,7.0,49.0
생선전,기름,54,5,0.093,6.0,50.0
생선전,대파,54,5,0.093,6.0,50.0
생선전,마늘,54,5,0.093,6.0,50.0
생선전,참기름,54,5,0.093,6.0,50.0
생선전,참치,54,5,0.093,6.0,50.0
생선전,전분,54,4,0.074,5.0,51.0
생선전,설탕,54,4,0.074,5.0,51.0
생선전,부추,54,4,0.074,5.0,51.0
생선전,감자,54,3,0.056,4.0,52.0
생선전,배추김치,54,3,0.056,4.0,52.0
생선전,쪽파,54,3,0.056,4.0,52.0
생선전,파프리카,54,2,0.037,3.0,53.0
생선전,오징어,54,2,0.037,3.0,53.0
생선전,멸치액젓,54,2,0.037,3.0,53.0
생선전,고춧가루,54,2,0.037,3.0,53.0
생선전,통깨,54,2,0.037,3.0,53.0
생선전,삼치,54,2,0.037,3.0,53.0
생선전,빵,54,2,0.037,3.0,53.0
생선전,생선전,54,2,0.037,3.0,53.0
생선전,스테이크소스,54,2,0.037,3.0,53.0
생선전,매실액,54,2,0.037,3.0,53.0
생선전,두부,54,2,0.037,3.0,53.0
생선전,피망,54,2,0.037,3.0,53.0
생선전,치즈,54,2,0.037,3.0,53.0
생선전,생선회,54,1,0.019,2.0,54.0
생선전,바사,54,1,0.019,2.0,54.0
생선전,생선포,54,1,0.019,2.0,54.0
생선전,광어회작은,54,1,0.019,2.0,54.0
생선전,굴,54,1,0.019,2.0,54.0
생선전,배추,54,1,0.019,2.0,54.0
생선전,탄산수,54,1,0.019,2.0,54.0
생선전,흰살생선,54,1,0.019,2.0,54.0
생선전,홍초,54,1,0.019,2.0,54.0
생선전,마요네즈,54,1,0.019,2.0,54.0
생선전,토마토,54,1,0.019,2.0,54.0
생선전,피클,54,1,0.019,2.0,54.0
생선전,양배추,54,1,0.019,2.0,54.0
생선전,타르타르소스,54,1,0.019,2.0,54.0
생선전,머스터드소스,54,1,0.019,2.0,54.0
생선전,대구,54,1,0.019,2.0,54.0
생선전,강황가루,54,1,0.019,2.0,54.0
생선전,파슬리,54,1,0.019,2.0,54.0
생선전,새우,54,1,0.019,2.0,54.0
생선전,멸치,54,1,0.019,2.0,54.0
생선전,된장,54,1,0.019,2.0,54.0
생선전,들기름,54,1,0.019,2.0,54.0
생선전,깻잎,54,1,0.019,2.0,54.0
생선전,민어,54,1,0.019,2.0,54.0
생선전,현미,54,1,0.019,2.0,54.0
생선전,미나리,54,1,0.019,2.0,54.0
생선전,순살대구살,54,1,0.019,2.0,54.0
생선전,느타리버섯,54,1,0.019,2.0,54.0
생선전,맛살,54,1,0.019,2.0,54.0
생선전,돼지고기,54,1,0.019,2.0,54.0
생선전,닭고기,54,1,0.019,2.0,54.0
생선전,고추기름,54,1,0.019,2.0,54.0
생선전,칠리소스,54,1,0.019,2.0,54.0
생선전,팽이버섯,54,1,0.019,2.0,54.0
생선전,옥수수,54,1,0.019,2.0,54.0
생선전,순살참조기,54,1,0.019,2.0,54.0
생선전,명태포,54,1,0.019,2.0,54.0
생선전,볼락살,54,1,0.019,2.0,54.0
생선전,케첩,54,1,0.019,2.0,54.0
설렁탕,소금,54,44,0.815,45.0,11.0
설렁탕,고춧가루,54,42,0.778,43.0,13.0
설렁탕,마늘,54,42,0.778,43.0,13.0
설렁탕,무,54,39,0.722,40.0,16.0
설렁탕,멸치액젓,54,37,0.685,38.0,18.0
설렁탕,새우젓,54,33,0.611,34.0,22.0
설렁탕,양파,54,31,0.574,32.0,24.0
설렁탕,설탕,54,27,0.5,28.0,28.0
설렁탕,대파,54,26,0.481,27.0,29.0
설렁탕,생강,54,25,0.463,26.0,30.0
설렁탕,물,54,19,0.352,20.0,36.0
설렁탕,매실액,54,17,0.315,18.0,38.0
설렁탕,쪽파,54,15,0.278,16.0,40.0
설렁탕,사이다,54,15,0.278,16.0,40.0
설렁탕,요구르트,54,14,0.259,15.0,41.0
설렁탕,사과,54,11,0.204,12.0,44.0
설렁탕,배,54,10,0.185,11.0,45.0
설렁탕,뉴슈가,54,9,0.167,10.0,46.0
설렁탕,밥,54,8,0.148,9.0,47.0
설렁탕,고추,54,7,0.13,8.0,48.0
설렁탕,후춧가루,54,6,0.111,7.0,49.0
설렁탕,찹쌀가루,54,6,0.111,7.0,49.0
설렁탕,밀가루,54,6,0.111,7.0,49.0
설렁탕,멸치,54,6,0.111,7.0,49.0
설렁탕,사골,54,5,0.093,6.0,50.0
설렁탕,소주,54,4,0.074,5.0,51.0
설렁탕,통깨,54,4,0.074,5.0,51.0
설렁탕,소고기,54,3,0.056,4.0,52.0
설렁탕,소면,54,3,0.056,4.0,52.0
설렁탕,찹쌀풀,54,3,0.056,4.0,52.0
설렁탕,청양고추,54,3,0.056,4.0,52.0
설렁탕,배추,54,3,0.056,4.0,52.0
설렁탕,설렁탕,54,3,0.056,4.0,52.0
설렁탕,식초,54,3,0.056,4.0,52.0
설렁탕,떡,54,3,0.056,4.0,52.0
설렁탕,육수,54,3,0.056,4.0,52.0
설렁탕,계란,54,3,0.056,4.0,52.0
설렁탕,다시마,54,3,0.056,4.0,52.0
설렁탕,돼지고기,54,2,0.037,3.0,53.0
설렁탕,닭고기,54,2,0.037,3.0,53.0
설렁탕,배즙,54,2,0.037,3.0,53.0
설렁탕,올리고당,54,2,0.037,3.0,53.0
설렁탕,부추,54,2,0.037,3.0,53.0
설렁탕,다시다,54,2,0.037,3.0,53.0
설렁탕,만두,54,2,0.037,3.0,53.0
설렁탕,어묵,54,2,0.037,3.0,53.0
설렁탕,삼각살,54,1,0.019,2.0,54.0
설렁탕,쑥,54,1,0.019,2.0,54.0
설렁탕,당근,54,1,0.019,2.0,54.0
설렁탕,감자,54,1,0.019,2.0,54.0
설렁탕,숙주,54,1,0.019,2.0,54.0
설렁탕,양념장,54,1,0.019,2.0,54.0
설렁탕,쌀뜨물,54,1,0.019,2.0,54.0
설렁탕,당면,54,1,0.019,2.0,54.0
설렁탕,간장,54,1,0.019,2.0,54.0
설렁탕,본설렁탕,54,1,0.019,2.0,54.0
설렁탕,전복,54,1,0.019,2.0,54.0
설렁탕,낙지,54,1,0.019,2.0,54.0
설렁탕,미나리,54,1,0.019,2.0,54.0
설렁탕,표고버섯,54,1,0.019,2.0,54.0
설렁탕,맛술,54,1,0.019,2.0,54.0
설렁탕,참기름,54,1,0.019,2.0,54.0
설렁탕,천일념,54,1,0.019,2.0,54.0
설렁탕,갓,54,1,0.019,2.0,54.0
설렁탕,삼계탕용재료,54,1,0.019,2.0,54.0
설렁탕,파스타면,54,1,0.019,2.0,54.0
설렁탕,바지락,54,1,0.019,2.0,54.0
설렁탕,와인,54,1,0.019,2.0,54.0
설렁탕,페페론치노,54,1,0.019,2.0,54.0
설렁탕,식용유,54,1,0.019,2.0,54.0
설렁탕,파슬리,54,1,0.019,2.0,54.0
설렁탕,시판설렁탕,54,1,0.019,2.0,54.0
설렁탕,배추김치,54,1,0.019,2.0,54.0
설렁탕,양패,54,1,0.019,2.0,54.0
설렁탕,뉴슈거,54,1,0.019,2.0,54.0
설렁탕,참치액,54,1,0.019,2.0,54.0
설렁탕,고구마,54,1,0.019,2.0,54.0
설렁탕,꽃게,54,1,0.019,2.0,54.0
설렁탕,비비고설렁탕,54,1,0.019,2.0,54.0
설렁탕,치즈,54,1,0.019,2.0,54.0
설렁탕,고추장,54,1,0.019,2.0,54.0
설렁탕,알룰로스,54,1,0.019,2.0,54.0
설렁탕,굴소스,54,1,0.019,2.0,54.0
설렁탕,꿀,54,1,0.019,2.0,54.0
송편,통깨,51,35,0.686,36.0,17.0
송편,설탕,51,33,0.647,34.0,19.0
송편,멥쌀가루,51,31,0.608,32.0,21.0
송편,물,51,26,0.51,27.0,26.0
송편,소금,51,26,0.51,27.0,26.0
송편,참기름,51,22,0.431,23.0,30.0
송편,애호박,51,13,0.255,14.0,39.0
송편,송편,51,12,0.235,13.0,40.0
송편,꿀,51,10,0.196,11.0,42.0
송편,녹차가루,51,9,0.176,10.0,43.0
송편,식용유,51,8,0.157,9.0,44.0
송편,고구마,51,7,0.137,8.0,45.0
송편,쌀,51,7,0.137,8.0,45.0
송편,쑥,51,6,0.118,7.0,46.0
송편,콩가루,51,6,0.118,7.0,46.0
송편,콩,51,6,0.118,7.0,46.0
송편,올리고당,51,5,0.098,6.0,47.0
송편,비트,51,4,0.078,5.0,48.0
송편,솔잎,51,4,0.078,5.0,48.0
송편,찹쌀가루,51,4,0.078,5.0,48.0
송편,팥,51,4,0.078,5.0,48.0
송편,백년초가루,51,3,0.059,4.0,49.0
송편,기름,51,3,0.059,4.0,49.0
송편,밤,51,3,0.059,4.0,49.0
송편,딸기가루,51,3,0.059,4.0,49.0
송편,당근,51,2,0.039,3.0,50.0
송편,아로니아가루,51,2,0.039,3.0,50.0
송편,강낭콩,51,2,0.039,3.0,50.0
송편,호두,51,2,0.039,3.0,50.0
송편,치자가루,51,2,0.039,3.0,50.0
송편,버터,51,2,0.039,3.0,50.0
송편,간장,51,2,0.039,3.0,50.0
송편,완두콩,51,2,0.039,3.0,50.0
송편,전분,51,2,0.039,3.0,50.0
송편,실온물,51,1,0.02,2.0,51.0
송편,백년초,51,1,0.02,2.0,51.0
송편,앙금,51,1,0.02,2.0,51.0
송편,비타민열매가루,51,1,0.02,2.0,51.0
송편,병아리콩,51,1,0.02,2.0,51.0
송편,가지,51,1,0.02,2.0,51.0
송편,백년초가루또는천년초가루,51,1,0.02,2.0,51.0
송편,배추,51,1,0.02,2.0,51.0
송편,레몬,51,1,0.02,2.0,51.0
송편,청양고추,51,1,0.02,2.0,51.0
송편,양송이버섯,51,1,0.02,2.0,51.0
송편,마늘,51,1,0.02,2.0,51.0
송편,양파,51,1,0.02,2.0,51.0
송편,우유,51,1,0.02,2.0,51.0
송편,생크림,51,1,0.02,2.0,51.0
송편,대파,51,1,0.02,2.0,51.0
송편,고추기름,51,1,0.02,2.0,51.0
송편,후춧가루,51,1,0.02,2.0,51.0
송편,모싯잎가루,51,1,0.02,2.0,51.0
송편,적두,51,1,0.02,2.0,51.0
송편,생율,51,1,0.02,2.0,51.0
송편,백태,51,1,0.02,2.0,51.0
송편,라이스페이퍼,51,1,0.02,2.0,51.0
송편,머스터드소스,51,1,0.02,2.0,51.0
송편,겨자,51,1,0.02,2.0,51.0
송편,흑미가루,51,1,0.02,2.0,51.0
송편,석류착즙,51,1,0.02,2.0,51.0
송편,팜슈가,51,1,0.02,2.0,51.0
송편,파프리카,51,1,0.02,2.0,51.0
송편,오미자청,51,1,0.02,2.0,51.0
송편,식초,51,1,0.02,2.0,51.0
송편,도토리가루,51,1,0.02,2.0,51.0
송편,딸기가루동결건조분말,51,1,0.02,2.0,51.0
송편,복분자즙,51,1,0.02,2.0,51.0
송편,울금가루,51,1,0.02,2.0,51.0
송편,치자물,51,1,0.02,2.0,51.0
송편,반죽용물,51,1,0.02,2.0,51.0
송편,찜용물,51,1,0.02,2.0,51.0
송편,블루베리파우더,51,1,0.02,2.0,51.0
송편,땅콩,51,1,0.02,2.0,51.0
송편,아이스크림,51,1,0.02,2.0,51.0
송편,계피,51,1,0.02,2.0,51.0
송편,천연색소,51,1,0.02,2.0,51.0
송편,딸기반죽,51,1,0.02,2.0,51.0
송편,녹차반죽,51,1,0.02,2.0,51.0
송편,연유,51,1,0.02,2.0,51.0
송편,천연파우더,51,1,0.02,2.0,51.0
송편,강황가루,51,1,0.02,2.0,51.0
송편,포도,51,1,0.02,2.0,51.0
송편,치자,51,1,0.02,2.0,51.0
송편,견과류,51,1,0.02,2.0,51.0
송편,슈가파우더,51,1,0.02,2.0,51.0
송편,감자,51,1,0.02,2.0,51.0
송편,떡,51,1,0.02,2.0,51.0
수정과,계피,52,51,0.981,52.0,2.0
수정과,생강,52,51,0.981,52.0,2.0
수정과,설탕,52,48,0.923,49.0,5.0
수정과,물,52,43,0.827,44.0,10.0
수정과,잣,52,25,0.481,26.0,28.0
수정과,곶감,52,25,0.481,26.0,28.0
수정과,대추,52,21,0.404,22.0,32.0
수정과,호두,52,9,0.173,10.0,44.0
수정과,후춧가루,52,6,0.115,7.0,47.0
수정과,꿀,52,3,0.058,4.0,50.0
수정과,소금,52,2,0.038,3.0,51.0
수정과,땅콩,52,1,0.019,2.0,52.0
수정과,올리고당,52,1,0.019,2.0,52.0
수정과,원당,52,1,0.019,2.0,52.0
수정과,타가토스,52,1,0.019,2.0,52.0
수정과,반건시,52,1,0.019,2.0,52.0
수정과,사과,52,1,0.019,2.0,52.0
수정과,유자청,52,1,0.019,2.0,52.0
순대,순대,56,50,0.893,51.0,7.0
순대,마늘,56,48,0.857,49.0,9.0
순대,고춧가루,56,41,0.732,42.0,16.0
순대,양파,56,36,0.643,37.0,21.0
순대,대파,56,35,0.625,36.0,22.0
순대,후춧가루,56,35,0.625,36.0,22.0
순대,깻잎,56,32,0.571,33.0,25.0
순대,간장,56,31,0.554,32.0,26.0
순대,고추장,56,30,0.536,31.0,27.0
순대,들깨,56,30,0.536,31.0,27.0
순대,양배추,56,25,0.446,26.0,32.0
순대,설탕,56,24,0.429,25.0,33.0
순대,청양고추,56,22,0.393,23.0,35.0
순대,소금,56,22,0.393,23.0,35.0
순대,올리고당,56,21,0.375,22.0,36.0
순대,참기름,56,19,0.339,20.0,38.0
순대,당근,56,17,0.304,18.0,40.0
순대,통깨,56,16,0.286,17.0,41.0
순대,맛술,56,16,0.286,17.0,41.0
순대,물,56,11,0.196,12.0,46.0
순대,식용유,56,10,0.179,11.0,47.0
순대,떡,56,9,0.161,10.0,48.0
순대,고추,56,9,0.161,10.0,48.0
순대,매실액,56,8,0.143,9.0,49.0
순대,사골,56,8,0.143,9.0,49.0
순대,들기름,56,8,0.143,9.0,49.0
순대,생강,56,7,0.125,8.0,50.0
순대,새우젓,56,7,0.125,8.0,50.0
순대,부추,56,7,0.125,8.0,50.0
순대,굴소스,56,6,0.107,7.0,51.0
순대,돼지고기,56,6,0.107,7.0,51.0
순대,당면,56,6,0.107,7.0,51.0
순대,새송이버섯,56,5,0.089,6.0,52.0
순대,콩나물,56,5,0.089,6.0,52.0
순대,멸치액젓,56,4,0.071,5.0,53.0
순대,표고버섯,56,3,0.054,4.0,54.0
순대,카레가루,56,3,0.054,4.0,54.0
순대,가지,56,3,0.054,4.0,54.0
순대,밥,56,3,0.054,4.0,54.0
순대,된장,56,3,0.054,4.0,54.0
순대,치즈,56,3,0.054,4.0,54.0
순대,팽이버섯,56,2,0.036,3.0,55.0
순대,버섯,56,2,0.036,3.0,55.0
순대,찹쌀,56,2,0.036,3.0,55.0
순대,케첩,56,2,0.036,3.0,55.0
순대,두부,56,2,0.036,3.0,55.0
순대,계란,56,2,0.036,3.0,55.0
순대,배추,56,2,0.036,3.0,55.0
순대,고추기름,56,2,0.036,3.0,55.0
순대,깻순,56,1,0.018,2.0,56.0
순대,곰탕,56,1,0.018,2.0,56.0
순대,찹쌀가루,56,1,0.018,2.0,56.0
순대,다시마,56,1,0.018,2.0,56.0
순대,멸치,56,1,0.018,2.0,56.0
순대,느타리버섯,56,1,0.018,2.0,56.0
순대,컬러밀,56,1,0.018,2.0,56.0
순대,아라비아따,56,1,0.018,2.0,56.0
순대,어묵,56,1,0.018,2.0,56.0
순대,사과,56,1,0.018,2.0,56.0
순대,버터,56,1,0.018,2.0,56.0
순대,튀김가루,56,1,0.018,2.0,56.0
순대,채소,56,1,0.018,2.0,56.0
순대,양념소스,56,1,0.018,2.0,56.0
순대,생크림,56,1,0.018,2.0,56.0
순대,우유,56,1,0.018,2.0,56.0
순대,닭고기,56,1,0.018,2.0,56.0
순대,오징어,56,1,0.018,2.0,56.0
순대,고기,56,1,0.018,2.0,56.0
순대,밀가루,56,1,0.018,2.0,56.0
순대,쪽파,56,1,0.018,2.0,56.0
순대,소고기,56,1,0.018,2.0,56.0
순대,식초,56,1,0.018,2.0,56.0
순대,라면,56,1,0.018,2.0,56.0
순대,우동면,56,1,0.018,2.0,56.0
순대,소주,56,1,0.018,2.0,56.0
순두부찌개,두부,60,59,0.983,60.0,2.0
순두부찌개,대파,60,56,0.933,57.0,5.0
순두부찌개,마늘,60,52,0.867,53.0,9.0
순두부찌개,고춧가루,60,50,0.833,51.0,11.0
순두부찌개,양파,60,45,0.75,46.0,16.0
순두부찌개,간장,60,44,0.733,45.0,17.0
순두부찌개,계란,60,35,0.583,36.0,26.0
순두부찌개,청양고추,60,29,0.483,30.0,32.0
순두부찌개,소금,60,28,0.467,29.0,33.0
순두부찌개,참기름,60,25,0.417,26.0,36.0
순두부찌개,애호박,60,20,0.333,21.0,41.0
순두부찌개,후춧가루,60,19,0.317,20.0,42.0
순두부찌개,돼지고기,60,18,0.3,19.0,43.0
순두부찌개,설탕,60,17,0.283,18.0,44.0
순두부찌개,멸치,60,17,0.283,18.0,44.0
순두부찌개,식용유,60,15,0.25,16.0,46.0
순두부찌개,새우젓,60,15,0.25,16.0,46.0
순두부찌개,물,60,15,0.25,16.0,46.0
순두부찌개,맛술,60,10,0.167,11.0,51.0
순두부찌개,바지락,60,10,0.167,11.0,51.0
순두부찌개,배추김치,60,9,0.15,10.0,52.0
순두부찌개,고추,60,9,0.15,10.0,52.0
순두부찌개,고추기름,60,7,0.117,8.0,54.0
순두부찌개,느타리버섯,60,5,0.083,6.0,56.0
순두부찌개,새우,60,5,0.083,6.0,56.0
순두부찌개,들기름,60,5,0.083,6.0,56.0
순두부찌개,햄,60,5,0.083,6.0,56.0
순두부찌개,참치액,60,5,0.083,6.0,56.0
순두부찌개,굴소스,60,4,0.067,5.0,57.0
순두부찌개,소고기,60,4,0.067,5.0,57.0
순두부찌개,팽이버섯,60,4,0.067,5.0,57.0
순두부찌개,육수,60,4,0.067,5.0,57.0
순두부찌개,생강,60,4,0.067,5.0,57.0
순두부찌개,멸치액젓,60,4,0.067,5.0,57.0
순두부찌개,고추장,60,4,0.067,5.0,57.0
순두부찌개,참치,60,3,0.05,4.0,58.0
순두부찌개,쪽파,60,3,0.05,4.0,58.0
순두부찌개,버섯,60,3,0.05,4.0,58.0
순두부찌개,다시마,60,3,0.05,4.0,58.0
순두부찌개,표고버섯,60,3,0.05,4.0,58.0
순두부찌개,해물,60,2,0.033,3.0,59.0
순두부찌개,고기,60,2,0.033,3.0,59.0
순두부찌개,올리고당,60,2,0.033,3.0,59.0
순두부찌개,양념장,60,2,0.033,3.0,59.0
순두부찌개,다시다,60,1,0.017,2.0,60.0
순두부찌개,해산물,60,1,0.017,2.0,60.0
순두부찌개,새송이버섯,60,1,0.017,2.0,60.0
순두부찌개,다시물,60,1,0.017,2.0,60.0
순두부찌개,김치국물,60,1,0.017,2.0,60.0
순두부찌개,꼬막,60,1,0.017,2.0,60.0
순두부찌개,쌀뜨물,60,1,0.017,2.0,60.0
순두부찌개,만두,60,1,0.017,2.0,60.0
순두부찌개,명란젓,60,1,0.017,2.0,60.0
순두부찌개,소주,60,1,0.017,2.0,60.0
순두부찌개,잣,60,1,0.017,2.0,60.0
순두부찌개,들깨,60,1,0.017,2.0,60.0
순두부찌개,통깨,60,1,0.017,2.0,60.0
순두부찌개,된장,60,1,0.017,2.0,60.0
순두부찌개,감자,60,1,0.017,2.0,60.0
순두부찌개,베이컨,60,1,0.017,2.0,60.0
순두부찌개,기름,60,1,0.017,2.0,60.0
슈크림 붕어빵,설탕,52,32,0.615,33.0,21.0
슈크림 붕어빵,우유,52,31,0.596,32.0,22.0
슈크림 붕어빵,계란,52,30,0.577,31.0,23.0
슈크림 붕어빵,버터,52,26,0.5,27.0,27.0
슈크림 붕어빵,밀가루,52,24,0.462,25.0,29.0
슈크림 붕어빵,소금,52,23,0.442,24.0,30.0
슈크림 붕어빵,치즈,52,22,0.423,23.0,31.0
슈크림 붕어빵,물,52,15,0.288,16.0,38.0
슈크림 붕어빵,양파,52,12,0.231,13.0,41.0
슈크림 붕어빵,베이킹파우더,52,11,0.212,12.0,42.0
슈크림 붕어빵,바닐라빈,52,11,0.212,12.0,42.0
슈크림 붕어빵,생크림,52,11,0.212,12.0,42.0
슈크림 붕어빵,후춧가루,52,11,0.212,12.0,42.0
슈크림 붕어빵,식용유,52,10,0.192,11.0,43.0
슈크림 붕어빵,마늘,52,10,0.192,11.0,43.0
슈크림 붕어빵,베이컨,52,9,0.173,10.0,44.0
슈크림 붕어빵,새우,52,7,0.135,8.0,46.0
슈크림 붕어빵,파스타면,52,6,0.115,7.0,47.0
슈크림 붕어빵,파슬리,52,6,0.115,7.0,47.0
슈크림 붕어빵,커스터드크림,52,5,0.096,6.0,48.0
슈크림 붕어빵,팥,52,4,0.077,5.0,49.0
슈크림 붕어빵,전분,52,4,0.077,5.0,49.0
슈크림 붕어빵,커피가루,52,4,0.077,5.0,49.0
슈크림 붕어빵,아몬드,52,3,0.058,4.0,50.0
슈크림 붕어빵,양송이버섯,52,3,0.058,4.0,50.0
슈크림 붕어빵,대파,52,3,0.058,4.0,50.0
슈크림 붕어빵,코코아가루,52,3,0.058,4.0,50.0
슈크림 붕어빵,간장,52,3,0.058,4.0,50.0
슈크림 붕어빵,케첩,52,3,0.058,4.0,50.0
슈크림 붕어빵,식초,52,3,0.058,4.0,50.0
슈크림 붕어빵,찹쌀가루,52,2,0.038,3.0,51.0
슈크림 붕어빵,핫케이크가루,52,2,0.038,3.0,51.0
슈크림 붕어빵,빵,52,2,0.038,3.0,51.0
슈크림 붕어빵,옥수수,52,2,0.038,3.0,51.0
슈크림 붕어빵,고구마,52,2,0.038,3.0,51.0
슈크림 붕어빵,기름,52,2,0.038,3.0,51.0
슈크림 붕어빵,카스테라,52,2,0.038,3.0,51.0
슈크림 붕어빵,이스트,52,2,0.038,3.0,51.0
슈크림 붕어빵,호두,52,2,0.038,3.0,51.0
슈크림 붕어빵,슈가파우더,52,2,0.038,3.0,51.0
슈크림 붕어빵,맛술,52,2,0.038,3.0,51.0
슈크림 붕어빵,햄,52,2,0.038,3.0,51.0
슈크림 붕어빵,레몬,52,2,0.038,3.0,51.0
슈크림 붕어빵,감자,52,2,0.038,3.0,51.0
슈크림 붕어빵,튀김가루,52,2,0.038,3.0,51.0
슈크림 붕어빵,마요네즈,52,2,0.038,3.0,51.0
슈크림 붕어빵,에리스리톨,52,1,0.019,2.0,52.0
슈크림 붕어빵,애로루트가루,52,1,0.019,2.0,52.0
슈크림 붕어빵,코코넛가루,52,1,0.019,2.0,52.0
슈크림 붕어빵,백색앙금,52,1,0.019,2.0,52.0
슈크림 붕어빵,새송이버섯,52,1,0.019,2.0,52.0
슈크림 붕어빵,밥,52,1,0.019,2.0,52.0
슈크림 붕어빵,버섯,52,1,0.019,2.0,52.0
슈크림 붕어빵,인절미,52,1,0.019,2.0,52.0
슈크림 붕어빵,돼지고기,52,1,0.019,2.0,52.0
슈크림 붕어빵,배추,52,1,0.019,2.0,52.0
슈크림 붕어빵,당면,52,1,0.019,2.0,52.0
슈크림 붕어빵,카레가루,52,1,0.019,2.0,52.0
슈크림 붕어빵,수육,52,1,0.019,2.0,52.0
슈크림 붕어빵,쯔유,52,1,0.019,2.0,52.0
슈크림 붕어빵,올리고당,52,1,0.019,2.0,52.0
슈크림 붕어빵,부침가루,52,1,0.019,2.0,52.0
슈크림 붕어빵,양상추,52,1,0.019,2.0,52.0
슈크림 붕어빵,애호박,52,1,0.019,2.0,52.0
슈크림 붕어빵,녹차가나슈밀크,52,1,0.019,2.0,52.0
슈크림 붕어빵,녹차가루,52,1,0.019,2.0,52.0
슈크림 붕어빵,복숭아,52,1,0.019,2.0,52.0
슈크림 붕어빵,키위,52,1,0.019,2.0,52.0
슈크림 붕어빵,블루베리,52,1,0.019,2.0,52.0
슈크림 붕어빵,고춧가루,52,1,0.019,2.0,52.0
슈크림 붕어빵,닭고기,52,1,0.019,2.0,52.0
슈크림 붕어빵,꿀,52,1,0.019,2.0,52.0
슈크림 붕어빵,슈물,52,1,0.019,2.0,52.0
슈크림 붕어빵,럼,52,1,0.019,2.0,52.0
슈크림 붕어빵,두유,52,1,0.019,2.0,52.0
슈크림 붕어빵,우동면,52,1,0.019,2.0,52.0
슈크림 붕어빵,허브솔트,52,1,0.019,2.0,52.0
슈크림 붕어빵,백앙금,52,1,0.019,2.0,52.0
슈크림 붕어빵,명란젓,52,1,0.019,2.0,52.0
슈크림 붕어빵,참치,52,1,0.019,2.0,52.0
슈크림 붕어빵,누텔라,52,1,0.019,2.0,52.0
슈크림 붕어빵,땅콩,52,1,0.019,2.0,52.0
슈크림 붕어빵,느타리버섯,52,1,0.019,2.0,52.0
슈크림 붕어빵,슈믹스,52,1,0.019,2.0,52.0
슈크림 붕어빵,딸기,52,1,0.019,2.0,52.0
슈크림 붕어빵,연유,52,1,0.019,2.0,52.0
슈크림 붕어빵,애플민트,52,1,0.019,2.0,52.0
슈크림 붕어빵,피망,52,1,0.019,2.0,52.0
슈크림 붕어빵,토마토,52,1,0.019,2.0,52.0
슈크림 붕어빵,브로컬리,52,1,0.019,2.0,52.0
시금치나물,시금치,58,57,0.983,58.0,2.0
시금치나물,마늘,58,43,0.741,44.0,16.0
시금치나물,소금,58,40,0.69,41.0,19.0
시금치나물,통깨,58,31,0.534,32.0,28.0
시금치나물,대파,58,27,0.466,28.0,32.0
시금치나물,참기름,58,25,0.431,26.0,34.0
시금치나물,간장,58,21,0.362,22.0,38.0
시금치나물,된장,58,17,0.293,18.0,42.0
시금치나물,설탕,58,10,0.172,11.0,49.0
시금치나물,계란,58,10,0.172,11.0,49.0
시금치나물,멸치,58,8,0.138,9.0,51.0
시금치나물,청양고추,58,8,0.138,9.0,51.0
시금치나물,양파,58,8,0.138,9.0,51.0
시금치나물,고춧가루,58,7,0.121,8.0,52.0
시금치나물,들기름,58,7,0.121,8.0,52.0
시금치나물,식용유,58,7,0.121,8.0,52.0
시금치나물,후춧가루,58,7,0.121,8.0,52.0
시금치나물,고추장,58,7,0.121,8.0,52.0
시금치나물,우유,58,6,0.103,7.0,53.0
시금치나물,다시마,58,5,0.086,6.0,54.0
시금치나물,쌀뜨물,58,5,0.086,6.0,54.0
시금치나물,물,58,5,0.086,6.0,54.0
시금치나물,매실액,58,4,0.069,5.0,55.0
시금치나물,새우,58,4,0.069,5.0,55.0
시금치나물,멸치액젓,58,4,0.069,5.0,55.0
시금치나물,굴소스,58,3,0.052,4.0,56.0
시금치나물,식초,58,3,0.052,4.0,56.0
시금치나물,소시지,58,3,0.052,4.0,56.0
시금치나물,베이컨,58,3,0.052,4.0,56.0
시금치나물,파스타면,58,2,0.034,3.0,57.0
시금치나물,두부,58,2,0.034,3.0,57.0
시금치나물,당근,58,2,0.034,3.0,57.0
시금치나물,바지락,58,2,0.034,3.0,57.0
시금치나물,돼지고기,58,2,0.034,3.0,57.0
시금치나물,토마토,58,2,0.034,3.0,57.0
시금치나물,들깨,58,2,0.034,3.0,57.0
시금치나물,치즈,58,2,0.034,3.0,57.0
시금치나물,파프리카,58,2,0.034,3.0,57.0
시금치나물,햄,58,2,0.034,3.0,57.0
시금치나물,밥,58,2,0.034,3.0,57.0
시금치나물,기름,58,1,0.017,2.0,58.0
시금치나물,올리고당,58,1,0.017,2.0,58.0
시금치나물,도라지,58,1,0.017,2.0,58.0
시금치나물,고사리,58,1,0.017,2.0,58.0
시금치나물,버섯,58,1,0.017,2.0,58.0
시금치나물,느타리버섯,58,1,0.017,2.0,58.0
시금치나물,다시다,58,1,0.017,2.0,58.0
시금치나물,고추,58,1,0.017,2.0,58.0
시금치나물,새송이버섯,58,1,0.017,2.0,58.0
시금치나물,김,58,1,0.017,2.0,58.0
시금치나물,생크림,58,1,0.017,2.0,58.0
시금치나물,맛살,58,1,0.017,2.0,58.0
시금치나물,맛술,58,1,0.017,2.0,58.0
시금치나물,봄동,58,1,0.017,2.0,58.0
시금치나물,카레가루,58,1,0.017,2.0,58.0
식혜,설탕,54,53,0.981,54.0,2.0
식혜,물,54,45,0.833,46.0,10.0
식혜,엿기름,54,44,0.815,45.0,11.0
식혜,밥,54,31,0.574,32.0,24.0
식혜,쌀,54,22,0.407,23.0,33.0
식혜,생강,54,18,0.333,19.0,37.0
식혜,잣,54,9,0.167,10.0,46.0
식혜,대추,54,7,0.13,8.0,48.0
식혜,찹쌀,54,5,0.093,6.0,50.0
식혜,소금,54,4,0.074,5.0,51.0
식혜,애호박,54,2,0.037,3.0,53.0
식혜,올리고당,54,2,0.037,3.0,53.0
식혜,만두,54,1,0.019,2.0,54.0
식혜,감초,54,1,0.019,2.0,54.0
식혜,곶감,54,1,0.019,2.0,54.0
식혜,엿질금,54,1,0.019,2.0,54.0
식혜,햇반,54,1,0.019,2.0,54.0
식혜,베주머니,54,1,0.019,2.0,54.0
식혜,유자청,54,1,0.019,2.0,54.0
식혜,뉴슈가,54,1,0.019,2.0,54.0
식혜,인삼,54,1,0.019,2.0,54.0
애호박전,애호박,60,60,1.0,61.0,1.0
애호박전,소금,60,41,0.683,42.0,20.0
애호박전,계란,60,40,0.667,41.0,21.0
애호박전,부침가루,60,32,0.533,33.0,29.0
애호박전,식용유,60,28,0.467,29.0,33.0
애호박전,간장,60,18,0.3,19.0,43.0
애호박전,청양고추,60,17,0.283,18.0,44.0
애호박전,밀가루,60,16,0.267,17.0,45.0
애호박전,고추,60,15,0.25,16.0,46.0
애호박전,식초,60,13,0.217,14.0,48.0
애호박전,고춧가루,60,12,0.2,13.0,49.0
애호박전,전분,60,11,0.183,12.0,50.0
애호박전,새우,60,10,0.167,11.0,51.0
애호박전,양파,60,10,0.167,11.0,51.0
애호박전,통깨,60,10,0.167,11.0,51.0
애호박전,물,60,9,0.15,10.0,52.0
애호박전,당근,60,8,0.133,9.0,53.0
애호박전,참기름,60,7,0.117,8.0,54.0
애호박전,튀김가루,60,5,0.083,6.0,56.0
애호박전,후춧가루,60,4,0.067,5.0,57.0
애호박전,대파,60,3,0.05,4.0,58.0
애호박전,소시지,60,2,0.033,3.0,59.0
애호박전,부침유,60,2,0.033,3.0,59.0
애호박전,팽이버섯,60,2,0.033,3.0,59.0
애호박전,기름,60,2,0.033,3.0,59.0
애호박전,쪽파,60,2,0.033,3.0,59.0
애호박전,연두,60,2,0.033,3.0,59.0
애호박전,맛술,60,2,0.033,3.0,59.0
애호박전,참치,60,1,0.017,2.0,60.0
애호박전,크린백,60,1,0.017,2.0,60.0
애호박전,맛살,60,1,0.017,2.0,60.0
애호박전,마늘,60,1,0.017,2.0,60.0
애호박전,멸치액젓,60,1,0.017,2.0,60.0
애호박전,쑥갓,60,1,0.017,2.0,60.0
애호박전,위생봉지,60,1,0.017,2.0,60.0
애호박전,올리고당,60,1,0.017,2.0,60.0
애호박전,새우젓,60,1,0.017,2.0,60.0
애호박전,설탕,60,1,0.017,2.0,60.0
애호박전,울금가루,60,1,0.017,2.0,60.0
애호박전,매실액,60,1,0.017,2.0,60.0
애호박전,파프리카,60,1,0.017,2.0,60.0
애호박전,비닐팩,60,1,0.017,2.0,60.0
애호박전,허브쏠트,60,1,0.017,2.0,60.0
애호박전,허브솔트,60,1,0.017,2.0,60.0
애호박전,유자폰즈소스,60,1,0.017,2.0,60.0
약과,밀가루,36,25,0.694,26.0,12.0
약과,물,36,25,0.694,26.0,12.0
약과,소금,36,24,0.667,25.0,13.0
약과,계피,36,22,0.611,23.0,15.0
약과,올리고당,36,22,0.611,23.0,15.0
약과,설탕,36,22,0.611,23.0,15.0
약과,생강,36,19,0.528,20.0,18.0
약과,참기름,36,18,0.5,19.0,19.0
약과,후춧가루,36,16,0.444,17.0,21.0
약과,꿀,36,14,0.389,15.0,23.0
약과,식용유,36,12,0.333,13.0,25.0
약과,잣,36,9,0.25,10.0,28.0
약과,소주,36,8,0.222,9.0,29.0
약과,계란,36,8,0.222,9.0,29.0
약과,맛술,36,7,0.194,8.0,30.0
약과,약과,36,7,0.194,8.0,30.0
약과,대추,36,6,0.167,7.0,31.0
약과,집청,36,5,0.139,6.0,32.0
약과,아몬드,36,5,0.139,6.0,32.0
약과,베이킹파우더,36,5,0.139,6.0,32.0
약과,버터,36,5,0.139,6.0,32.0
약과,알룰로스,36,3,0.083,4.0,34.0
약과,찹쌀가루,36,3,0.083,4.0,34.0
약과,바닐라빈,36,3,0.083,4.0,34.0
약과,우유,36,3,0.083,4.0,34.0
약과,기름,36,2,0.056,3.0,35.0
약과,베이킹소다,36,2,0.056,3.0,35.0
약과,애호박,36,2,0.056,3.0,35.0
약과,통깨,36,2,0.056,3.0,35.0
약과,인삼,36,2,0.056,3.0,35.0
약과,전분,36,2,0.056,3.0,35.0
약과,고추,36,2,0.056,3.0,35.0
약과,간장,36,2,0.056,3.0,35.0
약과,요구르트,36,2,0.056,3.0,35.0
약과,커피가루,36,2,0.056,3.0,35.0
약과,생크림,36,2,0.056,3.0,35.0
약과,멥쌀가루,36,2,0.056,3.0,35.0
약과,땅콩,36,1,0.028,2.0,36.0
약과,식소다,36,1,0.028,2.0,36.0
약과,집청시럽,36,1,0.028,2.0,36.0
약과,스테비아,36,1,0.028,2.0,36.0
약과,견과류,36,1,0.028,2.0,36.0
약과,쿠키커터,36,1,0.028,2.0,36.0
약과,두유,36,1,0.028,2.0,36.0
약과,레몬,36,1,0.028,2.0,36.0
약과,감시럽,36,1,0.028,2.0,36.0
약과,요리유,36,1,0.028,2.0,36.0
약과,해바라기씨,36,1,0.028,2.0,36.0
약과,매실,36,1,0.028,2.0,36.0
약과,아이스크림,36,1,0.028,2.0,36.0
약과,콩가루,36,1,0.028,2.0,36.0
약과,헤이즐넛가루,36,1,0.028,2.0,36.0
약과,슈가파우더,36,1,0.028,2.0,36.0
약과,쭈꾸미,36,1,0.028,2.0,36.0
약과,양배추,36,1,0.028,2.0,36.0
약과,떡,36,1,0.028,2.0,36.0
약과,청양고추,36,1,0.028,2.0,36.0
약과,고추장,36,1,0.028,2.0,36.0
약과,마늘,36,1,0.028,2.0,36.0
약과,대파,36,1,0.028,2.0,36.0
약과,당근,36,1,0.028,2.0,36.0
약과,귀리,36,1,0.028,2.0,36.0
약과,캐슈너트,36,1,0.028,2.0,36.0
약과,마카다미아시럽,36,1,0.028,2.0,36.0
약과,전란,36,1,0.028,2.0,36.0
약과,치즈,36,1,0.028,2.0,36.0
약과,분당,36,1,0.028,2.0,36.0
약과,감자,36,1,0.028,2.0,36.0
약과,베주머니,36,1,0.028,2.0,36.0
약과,강판,36,1,0.028,2.0,36.0
약과,닭고기,36,1,0.028,2.0,36.0
약과,고구마,36,1,0.028,2.0,36.0
약과,캐롭파우더,36,1,0.028,2.0,36.0
약과,메추리알,36,1,0.028,2.0,36.0
약과,곤약,36,1,0.028,2.0,36.0
약과,마스코바도,36,1,0.028,2.0,36.0
약과,대봉시,36,1,0.028,2.0,36.0
약과,블루베리,36,1,0.028,2.0,36.0
약과,딸기,36,1,0.028,2.0,36.0
약과,시리얼,36,1,0.028,2.0,36.0
약과,콩,36,1,0.028,2.0,36.0
약과,초코칩쿠키,36,1,0.028,2.0,36.0
양념게장,고춧가루,59,56,0.949,57.0,4.0
양념게장,마늘,59,56,0.949,57.0,4.0
양념게장,꽃게,59,54,0.915,55.0,6.0
양념게장,간장,59,53,0.898,54.0,7.0
양념게장,생강,59,47,0.797,48.0,13.0
양념게장,올리고당,59,40,0.678,41.0,20.0
양념게장,통깨,59,40,0.678,41.0,20.0
양념게장,맛술,59,31,0.525,32.0,29.0
양념게장,양파,59,31,0.525,32.0,29.0
양념게장,설탕,59,30,0.508,31.0,30.0
양념게장,청양고추,59,28,0.475,29.0,32.0
양념게장,대파,59,26,0.441,27.0,34.0
양념게장,멸치액젓,59,25,0.424,26.0,35.0
양념게장,매실액,59,23,0.39,24.0,37.0
양념게장,고추,59,22,0.373,23.0,38.0
양념게장,참기름,59,18,0.305,19.0,42.0
양념게장,후춧가루,59,17,0.288,18.0,43.0
양념게장,고추장,59,14,0.237,15.0,46.0
양념게장,소금,59,13,0.22,14.0,47.0
양념게장,쪽파,59,10,0.169,11.0,50.0
양념게장,소주,59,9,0.153,10.0,51.0
양념게장,물,59,5,0.085,6.0,55.0
양념게장,식초,59,5,0.085,6.0,55.0
양념게장,사과,59,5,0.085,6.0,55.0
양념게장,절단게,59,4,0.068,5.0,56.0
양념게장,배,59,4,0.068,5.0,56.0
양념게장,당근,59,4,0.068,5.0,56.0
양념게장,다시다,59,3,0.051,4.0,57.0
양념게장,꿀,59,3,0.051,4.0,57.0
양념게장,참치액,59,3,0.051,4.0,57.0
양념게장,술,59,2,0.034,3.0,58.0
양념게장,매실,59,2,0.034,3.0,58.0
양념게장,게장,59,2,0.034,3.0,58.0
양념게장,다시마,59,1,0.017,2.0,59.0
양념게장,생상,59,1,0.017,2.0,59.0
양념게장,청양,59,1,0.017,2.0,59.0
양념게장,뉴슈가,59,1,0.017,2.0,59.0
양념게장,육수,59,1,0.017,2.0,59.0
양념게장,쌀,59,1,0.017,2.0,59.0
양념게장,김,59,1,0.017,2.0,59.0
양념게장,부추,59,1,0.017,2.0,59.0
양념게장,파인애플즙,59,1,0.017,2.0,59.0
양념게장,찹쌀가루,59,1,0.017,2.0,59.0
양념게장,양념장,59,1,0.017,2.0,59.0
양념게장,파인애플슬라이스조각과국물,59,1,0.017,2.0,59.0
양념게장,메이플시럽,59,1,0.017,2.0,59.0
양념게장,레몬,59,1,0.017,2.0,59.0
양념게장,밥,59,1,0.017,2.0,59.0
양념게장,무,59,1,0.017,2.0,59.0
양념치킨,마늘,56,48,0.857,49.0,9.0
양념치킨,닭고기,56,48,0.857,49.0,9.0
양념치킨,올리고당,56,40,0.714,41.0,17.0
양념치킨,케첩,56,39,0.696,40.0,18.0
양념치킨,고추장,56,38,0.679,39.0,19.0
양념치킨,간장,56,37,0.661,38.0,20.0
양념치킨,설탕,56,34,0.607,35.0,23.0
양념치킨,고춧가루,56,28,0.5,29.0,29.0
양념치킨,물,56,28,0.5,29.0,29.0
양념치킨,후춧가루,56,27,0.482,28.0,30.0
양념치킨,소금,56,19,0.339,20.0,38.0
양념치킨,식용유,56,17,0.304,18.0,40.0
양념치킨,맛술,56,15,0.268,16.0,42.0
양념치킨,굴소스,56,11,0.196,12.0,46.0
양념치킨,전분,56,10,0.179,11.0,47.0
양념치킨,튀김가루,56,9,0.161,10.0,48.0
양념치킨,우유,56,9,0.161,10.0,48.0
양념치킨,양파,56,9,0.161,10.0,48.0
양념치킨,통깨,56,8,0.143,9.0,49.0
양념치킨,참기름,56,7,0.125,8.0,50.0
양념치킨,카레가루,56,7,0.125,8.0,50.0
양념치킨,매실액,56,7,0.125,8.0,50.0
양념치킨,생강,56,7,0.125,8.0,50.0
양념치킨,대파,56,7,0.125,8.0,50.0
양념치킨,청양고추,56,6,0.107,7.0,51.0
양념치킨,기름,56,5,0.089,6.0,52.0
양념치킨,땅콩,56,5,0.089,6.0,52.0
양념치킨,식초,56,4,0.071,5.0,53.0
양념치킨,밀가루,56,4,0.071,5.0,53.0
양념치킨,고추,56,4,0.071,5.0,53.0
양념치킨,호두,56,3,0.054,4.0,54.0
양념치킨,견과류,56,3,0.054,4.0,54.0
양념치킨,꿀,56,3,0.054,4.0,54.0
양념치킨,잼,56,3,0.054,4.0,54.0
양념치킨,떡,56,3,0.054,4.0,54.0
양념치킨,계란,56,2,0.036,3.0,55.0
양념치킨,마요네즈,56,2,0.036,3.0,55.0
양념치킨,핫소스,56,2,0.036,3.0,55.0
양념치킨,소주,56,2,0.036,3.0,55.0
양념치킨,레몬,56,2,0.036,3.0,55.0
양념치킨,허브솔트,56,2,0.036,3.0,55.0
양념치킨,감자,56,1,0.018,2.0,56.0
양념치킨,콩가루,56,1,0.018,2.0,56.0
양념치킨,피스타치오,56,1,0.018,2.0,56.0
양념치킨,커피가루,56,1,0.018,2.0,56.0
양념치킨,쌀뜨물,56,1,0.018,2.0,56.0
양념치킨,밥,56,1,0.018,2.0,56.0
양념치킨,반숙후라이,56,1,0.018,2.0,56.0
양념치킨,만두,56,1,0.018,2.0,56.0
양념치킨,두부,56,1,0.018,2.0,56.0
양념치킨,로즈메리가루,56,1,0.018,2.0,56.0
양념치킨,표고버섯,56,1,0.018,2.0,56.0
양념치킨,너겟,56,1,0.018,2.0,56.0
양념치킨,당근,56,1,0.018,2.0,56.0
양념치킨,양배추,56,1,0.018,2.0,56.0
양념치킨,돼지고기,56,1,0.018,2.0,56.0
양념치킨,채소,56,1,0.018,2.0,56.0
양념치킨,버터,56,1,0.018,2.0,56.0
양념치킨,고추기름,56,1,0.018,2.0,56.0
양념치킨,알룰로스,56,1,0.018,2.0,56.0
양념치킨,튀김,56,1,0.018,2.0,56.0
양념치킨,타임,56,1,0.018,2.0,56.0
양념치킨,사과,56,1,0.018,2.0,56.0
양념치킨,파프리카,56,1,0.018,2.0,56.0
양념치킨,유자청,56,1,0.018,2.0,56.0
양념치킨,라임,56,1,0.018,2.0,56.0
양념치킨,데리야키,56,1,0.018,2.0,56.0
양념치킨,계피,56,1,0.018,2.0,56.0
양념치킨,맥주,56,1,0.018,2.0,56.0
양념치킨,로즈마리,56,1,0.018,2.0,56.0
양념치킨,바질,56,1,0.018,2.0,56.0
양념치킨,토마토,56,1,0.018,2.0,56.0
양념치킨,자일로스,56,1,0.018,2.0,56.0
양념치킨,라면,56,1,0.018,2.0,56.0
양념치킨,메추리알,56,1,0.018,2.0,56.0
양념치킨,멸치,56,1,0.018,2.0,56.0
양념치킨,탄산수,56,1,0.018,2.0,56.0
양념치킨,우스타소스,56,1,0.018,2.0,56.0
열무김치,마늘,60,59,0.983,60.0,2.0
열무김치,열무,60,58,0.967,59.0,3.0
열무김치,양파,60,52,0.867,53.0,9.0
열무김치,소금,60,50,0.833,51.0,11.0
열무김치,고추,60,50,0.833,51.0,11.0
열무김치,고춧가루,60,50,0.833,51.0,11.0
열무김치,멸치액젓,60,49,0.817,50.0,12.0
열무김치,생강,60,43,0.717,44.0,18.0
열무김치,쪽파,60,29,0.483,30.0,32.0
열무김치,새우젓,60,28,0.467,29.0,33.0
열무김치,매실액,60,27,0.45,28.0,34.0
열무김치,물,60,27,0.45,28.0,34.0
열무김치,얼갈이,60,24,0.4,25.0,37.0
열무김치,설탕,60,23,0.383,24.0,38.0
열무김치,대파,60,16,0.267,17.0,45.0
열무김치,밀가루,60,14,0.233,15.0,47.0
열무김치,청양고추,60,12,0.2,13.0,49.0
열무김치,사과,60,11,0.183,12.0,50.0
열무김치,찹쌀풀,60,10,0.167,11.0,51.0
열무김치,밥,60,10,0.167,11.0,51.0
열무김치,찹쌀가루,60,9,0.15,10.0,52.0
열무김치,감자,60,9,0.15,10.0,52.0
열무김치,멸치,60,7,0.117,8.0,54.0
열무김치,무,60,6,0.1,7.0,55.0
열무김치,배,60,6,0.1,7.0,55.0
열무김치,부추,60,5,0.083,6.0,56.0
열무김치,배즙,60,5,0.083,6.0,56.0
열무김치,배추,60,5,0.083,6.0,56.0
열무김치,다시마,60,4,0.067,5.0,57.0
열무김치,통깨,60,4,0.067,5.0,57.0
열무김치,당근,60,3,0.05,4.0,58.0
열무김치,사이다,60,2,0.033,3.0,59.0
열무김치,육수,60,2,0.033,3.0,59.0
열무김치,참치액,60,2,0.033,3.0,59.0
열무김치,매실,60,2,0.033,3.0,59.0
열무김치,찹쌀,60,2,0.033,3.0,59.0
열무김치,풀국,60,1,0.017,2.0,60.0
열무김치,쌀,60,1,0.017,2.0,60.0
열무김치,젓갈,60,1,0.017,2.0,60.0
열무김치,고춧가추,60,1,0.017,2.0,60.0
열무김치,탄산수,60,1,0.017,2.0,60.0
열무김치,풀,60,1,0.017,2.0,60.0
열무김치,뉴슈가,60,1,0.017,2.0,60.0
열무김치,밑국물,60,1,0.017,2.0,60.0
열무김치,김,60,1,0.017,2.0,60.0
열무김치,총각무,60,1,0.017,2.0,60.0
열무김치,고구마,60,1,0.017,2.0,60.0
열무김치,피망,60,1,0.017,2.0,60.0
열무김치,표고버섯,60,1,0.017,2.0,60.0
열무김치,오이,60,1,0.017,2.0,60.0
열무김치,감미료,60,1,0.017,2.0,60.0
열무김치,오미자청,60,1,0.017,2.0,60.0
열무김치,장아찌원액,60,1,0.017,2.0,60.0
열무김치,복숭아,60,1,0.017,2.0,60.0
오이소박이,오이,60,60,1.0,61.0,1.0
오이소박이,고춧가루,60,60,1.0,61.0,1.0
오이소박이,마늘,60,60,1.0,61.0,1.0
오이소박이,부추,60,59,0.983,60.0,2.0
오이소박이,멸치액젓,60,55,0.917,56.0,6.0
오이소박이,소금,60,54,0.9,55.0,7.0
오이소박이,양파,60,43,0.717,44.0,18.0
오이소박이,새우젓,60,37,0.617,38.0,24.0
오이소박이,설탕,60,35,0.583,36.0,26.0
오이소박이,매실액,60,35,0.583,36.0,26.0
오이소박이,물,60,32,0.533,33.0,29.0
오이소박이,생강,60,31,0.517,32.0,30.0
오이소박이,당근,60,20,0.333,21.0,41.0
오이소박이,통깨,60,20,0.333,21.0,41.0
오이소박이,무,60,5,0.083,6.0,56.0
오이소박이,찹쌀풀,60,5,0.083,6.0,56.0
오이소박이,멸치,60,5,0.083,6.0,56.0
오이소박이,대파,60,5,0.083,6.0,56.0
오이소박이,밀가루,60,5,0.083,6.0,56.0
오이소박이,고추,60,4,0.067,5.0,57.0
오이소박이,쪽파,60,4,0.067,5.0,57.0
오이소박이,매실,60,4,0.067,5.0,57.0
오이소박이,올리고당,60,3,0.05,4.0,58.0
오이소박이,사과,60,2,0.033,3.0,59.0
오이소박이,찹쌀가루,60,2,0.033,3.0,59.0
오이소박이,뉴슈가,60,1,0.017,2.0,60.0
오이소박이,쌀,60,1,0.017,2.0,60.0
오이소박이,호렴,60,1,0.017,2.0,60.0
오이소박이,절임물,60,1,0.017,2.0,60.0
오이소박이,배즙,60,1,0.017,2.0,60.0
오이소박이,청양고추,60,1,0.017,2.0,60.0
오이소박이,젓갈,60,1,0.017,2.0,60.0
오이소박이,배,60,1,0.017,2.0,60.0
오이소박이,야채,60,1,0.017,2.0,60.0
오이소박이,과일즙,60,1,0.017,2.0,60.0
오이소박이,식초,60,1,0.017,2.0,60.0
오징어 순대,오징어,51,51,1.0,52.0,1.0
오징어 순대,소금,51,40,0.784,41.0,12.0
오징어 순대,마늘,51,36,0.706,37.0,16.0
오징어 순대,후춧가루,51,36,0.706,37.0,16.0
오징어 순대,두부,51,33,0.647,34.0,19.0
오징어 순대,계란,51,31,0.608,32.0,21.0
오징어 순대,당근,51,30,0.588,31.0,22.0
오징어 순대,참기름,51,29,0.569,30.0,23.0
오징어 순대,양파,51,28,0.549,29.0,24.0
오징어 순대,돼지고기,51,24,0.471,25.0,28.0
오징어 순대,밀가루,51,23,0.451,24.0,29.0
오징어 순대,대파,51,23,0.451,24.0,29.0
오징어 순대,부추,51,20,0.392,21.0,32.0
오징어 순대,간장,51,15,0.294,16.0,37.0
오징어 순대,청양고추,51,15,0.294,16.0,37.0
오징어 순대,표고버섯,51,14,0.275,15.0,38.0
오징어 순대,통깨,51,14,0.275,15.0,38.0
오징어 순대,당면,51,13,0.255,14.0,39.0
오징어 순대,맛술,51,11,0.216,12.0,41.0
오징어 순대,전분,51,11,0.216,12.0,41.0
오징어 순대,설탕,51,8,0.157,9.0,44.0
오징어 순대,숙주,51,8,0.157,9.0,44.0
오징어 순대,고추,51,8,0.157,9.0,44.0
오징어 순대,굴소스,51,7,0.137,8.0,45.0
오징어 순대,소고기,51,6,0.118,7.0,46.0
오징어 순대,식용유,51,6,0.118,7.0,46.0
오징어 순대,생강,51,6,0.118,7.0,46.0
오징어 순대,파프리카,51,5,0.098,6.0,47.0
오징어 순대,치즈,51,4,0.078,5.0,48.0
오징어 순대,깻잎,51,4,0.078,5.0,48.0
오징어 순대,만두,51,4,0.078,5.0,48.0
오징어 순대,찹쌀,51,4,0.078,5.0,48.0
오징어 순대,밥,51,4,0.078,5.0,48.0
오징어 순대,쪽파,51,3,0.059,4.0,49.0
오징어 순대,피망,51,3,0.059,4.0,49.0
오징어 순대,소주,51,3,0.059,4.0,49.0
오징어 순대,물,51,3,0.059,4.0,49.0
오징어 순대,새송이버섯,51,2,0.039,3.0,50.0
오징어 순대,쑥갓,51,2,0.039,3.0,50.0
오징어 순대,토마토,51,2,0.039,3.0,50.0
오징어 순대,파슬리,51,2,0.039,3.0,50.0
오징어 순대,식초,51,2,0.039,3.0,50.0
오징어 순대,애호박,51,2,0.039,3.0,50.0
오징어 순대,올리고당,51,2,0.039,3.0,50.0
오징어 순대,양송이버섯,51,2,0.039,3.0,50.0
오징어 순대,새우,51,2,0.039,3.0,50.0
오징어 순대,찹쌀가루,51,2,0.039,3.0,50.0
오징어 순대,부침가루,51,2,0.039,3.0,50.0
오징어 순대,고기,51,1,0.02,2.0,51.0
오징어 순대,떡,51,1,0.02,2.0,51.0
오징어 순대,콩나물,51,1,0.02,2.0,51.0
오징어 순대,버터,51,1,0.02,2.0,51.0
오징어 순대,고춧가루,51,1,0.02,2.0,51.0
오징어 순대,참치액,51,1,0.02,2.0,51.0
오징어 순대,가지,51,1,0.02,2.0,51.0
오징어 순대,들기름,51,1,0.02,2.0,51.0
오징어 순대,동그랑땡,51,1,0.02,2.0,51.0
오징어 순대,애기새송이,51,1,0.02,2.0,51.0
오징어 순대,꼬치,51,1,0.02,2.0,51.0
오징어 순대,느타리,51,1,0.02,2.0,51.0
오징어 순대,매실액,51,1,0.02,2.0,51.0
오징어 순대,할라피뇨,51,1,0.02,2.0,51.0
오징어 순대,배추김치,51,1,0.02,2.0,51.0
오징어 순대,감자,51,1,0.02,2.0,51.0
오징어 순대,연잎효소,51,1,0.02,2.0,51.0
오징어 순대,된장,51,1,0.02,2.0,51.0
오징어 순대,고추냉이,51,1,0.02,2.0,51.0
오징어 순대,실한천,51,1,0.02,2.0,51.0
오징어 순대,우엉,51,1,0.02,2.0,51.0
오징어 순대,고추장,51,1,0.02,2.0,51.0
오징어 순대,꿀,51,1,0.02,2.0,51.0
오징어 순대,인삼,51,1,0.02,2.0,51.0
오징어 순대,오색미,51,1,0.02,2.0,51.0
오징어 순대,냉장고속야채,51,1,0.02,2.0,51.0
오징어 순대,중하,51,1,0.02,2.0,51.0
오징어 순대,이쑤시게,51,1,0.02,2.0,51.0
오징어 순대,완두콩,51,1,0.02,2.0,51.0
오징어 순대,생오레가노,51,1,0.02,2.0,51.0
오징어 순대,올리브,51,1,0.02,2.0,51.0
오징어 순대,케이퍼,51,1,0.02,2.0,51.0
오징어 순대,와인,51,1,0.02,2.0,51.0
오징어 순대,브로콜리,51,1,0.02,2.0,51.0
오징어 순대,견과류,51,1,0.02,2.0,51.0
오징어 순대,술,51,1,0.02,2.0,51.0
오징어 순대,레몬,51,1,0.02,2.0,51.0
육개장,소고기,56,54,0.964,55.0,3.0
육개장,고춧가루,56,54,0.964,55.0,3.0
육개장,마늘,56,54,0.964,55.0,3.0
육개장,간장,56,54,0.964,55.0,3.0
육개장,대파,56,53,0.946,54.0,4.0
육개장,고사리,56,49,0.875,50.0,8.0
육개장,소금,56,39,0.696,40.0,18.0
육개장,숙주,56,38,0.679,39.0,19.0
육개장,참기름,56,36,0.643,37.0,21.0
육개장,후춧가루,56,34,0.607,35.0,23.0
육개장,식용유,56,23,0.411,24.0,34.0
육개장,물,56,20,0.357,21.0,37.0
육개장,느타리버섯,56,18,0.321,19.0,39.0
육개장,무,56,17,0.304,18.0,40.0
육개장,표고버섯,56,16,0.286,17.0,41.0
육개장,양파,56,15,0.268,16.0,42.0
육개장,토란대,56,15,0.268,16.0,42.0
육개장,계란,56,13,0.232,14.0,44.0
육개장,생강,56,13,0.232,14.0,44.0
육개장,고추기름,56,9,0.161,10.0,48.0
육개장,청양고추,56,7,0.125,8.0,50.0
육개장,다시마,56,6,0.107,7.0,51.0
육개장,맛술,56,6,0.107,7.0,51.0
육개장,참치액,56,5,0.089,6.0,52.0
육개장,당면,56,5,0.089,6.0,52.0
육개장,사골,56,5,0.089,6.0,52.0
육개장,고추,56,4,0.071,5.0,53.0
육개장,고추장,56,3,0.054,4.0,54.0
육개장,새우젓,56,3,0.054,4.0,54.0
육개장,들기름,56,3,0.054,4.0,54.0
육개장,된장,56,3,0.054,4.0,54.0
육개장,다시다,56,2,0.036,3.0,55.0
육개장,멸치액젓,56,2,0.036,3.0,55.0
육개장,설탕,56,2,0.036,3.0,55.0
육개장,배추,56,2,0.036,3.0,55.0
육개장,애호박,56,2,0.036,3.0,55.0
육개장,새송이버섯,56,2,0.036,3.0,55.0
육개장,쌀뜨물,56,2,0.036,3.0,55.0
육개장,콩나물,56,2,0.036,3.0,55.0
육개장,버섯,56,2,0.036,3.0,55.0
육개장,칼국수면,56,2,0.036,3.0,55.0
육개장,월계수잎,56,1,0.018,2.0,56.0
육개장,토란나물,56,1,0.018,2.0,56.0
육개장,술,56,1,0.018,2.0,56.0
육개장,고구마,56,1,0.018,2.0,56.0
육개장,멸치,56,1,0.018,2.0,56.0
육개장,부추,56,1,0.018,2.0,56.0
육개장,쪽파,56,1,0.018,2.0,56.0
육개장,박나물,56,1,0.018,2.0,56.0
육개장,매실액,56,1,0.018,2.0,56.0
육개장,소주,56,1,0.018,2.0,56.0
육개장,토란대나물,56,1,0.018,2.0,56.0
육개장,식초,56,1,0.018,2.0,56.0
육개장,메밀가루,56,1,0.018,2.0,56.0
육개장,통깨,56,1,0.018,2.0,56.0
육개장,육수,56,1,0.018,2.0,56.0
육개장,느타리,56,1,0.018,2.0,56.0
육개장,국잔장,56,1,0.018,2.0,56.0
육개장,우엉,56,1,0.018,2.0,56.0
육개장,박고지,56,1,0.018,2.0,56.0
육개장,기름,56,1,0.018,2.0,56.0
육개장,라면,56,1,0.018,2.0,56.0
육회,참기름,58,56,0.966,57.0,3.0
육회,마늘,58,56,0.966,57.0,3.0
육회,소고기,58,49,0.845,50.0,10.0
육회,통깨,58,46,0.793,47.0,13.0
육회,설탕,58,45,0.776,46.0,14.0
육회,계란,58,40,0.69,41.0,19.0
육회,배,58,39,0.672,40.0,20.0
육회,소금,58,39,0.672,40.0,20.0
육회,간장,58,39,0.672,40.0,20.0
육회,후춧가루,58,34,0.586,35.0,25.0
육회,대파,58,20,0.345,21.0,39.0
육회,고추장,58,11,0.19,12.0,48.0
육회,잣,58,10,0.172,11.0,49.0
육회,꿀,58,7,0.121,8.0,52.0
육회,쪽파,58,6,0.103,7.0,53.0
육회,매실액,58,6,0.103,7.0,53.0
육회,무,58,6,0.103,7.0,53.0
육회,올리고당,58,5,0.086,6.0,54.0
육회,맛술,58,5,0.086,6.0,54.0
육회,육회,58,5,0.086,6.0,54.0
육회,청양고추,58,5,0.086,6.0,54.0
육회,고추,58,4,0.069,5.0,55.0
육회,채소,58,3,0.052,4.0,56.0
육회,김,58,3,0.052,4.0,56.0
육회,치즈,58,3,0.052,4.0,56.0
육회,멸치액젓,58,3,0.052,4.0,56.0
육회,육회용고기,58,2,0.034,3.0,57.0
육회,밤,58,2,0.034,3.0,57.0
육회,생강,58,2,0.034,3.0,57.0
육회,배즙,58,2,0.034,3.0,57.0
육회,마요네즈,58,2,0.034,3.0,57.0
육회,매실,58,2,0.034,3.0,57.0
육회,육회소스,58,2,0.034,3.0,57.0
육회,알룰로스,58,2,0.034,3.0,57.0
육회,꾸리살,58,2,0.034,3.0,57.0
육회,꾸릿살,58,1,0.017,2.0,58.0
육회,와인,58,1,0.017,2.0,58.0
육회,새싹,58,1,0.017,2.0,58.0
육회,쌈야채,58,1,0.017,2.0,58.0
육회,쌀,58,1,0.017,2.0,58.0
육회,참나물,58,1,0.017,2.0,58.0
육회,들깨,58,1,0.017,2.0,58.0
육회,고추기름,58,1,0.017,2.0,58.0
육회,상추,58,1,0.017,2.0,58.0
육회,깻잎,58,1,0.017,2.0,58.0
육회,양파,58,1,0.017,2.0,58.0
육회,물,58,1,0.017,2.0,58.0
육회,식초,58,1,0.017,2.0,58.0
육회,소면,58,1,0.017,2.0,58.0
육회,기름,58,1,0.017,2.0,58.0
육회,메추리알,58,1,0.017,2.0,58.0
육회,낙지,58,1,0.017,2.0,58.0
육회,사과,58,1,0.017,2.0,58.0
육회,곰취,58,1,0.017,2.0,58.0
육회,굴소스,58,1,0.017,2.0,58.0
육회,설도,58,1,0.017,2.0,58.0
육회,부추,58,1,0.017,2.0,58.0
육회,견과류,58,1,0.017,2.0,58.0
육회,콩나물,58,1,0.017,2.0,58.0
육회,고춧가루,58,1,0.017,2.0,58.0
육회,오이,58,1,0.017,2.0,58.0
육회,어린잎,58,1,0.017,2.0,58.0
육회,스테이크소스,58,1,0.017,2.0,58.0
육회,레몬,58,1,0.017,2.0,58.0
육회,고추냉이,58,1,0.017,2.0,58.0
육회,땅콩,58,1,0.017,2.0,58.0
잔치국수,간장,58,50,0.862,51.0,9.0
잔치국수,소면,58,44,0.759,45.0,15.0
잔치국수,애호박,58,44,0.759,45.0,15.0
잔치국수,멸치,58,43,0.741,44.0,16.0
잔치국수,계란,58,42,0.724,43.0,17.0
잔치국수,참기름,58,41,0.707,42.0,18.0
잔치국수,마늘,58,41,0.707,42.0,18.0
잔치국수,대파,58,41,0.707,42.0,18.0
잔치국수,당근,58,37,0.638,38.0,22.0
잔치국수,고춧가루,58,36,0.621,37.0,23.0
잔치국수,물,58,34,0.586,35.0,25.0
잔치국수,양파,58,32,0.552,33.0,27.0
잔치국수,통깨,58,31,0.534,32.0,28.0
잔치국수,다시마,58,25,0.431,26.0,34.0
잔치국수,소금,58,23,0.397,24.0,36.0
잔치국수,설탕,58,22,0.379,23.0,37.0
잔치국수,배추김치,58,21,0.362,22.0,38.0
잔치국수,청양고추,58,20,0.345,21.0,39.0
잔치국수,김,58,17,0.293,18.0,42.0
잔치국수,무,58,16,0.276,17.0,43.0
잔치국수,후춧가루,58,13,0.224,14.0,46.0
잔치국수,고추,58,13,0.224,14.0,46.0
잔치국수,국수,58,11,0.19,12.0,48.0
잔치국수,표고버섯,58,10,0.172,11.0,49.0
잔치국수,맛술,58,8,0.138,9.0,51.0
잔치국수,쪽파,58,7,0.121,8.0,52.0
잔치국수,매실액,58,6,0.103,7.0,53.0
잔치국수,멸치액젓,58,6,0.103,7.0,53.0
잔치국수,새우,58,6,0.103,7.0,53.0
잔치국수,버섯,58,5,0.086,6.0,54.0
잔치국수,부추,58,3,0.052,4.0,56.0
잔치국수,육수,58,3,0.052,4.0,56.0
잔치국수,소고기,58,3,0.052,4.0,56.0
잔치국수,올리고당,58,2,0.034,3.0,57.0
잔치국수,참치액,58,2,0.034,3.0,57.0
잔치국수,들기름,58,1,0.017,2.0,58.0
잔치국수,식용유,58,1,0.017,2.0,58.0
잔치국수,단무지,58,1,0.017,2.0,58.0
잔치국수,피쉬소스,58,1,0.017,2.0,58.0
잔치국수,다시다,58,1,0.017,2.0,58.0
잔치국수,칼국수면,58,1,0.017,2.0,58.0
잔치국수,생강,58,1,0.017,2.0,58.0
잔치국수,들깨,58,1,0.017,2.0,58.0
잔치국수,쌀국수,58,1,0.017,2.0,58.0
잔치국수,어묵,58,1,0.017,2.0,58.0
잔치국수,지단,58,1,0.017,2.0,58.0
잔치국수,사골,58,1,0.017,2.0,58.0
잔치국수,닭고기,58,1,0.017,2.0,58.0
잔치국수,새우젓,58,1,0.017,2.0,58.0
잔치국수,밥,58,1,0.017,2.0,58.0
잔치국수,북어,58,1,0.017,2.0,58.0
잡채,간장,58,57,0.983,58.0,2.0
잡채,양파,58,55,0.948,56.0,4.0
잡채,당면,58,53,0.914,54.0,6.0
잡채,당근,58,52,0.897,53.0,7.0
잡채,참기름,58,49,0.845,50.0,10.0
잡채,설탕,58,44,0.759,45.0,15.0
잡채,후춧가루,58,43,0.741,44.0,16.0
잡채,통깨,58,43,0.741,44.0,16.0
잡채,마늘,58,40,0.69,41.0,19.0
잡채,시금치,58,34,0.586,35.0,25.0
잡채,식용유,58,29,0.5,30.0,30.0
잡채,올리고당,58,28,0.483,29.0,31.0
잡채,돼지고기,58,27,0.466,28.0,32.0
잡채,표고버섯,58,27,0.466,28.0,32.0
잡채,소금,58,21,0.362,22.0,38.0
잡채,파프리카,58,20,0.345,21.0,39.0
잡채,목이버섯,58,20,0.345,21.0,39.0
잡채,부추,58,14,0.241,15.0,45.0
잡채,물,58,14,0.241,15.0,45.0
잡채,대파,58,14,0.241,15.0,45.0
잡채,느타리버섯,58,13,0.224,14.0,46.0
잡채,맛술,58,11,0.19,12.0,48.0
잡채,소고기,58,10,0.172,11.0,49.0
잡채,어묵,58,9,0.155,10.0,50.0
잡채,굴소스,58,7,0.121,8.0,52.0
잡채,피망,58,6,0.103,7.0,53.0
잡채,생강,58,5,0.086,6.0,54.0
잡채,새송이버섯,58,5,0.086,6.0,54.0
잡채,잡채,58,5,0.086,6.0,54.0
잡채,쪽파,58,3,0.052,4.0,56.0
잡채,고춧가루,58,3,0.052,4.0,56.0
잡채,버섯,58,3,0.052,4.0,56.0
잡채,들기름,58,3,0.052,4.0,56.0
잡채,계란,58,3,0.052,4.0,56.0
잡채,청양고추,58,2,0.034,3.0,57.0
잡채,고추,58,2,0.034,3.0,57.0
잡채,기름,58,2,0.034,3.0,57.0
잡채,식초,58,1,0.017,2.0,58.0
잡채,무,58,1,0.017,2.0,58.0
잡채,맛살,58,1,0.017,2.0,58.0
잡채,들깨,58,1,0.017,2.0,58.0
잡채,참치액,58,1,0.017,2.0,58.0
잡채,새송이,58,1,0.017,2.0,58.0
잡채,섬초,58,1,0.017,2.0,58.0
잡채,죽염,58,1,0.017,2.0,58.0
잡채,양배추,58,1,0.017,2.0,58.0
잡채,콩나물,58,1,0.017,2.0,58.0
잡채,고추장,58,1,0.017,2.0,58.0
잡채,오이,58,1,0.017,2.0,58.0
잡채,팽이버섯,58,1,0.017,2.0,58.0
장조림,간장,54,53,0.981,54.0,2.0
장조림,설탕,54,49,0.907,50.0,6.0
장조림,물,54,38,0.704,39.0,17.0
장조림,마늘,54,36,0.667,37.0,19.0
장조림,올리고당,54,31,0.574,32.0,24.0
장조림,맛술,54,29,0.537,30.0,26.0
장조림,후춧가루,54,24,0.444,25.0,31.0
장조림,메추리알,54,24,0.444,25.0,31.0
장조림,대파,54,23,0.426,24.0,32.0
장조림,소고기,54,19,0.352,20.0,36.0
장조림,양파,54,19,0.352,20.0,36.0
장조림,청양고추,54,18,0.333,19.0,37.0
장조림,고추,54,18,0.333,19.0,37.0
장조림,생강,54,16,0.296,17.0,39.0
장조림,계란,54,16,0.296,17.0,39.0
장조림,월계수잎,54,12,0.222,13.0,43.0
장조림,돼지고기,54,11,0.204,12.0,44.0
장조림,통깨,54,10,0.185,11.0,45.0
장조림,다시마,54,8,0.148,9.0,47.0
장조림,표고버섯,54,7,0.13,8.0,48.0
장조림,참기름,54,6,0.111,7.0,49.0
장조림,육수,54,5,0.093,6.0,50.0
장조림,소금,54,3,0.056,4.0,52.0
장조림,식초,54,3,0.056,4.0,52.0
장조림,새송이버섯,54,3,0.056,4.0,52.0
장조림,소주,54,2,0.037,3.0,53.0
장조림,사과,54,2,0.037,3.0,53.0
장조림,매실액,54,2,0.037,3.0,53.0
장조림,술,54,2,0.037,3.0,53.0
장조림,참치액,54,2,0.037,3.0,53.0
장조림,무,54,2,0.037,3.0,53.0
장조림,닭고기,54,2,0.037,3.0,53.0
장조림,된장,54,1,0.019,2.0,54.0
장조림,어묵,54,1,0.019,2.0,54.0
장조림,소시지,54,1,0.019,2.0,54.0
장조림,굴소스,54,1,0.019,2.0,54.0
장조림,멸치,54,1,0.019,2.0,54.0
장조림,미향,54,1,0.019,2.0,54.0
장조림,곤약,54,1,0.019,2.0,54.0
장조림,대추,54,1,0.019,2.0,54.0
장조림,올리브,54,1,0.019,2.0,54.0
장조림,장조림용고기,54,1,0.019,2.0,54.0
전복죽,전복,59,59,1.0,60.0,1.0
전복죽,참기름,59,52,0.881,53.0,8.0
전복죽,소금,59,45,0.763,46.0,15.0
전복죽,쌀,59,34,0.576,35.0,26.0
전복죽,찹쌀,59,27,0.458,28.0,33.0
전복죽,당근,59,25,0.424,26.0,35.0
전복죽,물,59,22,0.373,23.0,38.0
전복죽,양파,59,19,0.322,20.0,41.0
전복죽,간장,59,18,0.305,19.0,42.0
전복죽,통깨,59,15,0.254,16.0,45.0
전복죽,표고버섯,59,6,0.102,7.0,54.0
전복죽,애호박,59,6,0.102,7.0,54.0
전복죽,다시마,59,6,0.102,7.0,54.0
전복죽,마늘,59,6,0.102,7.0,54.0
전복죽,후춧가루,59,5,0.085,6.0,55.0
전복죽,계란,59,5,0.085,6.0,55.0
전복죽,새송이버섯,59,5,0.085,6.0,55.0
전복죽,들기름,59,4,0.068,5.0,56.0
전복죽,밥,59,3,0.051,4.0,57.0
전복죽,부추,59,3,0.051,4.0,57.0
전복죽,대파,59,3,0.051,4.0,57.0
전복죽,맛술,59,3,0.051,4.0,57.0
전복죽,육수,59,2,0.034,3.0,58.0
전복죽,브로콜리,59,2,0.034,3.0,58.0
전복죽,버섯,59,2,0.034,3.0,58.0
전복죽,멸치액젓,59,2,0.034,3.0,58.0
전복죽,멸치,59,2,0.034,3.0,58.0
전복죽,양송이버섯,59,1,0.017,2.0,59.0
전복죽,팽이버섯,59,1,0.017,2.0,59.0
전복죽,술,59,1,0.017,2.0,59.0
전복죽,다시다,59,1,0.017,2.0,59.0
전복죽,야채,59,1,0.017,2.0,59.0
전복죽,햇반,59,1,0.017,2.0,59.0
전복죽,쪽파,59,1,0.017,2.0,59.0
전복죽,김,59,1,0.017,2.0,59.0
전복죽,닭고기,59,1,0.017,2.0,59.0
전복죽,인삼,59,1,0.017,2.0,59.0
전복죽,사골,59,1,0.017,2.0,59.0
전복죽,참치액,59,1,0.017,2.0,59.0
전복죽,우유,59,1,0.017,2.0,59.0
전복죽,누룽지,59,1,0.017,2.0,59.0
전복죽,버터,59,1,0.017,2.0,59.0
전복죽,깻잎,59,1,0.017,2.0,59.0
전복죽,파슬리,59,1,0.017,2.0,59.0
전복죽,쌀뜨물,59,1,0.017,2.0,59.0
전복죽,양배추,59,1,0.017,2.0,59.0
전복죽,고춧가루,59,1,0.017,2.0,59.0
전복죽,설탕,59,1,0.017,2.0,59.0
전복죽,소주,59,1,0.017,2.0,59.0
족발,간장,54,46,0.852,47.0,9.0
족발,마늘,54,41,0.759,42.0,14.0
족발,설탕,54,35,0.648,36.0,20.0
족발,양파,54,33,0.611,34.0,22.0
족발,후춧가루,54,31,0.574,32.0,24.0
족발,대파,54,28,0.519,29.0,27.0
족발,족발,54,27,0.5,28.0,28.0
족발,올리고당,54,25,0.463,26.0,30.0
족발,돼지고기,54,24,0.444,25.0,31.0
족발,맛술,54,22,0.407,23.0,33.0
족발,생강,54,21,0.389,22.0,34.0
족발,월계수잎,54,20,0.37,21.0,35.0
족발,물,54,19,0.352,20.0,36.0
족발,고춧가루,54,14,0.259,15.0,41.0
족발,고추장,54,14,0.259,15.0,41.0
족발,계피,54,14,0.259,15.0,41.0
족발,청양고추,54,12,0.222,13.0,43.0
족발,참기름,54,12,0.222,13.0,43.0
족발,고추,54,12,0.222,13.0,43.0
족발,된장,54,10,0.185,11.0,45.0
족발,커피가루,54,9,0.167,10.0,46.0
족발,통깨,54,9,0.167,10.0,46.0
족발,팔각,54,9,0.167,10.0,46.0
족발,식초,54,8,0.148,9.0,47.0
족발,소주,54,8,0.148,9.0,47.0
족발,소금,54,6,0.111,7.0,49.0
족발,식용유,54,6,0.111,7.0,49.0
족발,매실액,54,5,0.093,6.0,50.0
족발,쌍화탕,54,5,0.093,6.0,50.0
족발,당근,54,5,0.093,6.0,50.0
족발,굴소스,54,4,0.074,5.0,51.0
족발,오이,54,4,0.074,5.0,51.0
족발,깻잎,54,4,0.074,5.0,51.0
족발,파프리카,54,4,0.074,5.0,51.0
족발,겨자,54,4,0.074,5.0,51.0
족발,사과,54,4,0.074,5.0,51.0
족발,노두유,54,4,0.074,5.0,51.0
족발,참치액,54,3,0.056,4.0,52.0
족발,밥,54,3,0.056,4.0,52.0
족발,맛살,54,3,0.056,4.0,52.0
족발,정향,54,3,0.056,4.0,52.0
족발,양배추,54,3,0.056,4.0,52.0
족발,로즈마리,54,3,0.056,4.0,52.0
족발,무,54,2,0.037,3.0,53.0
족발,머스터드소스,54,2,0.037,3.0,53.0
족발,타임,54,2,0.037,3.0,53.0
족발,키위,54,2,0.037,3.0,53.0
족발,새우젓,54,2,0.037,3.0,53.0
족발,멸치액젓,54,2,0.037,3.0,53.0
족발,콜라,54,2,0.037,3.0,53.0
족발,당귀,54,2,0.037,3.0,53.0
족발,레몬,54,2,0.037,3.0,53.0
족발,와인,54,1,0.019,2.0,54.0
족발,고기삶는티백,54,1,0.019,2.0,54.0
족발,원탕,54,1,0.019,2.0,54.0
족발,육수,54,1,0.019,2.0,54.0
족발,치즈,54,1,0.019,2.0,54.0
족발,버섯,54,1,0.019,2.0,54.0
족발,해파리,54,1,0.019,2.0,54.0
족발,대추,54,1,0.019,2.0,54.0
족발,두유,54,1,0.019,2.0,54.0
족발,쌀뜨물,54,1,0.019,2.0,54.0
족발,삼계탕재료,54,1,0.019,2.0,54.0
족발,딜,54,1,0.019,2.0,54.0
족발,허브가루,54,1,0.019,2.0,54.0
족발,카레가루,54,1,0.019,2.0,54.0
족발,오렌지,54,1,0.019,2.0,54.0
족발,오향,54,1,0.019,2.0,54.0
족발,계향,54,1,0.019,2.0,54.0
족발,양념장,54,1,0.019,2.0,54.0
족발,부추,54,1,0.019,2.0,54.0
족발,배추,54,1,0.019,2.0,54.0
족발,삼계한방재료,54,1,0.019,2.0,54.0
족발,닭고기,54,1,0.019,2.0,54.0
족발,삼계탕용한약재,54,1,0.019,2.0,54.0
족발,노추,54,1,0.019,2.0,54.0
족발,바질,54,1,0.019,2.0,54.0
족발,다시다,54,1,0.019,2.0,54.0
족발,꿀,54,1,0.019,2.0,54.0
족발,한방재료백숙삶을때,54,1,0.019,2.0,54.0
족발,티백,54,1,0.019,2.0,54.0
족발,​물,54,1,0.019,2.0,54.0
족발,각종한약재한팩,54,1,0.019,2.0,54.0
족발,찹쌀,54,1,0.019,2.0,54.0
족발,누룩,54,1,0.019,2.0,54.0
족발,향신료,54,1,0.019,2.0,54.0
족발,쪽파,54,1,0.019,2.0,54.0
족발,제로콜라,54,1,0.019,2.0,54.0
족발,쌍화차,54,1,0.019,2.0,54.0
족발,계란,54,1,0.019,2.0,54.0
족발,토마토,54,1,0.019,2.0,54.0
족발,땅콩,54,1,0.019,2.0,54.0
족발,고추냉이,54,1,0.019,2.0,54.0
족발,상추,54,1,0.019,2.0,54.0
족발,기름,54,1,0.019,2.0,54.0
총각김치,고춧가루,58,51,0.879,52.0,8.0
총각김치,총각무,58,49,0.845,50.0,10.0
총각김치,마늘,58,49,0.845,50.0,10.0
총각김치,멸치액젓,58,45,0.776,46.0,14.0
총각김치,소금,58,41,0.707,42.0,18.0
총각김치,새우젓,58,41,0.707,42.0,18.0
총각김치,생강,58,40,0.69,41.0,19.0
총각김치,양파,58,31,0.534,32.0,28.0
총각김치,쪽파,58,30,0.517,31.0,29.0
총각김치,설탕,58,28,0.483,29.0,31.0
총각김치,매실액,58,27,0.466,28.0,32.0
총각김치,물,58,19,0.328,20.0,40.0
총각김치,찹쌀풀,58,18,0.31,19.0,41.0
총각김치,대파,58,17,0.293,18.0,42.0
총각김치,찹쌀가루,58,15,0.259,16.0,44.0
총각김치,멸치,58,15,0.259,16.0,44.0
총각김치,배추김치,58,10,0.172,11.0,49.0
총각김치,사과,58,9,0.155,10.0,50.0
총각김치,들기름,58,9,0.155,10.0,50.0
총각김치,고추,58,9,0.155,10.0,50.0
총각김치,뉴슈가,58,6,0.103,7.0,53.0
총각김치,된장,58,6,0.103,7.0,53.0
총각김치,배,58,6,0.103,7.0,53.0
총각김치,밥,58,6,0.103,7.0,53.0
총각김치,밀가루,58,5,0.086,6.0,54.0
총각김치,통깨,58,5,0.086,6.0,54.0
총각김치,다시마,58,5,0.086,6.0,54.0
총각김치,갓,58,4,0.069,5.0,55.0
총각김치,청양고추,58,3,0.052,4.0,56.0
총각김치,참기름,58,3,0.052,4.0,56.0
총각김치,육수,58,3,0.052,4.0,56.0
총각김치,새우,58,2,0.034,3.0,57.0
총각김치,쌀뜨물,58,2,0.034,3.0,57.0
총각김치,식용유,58,2,0.034,3.0,57.0
총각김치,찹쌀,58,2,0.034,3.0,57.0
총각김치,표고버섯,58,2,0.034,3.0,57.0
총각김치,감미료,58,2,0.034,3.0,57.0
총각김치,후춧가루,58,2,0.034,3.0,57.0
총각김치,다시다,58,2,0.034,3.0,57.0
총각김치,배즙,58,1,0.017,2.0,58.0
총각김치,돼지고기,58,1,0.017,2.0,58.0
총각김치,맛술,58,1,0.017,2.0,58.0
총각김치,들깨,58,1,0.017,2.0,58.0
총각김치,계란,58,1,0.017,2.0,58.0
총각김치,김,58,1,0.017,2.0,58.0
총각김치,고추장,58,1,0.017,2.0,58.0
총각김치,버섯,58,1,0.017,2.0,58.0
총각김치,청국장,58,1,0.017,2.0,58.0
총각김치,톳,58,1,0.017,2.0,58.0
총각김치,장아찌원액,58,1,0.017,2.0,58.0
총각김치,복숭아,58,1,0.017,2.0,58.0
총각김치,양념장,58,1,0.017,2.0,58.0
총각김치,미늘,58,1,0.017,2.0,58.0
총각김치,미나리,58,1,0.017,2.0,58.0
총각김치,콩,58,1,0.017,2.0,58.0
총각김치,전분,58,1,0.017,2.0,58.0
총각김치,조미료,58,1,0.017,2.0,58.0
칼국수,칼국수면,60,48,0.8,49.0,13.0
칼국수,마늘,60,43,0.717,44.0,18.0
칼국수,대파,60,38,0.633,39.0,23.0
칼국수,양파,60,37,0.617,38.0,24.0
칼국수,간장,60,33,0.55,34.0,28.0
칼국수,애호박,60,33,0.55,34.0,28.0
칼국수,소금,60,29,0.483,30.0,32.0
칼국수,고춧가루,60,28,0.467,29.0,33.0
칼국수,후춧가루,60,25,0.417,26.0,36.0
칼국수,멸치,60,24,0.4,25.0,37.0
칼국수,당근,60,23,0.383,24.0,38.0
칼국수,감자,60,22,0.367,23.0,39.0
칼국수,물,60,20,0.333,21.0,41.0
칼국수,다시마,60,16,0.267,17.0,45.0
칼국수,통깨,60,14,0.233,15.0,47.0
칼국수,청양고추,60,13,0.217,14.0,48.0
칼국수,고추장,60,13,0.217,14.0,48.0
칼국수,설탕,60,13,0.217,14.0,48.0
칼국수,참기름,60,13,0.217,14.0,48.0
칼국수,멸치액젓,60,12,0.2,13.0,49.0
칼국수,계란,60,11,0.183,12.0,50.0
칼국수,김,60,11,0.183,12.0,50.0
칼국수,닭고기,60,8,0.133,9.0,53.0
칼국수,육수,60,8,0.133,9.0,53.0
칼국수,식초,60,7,0.117,8.0,54.0
칼국수,바지락,60,7,0.117,8.0,54.0
칼국수,된장,60,7,0.117,8.0,54.0
칼국수,표고버섯,60,6,0.1,7.0,55.0
칼국수,매실액,60,6,0.1,7.0,55.0
칼국수,맛술,60,6,0.1,7.0,55.0
칼국수,밀가루,60,5,0.083,6.0,56.0
칼국수,배추,60,5,0.083,6.0,56.0
칼국수,고추,60,5,0.083,6.0,56.0
칼국수,버섯,60,5,0.083,6.0,56.0
칼국수,느타리버섯,60,5,0.083,6.0,56.0
칼국수,올리고당,60,4,0.067,5.0,57.0
칼국수,배추김치,60,4,0.067,5.0,57.0
칼국수,소고기,60,4,0.067,5.0,57.0
칼국수,해물,60,4,0.067,5.0,57.0
칼국수,식용유,60,4,0.067,5.0,57.0
칼국수,쪽파,60,3,0.05,4.0,58.0
칼국수,새우,60,3,0.05,4.0,58.0
칼국수,들깨,60,3,0.05,4.0,58.0
칼국수,무,60,3,0.05,4.0,58.0
칼국수,생강,60,3,0.05,4.0,58.0
칼국수,밀떡,60,2,0.033,3.0,59.0
칼국수,부추,60,2,0.033,3.0,59.0
칼국수,쑥갓,60,2,0.033,3.0,59.0
칼국수,다시다,60,2,0.033,3.0,59.0
칼국수,미나리,60,2,0.033,3.0,59.0
칼국수,겨자,60,2,0.033,3.0,59.0
칼국수,오징어,60,2,0.033,3.0,59.0
칼국수,국수,60,1,0.017,2.0,60.0
칼국수,국간강,60,1,0.017,2.0,60.0
칼국수,만두,60,1,0.017,2.0,60.0
칼국수,인삼,60,1,0.017,2.0,60.0
칼국수,봄동,60,1,0.017,2.0,60.0
칼국수,어묵,60,1,0.017,2.0,60.0
칼국수,양송이버섯,60,1,0.017,2.0,60.0
칼국수,상추,60,1,0.017,2.0,60.0
칼국수,돼지고기,60,1,0.017,2.0,60.0
칼국수,고추냉이,60,1,0.017,2.0,60.0
칼국수,대추,60,1,0.017,2.0,60.0
칼국수,양배추,60,1,0.017,2.0,60.0
칼국수,북어,60,1,0.017,2.0,60.0
칼국수,사골,60,1,0.017,2.0,60.0
칼국수,새송이버섯,60,1,0.017,2.0,60.0
칼국수,​물,60,1,0.017,2.0,60.0
칼국수,얼갈이,60,1,0.017,2.0,60.0
칼국수,오이,60,1,0.017,2.0,60.0
칼국수,새우젓,60,1,0.017,2.0,60.0
칼국수,깻잎,60,1,0.017,2.0,60.0
칼국수,감장,60,1,0.017,2.0,60.0
칼국수,고구마,60,1,0.017,2.0,60.0
콩나물국,콩나물,60,60,1.0,61.0,1.0
콩나물국,마늘,60,57,0.95,58.0,4.0
콩나물국,대파,60,50,0.833,51.0,11.0
콩나물국,소금,60,47,0.783,48.0,14.0
콩나물국,청양고추,60,32,0.533,33.0,29.0
콩나물국,멸치,60,29,0.483,30.0,32.0
콩나물국,간장,60,28,0.467,29.0,33.0
콩나물국,물,60,23,0.383,24.0,38.0
콩나물국,다시마,60,20,0.333,21.0,41.0
콩나물국,새우젓,60,19,0.317,20.0,42.0
콩나물국,고춧가루,60,17,0.283,18.0,44.0
콩나물국,멸치액젓,60,13,0.217,14.0,48.0
콩나물국,후춧가루,60,11,0.183,12.0,50.0
콩나물국,고추,60,11,0.183,12.0,50.0
콩나물국,쪽파,60,4,0.067,5.0,57.0
콩나물국,배추김치,60,4,0.067,5.0,57.0
콩나물국,양파,60,4,0.067,5.0,57.0
콩나물국,두부,60,4,0.067,5.0,57.0
콩나물국,무,60,4,0.067,5.0,57.0
콩나물국,황태,60,2,0.033,3.0,59.0
콩나물국,참기름,60,2,0.033,3.0,59.0
콩나물국,참치액,60,2,0.033,3.0,59.0
콩나물국,육수,60,2,0.033,3.0,59.0
콩나물국,들기름,60,2,0.033,3.0,59.0
콩나물국,다시물,60,1,0.017,2.0,60.0
콩나물국,계란,60,1,0.017,2.0,60.0
콩나물국,연두,60,1,0.017,2.0,60.0
콩나물국,맛술,60,1,0.017,2.0,60.0
콩나물국,새우,60,1,0.017,2.0,60.0
콩나물국,요리에센스,60,1,0.017,2.0,60.0
콩나물국,바지락,60,1,0.017,2.0,60.0
콩나물국,북어,60,1,0.017,2.0,60.0
콩나물국,새송이버섯,60,1,0.017,2.0,60.0
콩나물국,소고기,60,1,0.017,2.0,60.0
콩나물무침,콩나물,60,60,1.0,61.0,1.0
콩나물무침,소금,60,55,0.917,56.0,6.0
콩나물무침,통깨,60,54,0.9,55.0,7.0
콩나물무침,마늘,60,53,0.883,54.0,8.0
콩나물무침,참기름,60,51,0.85,52.0,10.0
콩나물무침,고춧가루,60,41,0.683,42.0,20.0
콩나물무침,대파,60,39,0.65,40.0,22.0
콩나물무침,간장,60,24,0.4,25.0,37.0
콩나물무침,쪽파,60,10,0.167,11.0,51.0
콩나물무침,들기름,60,10,0.167,11.0,51.0
콩나물무침,설탕,60,9,0.15,10.0,52.0
콩나물무침,당근,60,6,0.1,7.0,55.0
콩나물무침,물,60,6,0.1,7.0,55.0
콩나물무침,멸치액젓,60,4,0.067,5.0,57.0
콩나물무침,청양고추,60,4,0.067,5.0,57.0
콩나물무침,참치액,60,2,0.033,3.0,59.0
콩나물무침,연두,60,1,0.017,2.0,60.0
콩나물무침,맛술,60,1,0.017,2.0,60.0
콩나물무침,피망,60,1,0.017,2.0,60.0
콩나물무침,후춧가루,60,1,0.017,2.0,60.0
콩나물무침,다시마,60,1,0.017,2.0,60.0
콩나물무침,양파,60,1,0.017,2.0,60.0
콩나물무침,고추,60,1,0.017,2.0,60.0
파김치,고춧가루,59,55,0.932,56.0,5.0
파김치,멸치액젓,59,54,0.915,55.0,6.0
파김치,쪽파,59,51,0.864,52.0,9.0
파김치,마늘,59,43,0.729,44.0,17.0
파김치,설탕,59,40,0.678,41.0,20.0
파김치,물,59,31,0.525,32.0,29.0
파김치,매실액,59,30,0.508,31.0,30.0
파김치,양파,59,23,0.39,24.0,37.0
파김치,생강,59,22,0.373,23.0,38.0
파김치,통깨,59,19,0.322,20.0,41.0
파김치,새우젓,59,19,0.322,20.0,41.0
파김치,찹쌀가루,59,17,0.288,18.0,43.0
파김치,밀가루,59,14,0.237,15.0,46.0
파김치,대파,59,8,0.136,9.0,52.0
파김치,멸치,59,8,0.136,9.0,52.0
파김치,당근,59,7,0.119,8.0,53.0
파김치,찹쌀풀,59,6,0.102,7.0,54.0
파김치,소금,59,6,0.102,7.0,54.0
파김치,고추,59,4,0.068,5.0,56.0
파김치,배,59,3,0.051,4.0,57.0
파김치,올리고당,59,3,0.051,4.0,57.0
파김치,무,59,2,0.034,3.0,58.0
파김치,새우,59,2,0.034,3.0,58.0
파김치,식초,59,2,0.034,3.0,58.0
파김치,사과,59,2,0.034,3.0,58.0
파김치,배추김치,59,2,0.034,3.0,58.0
파김치,육수,59,2,0.034,3.0,58.0
파김치,꽃게,59,1,0.017,2.0,59.0
파김치,쌀,59,1,0.017,2.0,59.0
파김치,찹쌀,59,1,0.017,2.0,59.0
파김치,카나리액,59,1,0.017,2.0,59.0
파김치,표고버섯,59,1,0.017,2.0,59.0
파김치,다시다,59,1,0.017,2.0,59.0
파김치,밥,59,1,0.017,2.0,59.0
파김치,매실,59,1,0.017,2.0,59.0
파김치,울금가루,59,1,0.017,2.0,59.0
파김치,부침가루,59,1,0.017,2.0,59.0
파김치,깻잎,59,1,0.017,2.0,59.0
파김치,뉴슈가,59,1,0.017,2.0,59.0
파김치,간장,59,1,0.017,2.0,59.0
파김치,청양고추,59,1,0.017,2.0,59.0
파전,물,59,46,0.78,47.0,14.0
파전,계란,59,39,0.661,40.0,21.0
파전,쪽파,59,38,0.644,39.0,22.0
파전,부침가루,59,35,0.593,36.0,25.0
파전,식용유,59,26,0.441,27.0,34.0
파전,소금,59,26,0.441,27.0,34.0
파전,간장,59,23,0.39,24.0,37.0
파전,양파,59,20,0.339,21.0,40.0
파전,대파,59,20,0.339,21.0,40.0
파전,청양고추,59,19,0.322,20.0,41.0
파전,밀가루,59,17,0.288,18.0,43.0
파전,식초,59,16,0.271,17.0,44.0
파전,오징어,59,16,0.271,17.0,44.0
파전,새우,59,14,0.237,15.0,46.0
파전,통깨,59,14,0.237,15.0,46.0
파전,튀김가루,59,13,0.22,14.0,47.0
파전,고추,59,13,0.22,14.0,47.0
파전,당근,59,10,0.169,11.0,50.0
파전,후춧가루,59,10,0.169,11.0,50.0
파전,고춧가루,59,8,0.136,9.0,52.0
파전,마늘,59,6,0.102,7.0,54.0
파전,설탕,59,6,0.102,7.0,54.0
파전,참기름,59,3,0.051,4.0,57.0
파전,돼지고기,59,3,0.051,4.0,57.0
파전,애호박,59,3,0.051,4.0,57.0
파전,표고버섯,59,3,0.051,4.0,57.0
파전,소주,59,2,0.034,3.0,58.0
파전,맛술,59,2,0.034,3.0,58.0
파전,감자,59,2,0.034,3.0,58.0
파전,기름,59,2,0.034,3.0,58.0
파전,베이컨,59,2,0.034,3.0,58.0
파전,해물,59,2,0.034,3.0,58.0
파전,소고기,59,2,0.034,3.0,58.0
파전,느타리버섯,59,2,0.034,3.0,58.0
파전,찹쌀가루,59,2,0.034,3.0,58.0
파전,참소스,59,2,0.034,3.0,58.0
파전,올리고당,59,1,0.017,2.0,59.0
파전,빵가루,59,1,0.017,2.0,59.0
파전,월계수잎,59,1,0.017,2.0,59.0
파전,우유,59,1,0.017,2.0,59.0
파전,새송이버섯,59,1,0.017,2.0,59.0
파전,부침유,59,1,0.017,2.0,59.0
파전,맥주,59,1,0.017,2.0,59.0
파전,연두,59,1,0.017,2.0,59.0
파전,굴,59,1,0.017,2.0,59.0
파전,멥쌀가루,59,1,0.017,2.0,59.0
파전,닭고기,59,1,0.017,2.0,59.0
파전,토마토,59,1,0.017,2.0,59.0
파전,조갯살,59,1,0.017,2.0,59.0
파전,홍합,59,1,0.017,2.0,59.0
파전,옥수수,59,1,0.017,2.0,59.0
파전,홍초,59,1,0.017,2.0,59.0
파전,팽이버섯,59,1,0.017,2.0,59.0
파전,강황가루,59,1,0.017,2.0,59.0
파전,파프리카,59,1,0.017,2.0,59.0
파전,들기름,59,1,0.017,2.0,59.0
파전,채소,59,1,0.017,2.0,59.0
파전,멸치액젓,59,1,0.017,2.0,59.0
파전,고추장,59,1,0.017,2.0,59.0
파전,마카분말,59,1,0.017,2.0,59.0
파전,전분,59,1,0.017,2.0,59.0
파전,맛살,59,1,0.017,2.0,59.0
파전,메밀가루,59,1,0.017,2.0,59.0
파전,멸치,59,1,0.017,2.0,59.0
파전,깻잎,59,1,0.017,2.0,59.0
호떡,물,56,33,0.589,34.0,24.0
호떡,호떡믹스,56,31,0.554,32.0,26.0
호떡,식용유,56,28,0.5,29.0,29.0
호떡,이스트,56,26,0.464,27.0,31.0
호떡,설탕,56,24,0.429,25.0,33.0
호떡,밀가루,56,17,0.304,18.0,40.0
호떡,소금,56,17,0.304,18.0,40.0
호떡,계피,56,17,0.304,18.0,40.0
호떡,견과류,56,12,0.214,13.0,45.0
호떡,통깨,56,11,0.196,12.0,46.0
호떡,치즈,56,9,0.161,10.0,48.0
호떡,찹쌀가루,56,8,0.143,9.0,49.0
호떡,호두,56,7,0.125,8.0,50.0
호떡,우유,56,6,0.107,7.0,51.0
호떡,기름,56,5,0.089,6.0,52.0
호떡,떡,56,5,0.089,6.0,52.0
호떡,버터,56,5,0.089,6.0,52.0
호떡,땅콩,56,4,0.071,5.0,53.0
호떡,애호박,56,4,0.071,5.0,53.0
호떡,해바라기씨,56,4,0.071,5.0,53.0
호떡,아몬드,56,3,0.054,4.0,54.0
호떡,전분,56,3,0.054,4.0,54.0
호떡,토르티야,56,3,0.054,4.0,54.0
호떡,고구마,56,2,0.036,3.0,55.0
호떡,잼,56,2,0.036,3.0,55.0
호떡,녹차가루,56,2,0.036,3.0,55.0
호떡,옥수수,56,2,0.036,3.0,55.0
호떡,파슬리,56,2,0.036,3.0,55.0
호떡,마요네즈,56,2,0.036,3.0,55.0
호떡,케첩,56,2,0.036,3.0,55.0
호떡,백설요리유,56,2,0.036,3.0,55.0
호떡,아이스크림,56,2,0.036,3.0,55.0
호떡,계란,56,2,0.036,3.0,55.0
호떡,꿀,56,2,0.036,3.0,55.0
호떡,막걸리,56,2,0.036,3.0,55.0
호떡,핫케이크가루,56,1,0.018,2.0,56.0
호떡,콩가루,56,1,0.018,2.0,56.0
호떡,옛날잡채,56,1,0.018,2.0,56.0
호떡,빵,56,1,0.018,2.0,56.0
호떡,비트,56,1,0.018,2.0,56.0
호떡,소시지,56,1,0.018,2.0,56.0
호떡,파프리카,56,1,0.018,2.0,56.0
호떡,잡채,56,1,0.018,2.0,56.0
호떡,배추김치,56,1,0.018,2.0,56.0
호떡,올리고당,56,1,0.018,2.0,56.0
호떡,초코소스,56,1,0.018,2.0,56.0
호떡,베이킹파우더,56,1,0.018,2.0,56.0
호떡,당근,56,1,0.018,2.0,56.0
호떡,토마토,56,1,0.018,2.0,56.0
호떡,누르개,56,1,0.018,2.0,56.0
호떡,안데스마카분말,56,1,0.018,2.0,56.0
호떡,팥,56,1,0.018,2.0,56.0
호떡,크랜베리,56,1,0.018,2.0,56.0
호떡,삼온당,56,1,0.018,2.0,56.0
호떡,캐슈넛,56,1,0.018,2.0,56.0
호떡,건포도,56,1,0.018,2.0,56.0
호떡,슈거파우더,56,1,0.018,2.0,56.0
호떡,궁중한차,56,1,0.018,2.0,56.0
호떡,건블루베리,56,1,0.018,2.0,56.0
호떡,딸기,56,1,0.018,2.0,56.0
호떡,감자,56,1,0.018,2.0,56.0
호떡,귀리,56,1,0.018,2.0,56.0
호떡,시판미숫가루,56,1,0.018,2.0,56.0
호떡,밤,56,1,0.018,2.0,56.0
호떡,곶감,56,1,0.018,2.0,56.0
호떡,잣,56,1,0.018,2.0,56.0
호떡,대추,56,1,0.018,2.0,56.0
호박죽,애호박,60,59,0.983,60.0,2.0
호박죽,소금,60,51,0.85,52.0,10.0
호박죽,설탕,60,43,0.717,44.0,18.0
호박죽,물,60,34,0.567,35.0,27.0
호박죽,찹쌀가루,60,32,0.533,33.0,29.0
호박죽,찹쌀,60,17,0.283,18.0,44.0
호박죽,팥,60,17,0.283,18.0,44.0
호박죽,꿀,60,8,0.133,9.0,53.0
호박죽,밥,60,6,0.1,7.0,55.0
호박죽,대추,60,6,0.1,7.0,55.0
호박죽,멥쌀가루,60,6,0.1,7.0,55.0
호박죽,잣,60,4,0.067,5.0,57.0
호박죽,콩,60,4,0.067,5.0,57.0
호박죽,우유,60,3,0.05,4.0,58.0
호박죽,밤,60,3,0.05,4.0,58.0
호박죽,강낭콩,60,3,0.05,4.0,58.0
호박죽,고구마,60,3,0.05,4.0,58.0
호박죽,견과류,60,2,0.033,3.0,59.0
호박죽,쌀,60,2,0.033,3.0,59.0
호박죽,옥수수,60,2,0.033,3.0,59.0
호박죽,호두,60,1,0.017,2.0,60.0
호박죽,병아리콩,60,1,0.017,2.0,60.0
호박죽,계피,60,1,0.017,2.0,60.0
호박죽,건포도,60,1,0.017,2.0,60.0
호박죽,올리고당,60,1,0.017,2.0,60.0
호박죽,양파,60,1,0.017,2.0,60.0
호박죽,전분,60,1,0.017,2.0,60.0
호박죽,밀가루,60,1,0.017,2.0,60.0
호박죽,홍시,60,1,0.017,2.0,60.0
호박죽,스테비아,60,1,0.017,2.0,60.0
호박죽,새알심,60,1,0.017,2.0,60.0
호박죽,당근,60,1,0.017,2.0,60.0
후라이드치킨,닭고기,56,56,1.0,57.0,1.0
후라이드치킨,소금,56,39,0.696,40.0,18.0
후라이드치킨,후춧가루,56,36,0.643,37.0,21.0
후라이드치킨,식용유,56,35,0.625,36.0,22.0
후라이드치킨,튀김가루,56,26,0.464,27.0,31.0
후라이드치킨,마늘,56,23,0.411,24.0,34.0
후라이드치킨,우유,56,20,0.357,21.0,37.0
후라이드치킨,간장,56,15,0.268,16.0,42.0
후라이드치킨,물,56,15,0.268,16.0,42.0
후라이드치킨,설탕,56,13,0.232,14.0,44.0
후라이드치킨,전분,56,13,0.232,14.0,44.0
후라이드치킨,맛술,56,12,0.214,13.0,45.0
후라이드치킨,카레가루,56,12,0.214,13.0,45.0
후라이드치킨,양파,56,11,0.196,12.0,46.0
후라이드치킨,케첩,56,10,0.179,11.0,47.0
후라이드치킨,고추장,56,10,0.179,11.0,47.0
후라이드치킨,올리고당,56,10,0.179,11.0,47.0
후라이드치킨,밀가루,56,9,0.161,10.0,48.0
후라이드치킨,고춧가루,56,9,0.161,10.0,48.0
후라이드치킨,계란,56,8,0.143,9.0,49.0
후라이드치킨,빵가루,56,7,0.125,8.0,50.0
후라이드치킨,통깨,56,6,0.107,7.0,51.0
후라이드치킨,식초,56,5,0.089,6.0,52.0
후라이드치킨,대파,56,5,0.089,6.0,52.0
후라이드치킨,허브솔트,56,4,0.071,5.0,53.0
후라이드치킨,마요네즈,56,4,0.071,5.0,53.0
후라이드치킨,밥,56,4,0.071,5.0,53.0
후라이드치킨,기름,56,4,0.071,5.0,53.0
후라이드치킨,파프리카,56,4,0.071,5.0,53.0
후라이드치킨,참기름,56,3,0.054,4.0,54.0
후라이드치킨,파슬리,56,3,0.054,4.0,54.0
후라이드치킨,튀김,56,3,0.054,4.0,54.0
후라이드치킨,소주,56,3,0.054,4.0,54.0
후라이드치킨,굴소스,56,3,0.054,4.0,54.0
후라이드치킨,꿀,56,3,0.054,4.0,54.0
후라이드치킨,부침가루,56,2,0.036,3.0,55.0
후라이드치킨,감자,56,2,0.036,3.0,55.0
후라이드치킨,된장,56,2,0.036,3.0,55.0
후라이드치킨,바질,56,2,0.036,3.0,55.0
후라이드치킨,땅콩,56,2,0.036,3.0,55.0
후라이드치킨,양배추,56,2,0.036,3.0,55.0
후라이드치킨,칠리파우더,56,2,0.036,3.0,55.0
후라이드치킨,로즈마리,56,2,0.036,3.0,55.0
후라이드치킨,당근,56,2,0.036,3.0,55.0
후라이드치킨,청양고추,56,2,0.036,3.0,55.0
후라이드치킨,깻잎,56,2,0.036,3.0,55.0
후라이드치킨,생강,56,2,0.036,3.0,55.0
후라이드치킨,버터,56,2,0.036,3.0,55.0
후라이드치킨,와인,56,1,0.018,2.0,56.0
후라이드치킨,강황가루,56,1,0.018,2.0,56.0
후라이드치킨,자일로스,56,1,0.018,2.0,56.0
후라이드치킨,커리파우더,56,1,0.018,2.0,56.0
후라이드치킨,들기름,56,1,0.018,2.0,56.0
후라이드치킨,현미,56,1,0.018,2.0,56.0
후라이드치킨,케이엔가루,56,1,0.018,2.0,56.0
후라이드치킨,간간한염지물,56,1,0.018,2.0,56.0
후라이드치킨,기본염지물,56,1,0.018,2.0,56.0
후라이드치킨,우스터소스,56,1,0.018,2.0,56.0
후라이드치킨,계피,56,1,0.018,2.0,56.0
후라이드치킨,고추,56,1,0.018,2.0,56.0
후라이드치킨,MSG,56,1,0.018,2.0,56.0
후라이드치킨,넛맥가루,56,1,0.018,2.0,56.0
후라이드치킨,베이킹파우더,56,1,0.018,2.0,56.0
후라이드치킨,샐러드야채,56,1,0.018,2.0,56.0
후라이드치킨,토마토,56,1,0.018,2.0,56.0
후라이드치킨,겨자,56,1,0.018,2.0,56.0
후라이드치킨,타코시즈닝,56,1,0.018,2.0,56.0
후라이드치킨,양상추,56,1,0.018,2.0,56.0
후라이드치킨,새싹,56,1,0.018,2.0,56.0
후라이드치킨,머스터드소스,56,1,0.018,2.0,56.0
후라이드치킨,핫소스,56,1,0.018,2.0,56.0
후라이드치킨,호두,56,1,0.018,2.0,56.0
후라이드치킨,배즙,56,1,0.018,2.0,56.0
후라이드치킨,애호박,56,1,0.018,2.0,56.0
후라이드치킨,오징어,56,1,0.018,2.0,56.0
후라이드치킨,돼지고기,56,1,0.018,2.0,56.0
후라이드치킨,김,56,1,0.018,2.0,56.0
