menu_name,ingredient_canonical,n_total,k_count,freq,alpha_prior,beta_prior
간장게장,간장,967,959,0.992,960.0,9.0
간장게장,마늘,967,644,0.666,645.0,324.0
간장게장,설탕,967,604,0.625,605.0,364.0
간장게장,후춧가루,967,513,0.531,514.0,455.0
간장게장,맛술,967,485,0.502,486.0,483.0
간장게장,통깨,967,444,0.459,445.0,524.0
간장게장,참기름,967,440,0.455,441.0,528.0
간장게장,물,967,400,0.414,401.0,568.0
간장게장,소금,967,398,0.412,399.0,570.0
간장게장,대파,967,395,0.408,396.0,573.0
간장게장,양파,967,394,0.407,395.0,574.0
간장게장,식용유,967,367,0.38,368.0,601.0
간장게장,올리고당,967,315,0.326,316.0,653.0
간장게장,식초,967,273,0.282,274.0,695.0
간장게장,고추,967,263,0.272,264.0,705.0
간장게장,고춧가루,967,249,0.257,250.0,719.0
간장게장,생강,967,233,0.241,234.0,735.0
간장게장,청양고추,967,216,0.223,217.0,752.0
간장게장,계란,967,152,0.157,153.0,816.0
간장게장,소고기,967,150,0.155,151.0,818.0
간장게장,고추장,967,137,0.142,138.0,831.0
간장게장,당근,967,132,0.137,133.0,836.0
간장게장,쪽파,967,125,0.129,126.0,843.0
간장게장,돼지고기,967,125,0.129,126.0,843.0
간장게장,밥,967,124,0.128,125.0,844.0
간장게장,다시마,967,117,0.121,118.0,851.0
간장게장,굴소스,967,109,0.113,110.0,859.0
간장게장,표고버섯,967,108,0.112,109.0,860.0
간장게장,오이,967,102,0.105,103.0,866.0
간장게장,닭고기,967,98,0.101,99.0,870.0
간장게장,전분,967,97,0.1,98.0,871.0
간장게장,무,967,82,0.085,83.0,886.0
간장게장,두부,967,77,0.08,78.0,891.0
간장게장,매실액,967,76,0.079,77.0,892.0
간장게장,멸치,967,74,0.077,75.0,894.0
간장게장,쌀,967,64,0.066,65.0,904.0
간장게장,레몬,967,63,0.065,64.0,905.0
간장게장,깻잎,967,62,0.064,63.0,906.0
간장게장,부추,967,60,0.062,61.0,908.0
간장게장,새우,967,57,0.059,58.0,911.0
간장게장,양배추,967,57,0.059,58.0,911.0
간장게장,김,967,54,0.056,55.0,914.0
간장게장,꽃게,967,53,0.055,54.0,915.0
간장게장,애호박,967,51,0.053,52.0,917.0
간장게장,파프리카,967,48,0.05,49.0,920.0
간장게장,멸치액젓,967,44,0.046,45.0,924.0
간장게장,토마토,967,44,0.046,45.0,924.0
간장게장,들기름,967,42,0.043,43.0,926.0
간장게장,겨자,967,42,0.043,43.0,926.0
간장게장,배추김치,967,40,0.041,41.0,928.0
간장게장,밀가루,967,37,0.038,38.0,931.0
간장게장,월계수잎,967,37,0.038,38.0,931.0
간장게장,고추기름,967,37,0.038,38.0,931.0
간장게장,가지,967,36,0.037,37.0,932.0
간장게장,된장,967,36,0.037,37.0,932.0
간장게장,배추,967,36,0.037,37.0,932.0
간장게장,오징어,967,35,0.036,36.0,933.0
간장게장,땅콩,967,32,0.033,33.0,936.0
간장게장,부침가루,967,32,0.033,33.0,936.0
간장게장,치즈,967,31,0.032,32.0,937.0
간장게장,감자,967,31,0.032,32.0,937.0
간장게장,팽이버섯,967,31,0.032,32.0,937.0
간장게장,사과,967,29,0.03,30.0,939.0
간장게장,채소,967,29,0.03,30.0,939.0
간장게장,콩나물,967,29,0.03,30.0,939.0
간장게장,마요네즈,967,29,0.03,30.0,939.0
간장게장,꿀,967,29,0.03,30.0,939.0
간장게장,떡,967,29,0.03,30.0,939.0
간장게장,새송이버섯,967,29,0.03,30.0,939.0
간장게장,파슬리,967,28,0.029,29.0,940.0
간장게장,숙주,967,28,0.029,29.0,940.0
간장게장,고추냉이,967,26,0.027,27.0,942.0
간장게장,버섯,967,26,0.027,27.0,942.0
간장게장,우엉,967,25,0.026,26.0,943.0
간장게장,미나리,967,25,0.026,26.0,943.0
간장게장,어묵,967,25,0.026,26.0,943.0
간장게장,소주,967,25,0.026,26.0,943.0
간장게장,청경채,967,24,0.025,25.0,944.0
간장게장,느타리버섯,967,24,0.025,25.0,944.0
간장게장,연근,967,23,0.024,24.0,945.0
간장게장,케첩,967,23,0.024,24.0,945.0
간장게장,가쓰오부시,967,22,0.023,23.0,946.0
간장게장,버터,967,22,0.023,23.0,946.0
간장게장,피망,967,22,0.023,23.0,946.0
간장게장,두반장,967,21,0.022,22.0,947.0
간장게장,우유,967,20,0.021,21.0,948.0
간장게장,당면,967,20,0.021,21.0,948.0
간장게장,소면,967,19,0.02,20.0,949.0
간장게장,칠리소스,967,18,0.019,19.0,950.0
간장게장,참치액,967,18,0.019,19.0,950.0
간장게장,유자청,967,18,0.019,19.0,950.0
간장게장,참치,967,18,0.019,19.0,950.0
간장게장,튀김가루,967,16,0.017,17.0,952.0
간장게장,브로콜리,967,16,0.017,17.0,952.0
간장게장,대추,967,16,0.017,17.0,952.0
간장게장,잣,967,16,0.017,17.0,952.0
간장게장,샐러리,967,16,0.017,17.0,952.0
간장게장,상추,967,16,0.017,17.0,952.0
간장게장,고수,967,16,0.017,17.0,952.0
간장게장,달래,967,15,0.016,16.0,953.0
간장게장,목이버섯,967,15,0.016,16.0,953.0
간장게장,배,967,15,0.016,16.0,953.0
간장게장,술,967,14,0.014,15.0,954.0
간장게장,시금치,967,14,0.014,15.0,954.0
간장게장,기름,967,14,0.014,15.0,954.0
간장게장,고등어,967,13,0.013,14.0,955.0
간장게장,베이컨,967,13,0.013,14.0,955.0
간장게장,아보카도,967,12,0.012,13.0,956.0
간장게장,라임,967,12,0.012,13.0,956.0
간장게장,메밀면,967,12,0.012,13.0,956.0
간장게장,찹쌀가루,967,12,0.012,13.0,956.0
간장게장,쯔유,967,12,0.012,13.0,956.0
간장게장,페페론치노,967,12,0.012,13.0,956.0
간장게장,국수,967,12,0.012,13.0,956.0
간장게장,육수,967,12,0.012,13.0,956.0
간장게장,죽순,967,12,0.012,13.0,956.0
간장게장,생선,967,11,0.011,12.0,957.0
간장게장,배즙,967,11,0.011,12.0,957.0
간장게장,견과류,967,11,0.011,12.0,957.0
간장게장,단무지,967,11,0.011,12.0,957.0
간장게장,노두유,967,11,0.011,12.0,957.0
간장게장,유부,967,10,0.01,11.0,958.0
간장게장,굴,967,10,0.01,11.0,958.0
간장게장,찹쌀,967,10,0.01,11.0,958.0
간장게장,양상추,967,10,0.01,11.0,958.0
간장게장,양송이버섯,967,10,0.01,11.0,958.0
간장게장,채수,967,10,0.01,11.0,958.0
간장게장,바지락,967,9,0.009,10.0,959.0
간장게장,냉이,967,9,0.009,10.0,959.0
간장게장,곤약,967,9,0.009,10.0,959.0
간장게장,들깨,967,9,0.009,10.0,959.0
간장게장,팔각,967,9,0.009,10.0,959.0
간장게장,전복,967,9,0.009,10.0,959.0
간장게장,맛살,967,9,0.009,10.0,959.0
간장게장,카레가루,967,9,0.009,10.0,959.0
간장게장,파스타면,967,9,0.009,10.0,959.0
간장게장,쑥갓,967,9,0.009,10.0,959.0
간장게장,햄,967,9,0.009,10.0,959.0
간장게장,사이다,967,9,0.009,10.0,959.0
간장게장,현미,967,8,0.008,9.0,960.0
간장게장,두릅,967,8,0.008,9.0,960.0
간장게장,밤,967,8,0.008,9.0,960.0
간장게장,미역,967,8,0.008,9.0,960.0
간장게장,은행,967,8,0.008,9.0,960.0
간장게장,황태,967,8,0.008,9.0,960.0
간장게장,꼬막,967,8,0.008,9.0,960.0
간장게장,머스터드소스,967,8,0.008,9.0,960.0
간장게장,라이스페이퍼,967,8,0.008,9.0,960.0
간장게장,감초,967,8,0.008,9.0,960.0
간장게장,비트,967,7,0.007,8.0,961.0
간장게장,낙지,967,7,0.007,8.0,961.0
간장게장,봄동,967,7,0.007,8.0,961.0
간장게장,소시지,967,7,0.007,8.0,961.0
간장게장,와인,967,7,0.007,8.0,961.0
간장게장,고구마,967,6,0.006,7.0,962.0
간장게장,황기,967,6,0.006,7.0,962.0
간장게장,치커리,967,6,0.006,7.0,962.0
간장게장,적채,967,6,0.006,7.0,962.0
간장게장,올리브,967,6,0.006,7.0,962.0
간장게장,골뱅이,967,6,0.006,7.0,962.0
간장게장,꼬치,967,6,0.006,7.0,962.0
간장게장,계피,967,6,0.006,7.0,962.0
간장게장,피쉬소스,967,6,0.006,7.0,962.0
간장게장,쭈꾸미,967,6,0.006,7.0,962.0
간장게장,빵,967,6,0.006,7.0,962.0
간장게장,로즈마리,967,6,0.006,7.0,962.0
간장게장,토르티야,967,5,0.005,6.0,963.0
간장게장,연어,967,5,0.005,6.0,963.0
간장게장,세발나물,967,5,0.005,6.0,963.0
간장게장,취나물,967,5,0.005,6.0,963.0
간장게장,홍합,967,5,0.005,6.0,963.0
간장게장,만두,967,5,0.005,6.0,963.0
간장게장,명란젓,967,5,0.005,6.0,963.0
간장게장,문어,967,5,0.005,6.0,963.0
간장게장,호두,967,5,0.005,6.0,963.0
간장게장,빵가루,967,5,0.005,6.0,963.0
간장게장,파인애플,967,5,0.005,6.0,963.0
간장게장,메추리알,967,5,0.005,6.0,963.0
간장게장,시래기,967,5,0.005,6.0,963.0
간장게장,콩,967,5,0.005,6.0,963.0
간장게장,칼국수면,967,5,0.005,6.0,963.0
간장게장,갈비,967,5,0.005,6.0,963.0
간장게장,샬롯,967,5,0.005,6.0,963.0
간장게장,고사리,967,4,0.004,5.0,964.0
간장게장,더덕,967,4,0.004,5.0,964.0
간장게장,쑥,967,4,0.004,5.0,964.0
간장게장,오리고기,967,4,0.004,5.0,964.0
간장게장,메이플시럽,967,4,0.004,5.0,964.0
간장게장,라면,967,4,0.004,5.0,964.0
간장게장,아몬드,967,4,0.004,5.0,964.0
간장게장,연유,967,4,0.004,5.0,964.0
간장게장,돌나물,967,4,0.004,5.0,964.0
간장게장,알룰로스,967,4,0.004,5.0,964.0
간장게장,쌀국수,967,4,0.004,5.0,964.0
간장게장,쌈무,967,4,0.004,5.0,964.0
간장게장,춘장,967,4,0.004,5.0,964.0
간장게장,렌틸콩,967,3,0.003,4.0,965.0
간장게장,강황가루,967,3,0.003,4.0,965.0
간장게장,발사믹,967,3,0.003,4.0,965.0
간장게장,참나물,967,3,0.003,4.0,965.0
간장게장,마,967,3,0.003,4.0,965.0
간장게장,생곤드레,967,3,0.003,4.0,965.0
간장게장,해물,967,3,0.003,4.0,965.0
간장게장,생크림,967,3,0.003,4.0,965.0
간장게장,셀러리,967,3,0.003,4.0,965.0
간장게장,연두,967,3,0.003,4.0,965.0
간장게장,도토리가루,967,3,0.003,4.0,965.0
간장게장,면수,967,3,0.003,4.0,965.0
간장게장,바질,967,3,0.003,4.0,965.0
간장게장,산초가루,967,3,0.003,4.0,965.0
간장게장,우동면,967,3,0.003,4.0,965.0
간장게장,율무,967,3,0.003,4.0,965.0
간장게장,루꼴라,967,3,0.003,4.0,965.0
간장게장,허브가루,967,3,0.003,4.0,965.0
간장게장,라디치오,967,3,0.003,4.0,965.0
간장게장,게장,967,3,0.003,4.0,965.0
간장게장,큐민가루,967,2,0.002,3.0,966.0
간장게장,삼치,967,2,0.002,3.0,966.0
간장게장,매실,967,2,0.002,3.0,966.0
간장게장,부지깽이,967,2,0.002,3.0,966.0
간장게장,누룽지,967,2,0.002,3.0,966.0
간장게장,시판낫또,967,2,0.002,3.0,966.0
간장게장,청포묵,967,2,0.002,3.0,966.0
간장게장,매생이,967,2,0.002,3.0,966.0
간장게장,열무,967,2,0.002,3.0,966.0
간장게장,낫또,967,2,0.002,3.0,966.0
간장게장,총각무,967,2,0.002,3.0,966.0
간장게장,고노와다,967,2,0.002,3.0,966.0
간장게장,깍두기,967,2,0.002,3.0,966.0
간장게장,도라지,967,2,0.002,3.0,966.0
간장게장,파래,967,2,0.002,3.0,966.0
간장게장,산마,967,2,0.002,3.0,966.0
간장게장,완두콩,967,2,0.002,3.0,966.0
간장게장,석화,967,2,0.002,3.0,966.0
간장게장,믹스샐러드,967,2,0.002,3.0,966.0
간장게장,샐러드소스,967,2,0.002,3.0,966.0
간장게장,로즈메리,967,2,0.002,3.0,966.0
간장게장,아스파라거스,967,2,0.002,3.0,966.0
간장게장,옥수수,967,2,0.002,3.0,966.0
간장게장,로메인,967,2,0.002,3.0,966.0
간장게장,허브,967,2,0.002,3.0,966.0
간장게장,해파리,967,2,0.002,3.0,966.0
간장게장,샤미,967,2,0.002,3.0,966.0
간장게장,새싹,967,2,0.002,3.0,966.0
간장게장,어린잎새싹,967,2,0.002,3.0,966.0
간장게장,케일,967,2,0.002,3.0,966.0
간장게장,코다리,967,2,0.002,3.0,966.0
간장게장,미더덕,967,2,0.002,3.0,966.0
간장게장,김치국물,967,2,0.002,3.0,966.0
간장게장,탄산수,967,2,0.002,3.0,966.0
간장게장,사골,967,2,0.002,3.0,966.0
간장게장,비타민,967,2,0.002,3.0,966.0
간장게장,귀리,967,2,0.002,3.0,966.0
간장게장,조리유,967,2,0.002,3.0,966.0
간장게장,녹두,967,2,0.002,3.0,966.0
간장게장,시판바비큐소스,967,2,0.002,3.0,966.0
간장게장,베이크드빈스,967,2,0.002,3.0,966.0
간장게장,퀴노아,967,2,0.002,3.0,966.0
간장게장,갈릭칠리페이스트,967,2,0.002,3.0,966.0
간장게장,밀전분,967,2,0.002,3.0,966.0
간장게장,요구르트,967,2,0.002,3.0,966.0
간장게장,딜,967,2,0.002,3.0,966.0
간장게장,쓰리라차소스,967,2,0.002,3.0,966.0
간장게장,오가피,967,2,0.002,3.0,966.0
간장게장,당귀,967,2,0.002,3.0,966.0
간장게장,볼락,967,1,0.001,2.0,967.0
간장게장,색깔야채,967,1,0.001,2.0,967.0
간장게장,토란,967,1,0.001,2.0,967.0
간장게장,모짜렐라볼,967,1,0.001,2.0,967.0
간장게장,래몬즙,967,1,0.001,2.0,967.0
간장게장,궁채,967,1,0.001,2.0,967.0
간장게장,명이나물,967,1,0.001,2.0,967.0
간장게장,초장,967,1,0.001,2.0,967.0
간장게장,크러쉬드레드페퍼,967,1,0.001,2.0,967.0
간장게장,톳,967,1,0.001,2.0,967.0
간장게장,참마,967,1,0.001,2.0,967.0
간장게장,딸기,967,1,0.001,2.0,967.0
간장게장,관자,967,1,0.001,2.0,967.0
간장게장,감태,967,1,0.001,2.0,967.0
간장게장,궁채잎,967,1,0.001,2.0,967.0
간장게장,모둠건해초,967,1,0.001,2.0,967.0
간장게장,양장피,967,1,0.001,2.0,967.0
간장게장,건곤드레,967,1,0.001,2.0,967.0
간장게장,베이킹식소다,967,1,0.001,2.0,967.0
간장게장,셀렉스썬화이버,967,1,0.001,2.0,967.0
간장게장,제피잎,967,1,0.001,2.0,967.0
간장게장,애플비니거,967,1,0.001,2.0,967.0
간장게장,참외,967,1,0.001,2.0,967.0
간장게장,손질가자미,967,1,0.001,2.0,967.0
간장게장,발사믹글레이즈,967,1,0.001,2.0,967.0
간장게장,낫토,967,1,0.001,2.0,967.0
간장게장,치마살,967,1,0.001,2.0,967.0
간장게장,순살갈치,967,1,0.001,2.0,967.0
간장게장,해삼,967,1,0.001,2.0,967.0
간장게장,금태,967,1,0.001,2.0,967.0
간장게장,후리가케,967,1,0.001,2.0,967.0
간장게장,시소,967,1,0.001,2.0,967.0
간장게장,포항초,967,1,0.001,2.0,967.0
간장게장,석류,967,1,0.001,2.0,967.0
간장게장,건크랜베리,967,1,0.001,2.0,967.0
간장게장,명엽채,967,1,0.001,2.0,967.0
간장게장,가리비,967,1,0.001,2.0,967.0
간장게장,송편,967,1,0.001,2.0,967.0
간장게장,굴비,967,1,0.001,2.0,967.0
간장게장,족발,967,1,0.001,2.0,967.0
간장게장,송화단,967,1,0.001,2.0,967.0
간장게장,메밀가루,967,1,0.001,2.0,967.0
간장게장,가자미,967,1,0.001,2.0,967.0
간장게장,오렌지주스,967,1,0.001,2.0,967.0
간장게장,키위,967,1,0.001,2.0,967.0
간장게장,엑스트라버진,967,1,0.001,2.0,967.0
간장게장,레시틴,967,1,0.001,2.0,967.0
간장게장,청콜라비말랭이,967,1,0.001,2.0,967.0
간장게장,시사모,967,1,0.001,2.0,967.0
간장게장,도토리묵,967,1,0.001,2.0,967.0
간장게장,대나무잎,967,1,0.001,2.0,967.0
간장게장,네잎클로버,967,1,0.001,2.0,967.0
간장게장,강낭콩,967,1,0.001,2.0,967.0
간장게장,기장,967,1,0.001,2.0,967.0
간장게장,곤드레나물,967,1,0.001,2.0,967.0
간장게장,우메보시,967,1,0.001,2.0,967.0
간장게장,감태가루,967,1,0.001,2.0,967.0
간장게장,볶은아마씨가루,967,1,0.001,2.0,967.0
간장게장,유채,967,1,0.001,2.0,967.0
간장게장,도삭면,967,1,0.001,2.0,967.0
간장게장,조갯살,967,1,0.001,2.0,967.0
간장게장,톳장아찌,967,1,0.001,2.0,967.0
간장게장,인삼,967,1,0.001,2.0,967.0
간장게장,흑초원액,967,1,0.001,2.0,967.0
간장게장,갈치,967,1,0.001,2.0,967.0
간장게장,적근대,967,1,0.001,2.0,967.0
간장게장,피클링스파이스,967,1,0.001,2.0,967.0
간장게장,청국장,967,1,0.001,2.0,967.0
간장게장,마라소스,967,1,0.001,2.0,967.0
간장게장,깐토란,967,1,0.001,2.0,967.0
간장게장,도미,967,1,0.001,2.0,967.0
간장게장,곰취,967,1,0.001,2.0,967.0
간장게장,다시다,967,1,0.001,2.0,967.0
간장게장,페퍼,967,1,0.001,2.0,967.0
간장게장,손질삼치,967,1,0.001,2.0,967.0
간장게장,찜소스,967,1,0.001,2.0,967.0
간장게장,튀김,967,1,0.001,2.0,967.0
간장게장,명이나물장아찌,967,1,0.001,2.0,967.0
간장게장,동태,967,1,0.001,2.0,967.0
간장게장,동그랑땡,967,1,0.001,2.0,967.0
간장게장,고춧잎,967,1,0.001,2.0,967.0
간장게장,꽁치,967,1,0.001,2.0,967.0
간장게장,느타리한줌,967,1,0.001,2.0,967.0
간장게장,토란대,967,1,0.001,2.0,967.0
간장게장,반건조서대,967,1,0.001,2.0,967.0
간장게장,레디쉬,967,1,0.001,2.0,967.0
간장게장,식용꽃,967,1,0.001,2.0,967.0
간장게장,깍두기국물,967,1,0.001,2.0,967.0
간장게장,치아바타,967,1,0.001,2.0,967.0
간장게장,페페론치니,967,1,0.001,2.0,967.0
간장게장,오렌지,967,1,0.001,2.0,967.0
간장게장,건자두,967,1,0.001,2.0,967.0
간장게장,오렌지과육,967,1,0.001,2.0,967.0
간장게장,오렌지껍질,967,1,0.001,2.0,967.0
간장게장,대합,967,1,0.001,2.0,967.0
간장게장,관자살,967,1,0.001,2.0,967.0
간장게장,건세모가사리,967,1,0.001,2.0,967.0
간장게장,생톳,967,1,0.001,2.0,967.0
간장게장,샐러드믹스,967,1,0.001,2.0,967.0
간장게장,진미채,967,1,0.001,2.0,967.0
간장게장,깐더덕,967,1,0.001,2.0,967.0
간장게장,곰취잎,967,1,0.001,2.0,967.0
간장게장,우스터소스,967,1,0.001,2.0,967.0
간장게장,팔갹,967,1,0.001,2.0,967.0
간장게장,순대,967,1,0.001,2.0,967.0
간장게장,템페,967,1,0.001,2.0,967.0
간장게장,병아리콩,967,1,0.001,2.0,967.0
간장게장,커민가루,967,1,0.001,2.0,967.0
간장게장,완자,967,1,0.001,2.0,967.0
간장게장,황두장,967,1,0.001,2.0,967.0
간장게장,쿠스쿠스,967,1,0.001,2.0,967.0
간장게장,잉글리시머핀,967,1,0.001,2.0,967.0
간장게장,허브솔트,967,1,0.001,2.0,967.0
간장게장,흑미,967,1,0.001,2.0,967.0
간장게장,덕자,967,1,0.001,2.0,967.0
간장게장,코셔솔트,967,1,0.001,2.0,967.0
간장게장,새우젓,967,1,0.001,2.0,967.0
간장게장,이찌방다시,967,1,0.001,2.0,967.0
간장게장,알파파,967,1,0.001,2.0,967.0
간장게장,복숭아,967,1,0.001,2.0,967.0
간장게장,조개,967,1,0.001,2.0,967.0
간장게장,베이킹파우더,967,1,0.001,2.0,967.0
간장게장,미삼,967,1,0.001,2.0,967.0
간장게장,해선장,967,1,0.001,2.0,967.0
간장게장,래디쉬,967,1,0.001,2.0,967.0
간장게장,순살아귀,967,1,0.001,2.0,967.0
간장게장,통조림국물,967,1,0.001,2.0,967.0
간장게장,손질아귀,967,1,0.001,2.0,967.0
간장게장,비정제당,967,1,0.001,2.0,967.0
간장게장,피클,967,1,0.001,2.0,967.0
간장게장,오레가노,967,1,0.001,2.0,967.0
간장게장,야생블루베리,967,1,0.001,2.0,967.0
간장게장,미국야생블루베리,967,1,0.001,2.0,967.0
간장게장,아귀,967,1,0.001,2.0,967.0
간장게장,파인애플통조림,967,1,0.001,2.0,967.0
간장게장,파인애플통조림물,967,1,0.001,2.0,967.0
간장게장,몽글몽귤,967,1,0.001,2.0,967.0
간장게장,타임,967,1,0.001,2.0,967.0
간장게장,오레가노가루,967,1,0.001,2.0,967.0
간장게장,삼계탕한약재,967,1,0.001,2.0,967.0
간장게장,밴딩이,967,1,0.001,2.0,967.0
간장게장,밴댕이,967,1,0.001,2.0,967.0
간장게장,암케,967,1,0.001,2.0,967.0
간장게장,북어,967,1,0.001,2.0,967.0
간장게장,삼계탕재료,967,1,0.001,2.0,967.0
간장게장,페퍼홀,967,1,0.001,2.0,967.0
간장게장,위생백,967,1,0.001,2.0,967.0
간장게장,향신야채,967,1,0.001,2.0,967.0
간장게장,정제수,967,1,0.001,2.0,967.0
간장게장,엄나무진액,967,1,0.001,2.0,967.0
간장게장,쌍화탕,967,1,0.001,2.0,967.0
간장게장,둥굴레,967,1,0.001,2.0,967.0
간장게장,포도청,967,1,0.001,2.0,967.0
갈비구이,마늘,60,56,0.933,57.0,5.0
갈비구이,간장,60,50,0.833,51.0,11.0
갈비구이,후춧가루,60,47,0.783,48.0,14.0
갈비구이,맛술,60,35,0.583,36.0,26.0
갈비구이,양파,60,35,0.583,36.0,26.0
갈비구이,돼지고기,60,31,0.517,32.0,30.0
갈비구이,대파,60,30,0.5,31.0,31.0
갈비구이,설탕,60,28,0.467,29.0,33.0
갈비구이,올리고당,60,28,0.467,29.0,33.0
갈비구이,참기름,60,21,0.35,22.0,40.0
갈비구이,갈비,60,18,0.3,19.0,43.0
갈비구이,생강,60,17,0.283,18.0,44.0
갈비구이,월계수잎,60,15,0.25,16.0,46.0
갈비구이,케첩,60,15,0.25,16.0,46.0
갈비구이,물,60,13,0.217,14.0,48.0
갈비구이,매실액,60,11,0.183,12.0,50.0
갈비구이,굴소스,60,10,0.167,11.0,51.0
갈비구이,식용유,60,10,0.167,11.0,51.0
갈비구이,소금,60,10,0.167,11.0,51.0
갈비구이,소주,60,10,0.167,11.0,51.0
갈비구이,스테이크소스,60,10,0.167,11.0,51.0
갈비구이,고춧가루,60,10,0.167,11.0,51.0
갈비구이,통깨,60,9,0.15,10.0,52.0
갈비구이,배,60,9,0.15,10.0,52.0
갈비구이,고추장,60,9,0.15,10.0,52.0
갈비구이,꿀,60,8,0.133,9.0,53.0
갈비구이,사과,60,7,0.117,8.0,54.0
갈비구이,된장,60,7,0.117,8.0,54.0
갈비구이,파슬리,60,6,0.1,7.0,55.0
갈비구이,고등어,60,6,0.1,7.0,55.0
갈비구이,감자,60,5,0.083,6.0,56.0
갈비구이,닭고기,60,5,0.083,6.0,56.0
갈비구이,청양고추,60,5,0.083,6.0,56.0
갈비구이,레몬,60,4,0.067,5.0,57.0
갈비구이,버터,60,4,0.067,5.0,57.0
갈비구이,소고기,60,4,0.067,5.0,57.0
갈비구이,배즙,60,3,0.05,4.0,58.0
갈비구이,잼,60,3,0.05,4.0,58.0
갈비구이,콜라,60,3,0.05,4.0,58.0
갈비구이,키위,60,3,0.05,4.0,58.0
갈비구이,당근,60,3,0.05,4.0,58.0
갈비구이,양배추,60,3,0.05,4.0,58.0
갈비구이,카레가루,60,3,0.05,4.0,58.0
갈비구이,매실,60,3,0.05,4.0,58.0
갈비구이,기름,60,2,0.033,3.0,59.0
갈비구이,허브솔트,60,2,0.033,3.0,59.0
갈비구이,바비큐소스,60,2,0.033,3.0,59.0
갈비구이,술,60,2,0.033,3.0,59.0
갈비구이,식초,60,2,0.033,3.0,59.0
갈비구이,허브,60,2,0.033,3.0,59.0
갈비구이,파프리카,60,2,0.033,3.0,59.0
갈비구이,핫소스,60,2,0.033,3.0,59.0
갈비구이,깻잎,60,2,0.033,3.0,59.0
갈비구이,고구마,60,2,0.033,3.0,59.0
갈비구이,아스파라거스,60,1,0.017,2.0,60.0
갈비구이,요구르트,60,1,0.017,2.0,60.0
갈비구이,케쳡,60,1,0.017,2.0,60.0
갈비구이,포도주,60,1,0.017,2.0,60.0
갈비구이,다시마,60,1,0.017,2.0,60.0
갈비구이,귤,60,1,0.017,2.0,60.0
갈비구이,복숭아,60,1,0.017,2.0,60.0
갈비구이,쌀뜨물,60,1,0.017,2.0,60.0
갈비구이,파인애플통조림,60,1,0.017,2.0,60.0
갈비구이,참치액,60,1,0.017,2.0,60.0
갈비구이,쪽파,60,1,0.017,2.0,60.0
갈비구이,우유,60,1,0.017,2.0,60.0
갈비구이,브로콜리,60,1,0.017,2.0,60.0
갈비구이,미향,60,1,0.017,2.0,60.0
갈비구이,파인애플,60,1,0.017,2.0,60.0
갈비구이,애호박,60,1,0.017,2.0,60.0
갈비구이,두부,60,1,0.017,2.0,60.0
갈비구이,육수,60,1,0.017,2.0,60.0
갈비구이,부침가루,60,1,0.017,2.0,60.0
갈비구이,계란,60,1,0.017,2.0,60.0
갈비구이,오이,60,1,0.017,2.0,60.0
갈비구이,쌈무,60,1,0.017,2.0,60.0
갈비구이,채소,60,1,0.017,2.0,60.0
갈비구이,피자핫소스,60,1,0.017,2.0,60.0
갈비구이,로즈마리,60,1,0.017,2.0,60.0
갈비구이,매운소스,60,1,0.017,2.0,60.0
갈비구이,샬롯,60,1,0.017,2.0,60.0
갈비구이,에어프라이기,60,1,0.017,2.0,60.0
갈비구이,양념장,60,1,0.017,2.0,60.0
갈비구이,새송이버섯,60,1,0.017,2.0,60.0
갈비구이,버섯,60,1,0.017,2.0,60.0
갈비구이,바질,60,1,0.017,2.0,60.0
갈비구이,정향,60,1,0.017,2.0,60.0
갈비구이,생크림,60,1,0.017,2.0,60.0
갈비구이,찹쌀가루,60,1,0.017,2.0,60.0
갈비구이,마요네즈,60,1,0.017,2.0,60.0
갈비구이,머스터드소스,60,1,0.017,2.0,60.0
갈비구이,들기름,60,1,0.017,2.0,60.0
갈비구이,고추기름,60,1,0.017,2.0,60.0
갈비구이,칠리소스,60,1,0.017,2.0,60.0
갈비구이,밀가루,60,1,0.017,2.0,60.0
갈비구이,튀김,60,1,0.017,2.0,60.0
갈비구이,샐러리,60,1,0.017,2.0,60.0
갈비구이,우스터소스,60,1,0.017,2.0,60.0
갈비구이,파인애플주스,60,1,0.017,2.0,60.0
갈비구이,떡,60,1,0.017,2.0,60.0
갈비찜,간장,72,70,0.972,71.0,3.0
갈비찜,마늘,72,70,0.972,71.0,3.0
갈비찜,설탕,72,58,0.806,59.0,15.0
갈비찜,양파,72,55,0.764,56.0,18.0
갈비찜,맛술,72,55,0.764,56.0,18.0
갈비찜,대파,72,54,0.75,55.0,19.0
갈비찜,참기름,72,52,0.722,53.0,21.0
갈비찜,당근,72,51,0.708,52.0,22.0
갈비찜,후춧가루,72,50,0.694,51.0,23.0
갈비찜,생강,72,46,0.639,47.0,27.0
갈비찜,물,72,43,0.597,44.0,30.0
갈비찜,돼지고기,72,38,0.528,39.0,35.0
갈비찜,올리고당,72,36,0.5,37.0,37.0
갈비찜,무,72,34,0.472,35.0,39.0
갈비찜,갈비,72,24,0.333,25.0,49.0
갈비찜,표고버섯,72,24,0.333,25.0,49.0
갈비찜,청양고추,72,24,0.333,25.0,49.0
갈비찜,감자,72,20,0.278,21.0,53.0
갈비찜,고추,72,16,0.222,17.0,57.0
갈비찜,고춧가루,72,16,0.222,17.0,57.0
갈비찜,굴소스,72,16,0.222,17.0,57.0
갈비찜,밤,72,14,0.194,15.0,59.0
갈비찜,매실액,72,14,0.194,15.0,59.0
갈비찜,월계수잎,72,13,0.181,14.0,60.0
갈비찜,배,72,13,0.181,14.0,60.0
갈비찜,소고기,72,11,0.153,12.0,62.0
갈비찜,통깨,72,10,0.139,11.0,63.0
갈비찜,고추장,72,9,0.125,10.0,64.0
갈비찜,소금,72,8,0.111,9.0,65.0
갈비찜,은행,72,6,0.083,7.0,67.0
갈비찜,사과,72,6,0.083,7.0,67.0
갈비찜,새송이버섯,72,5,0.069,6.0,68.0
갈비찜,대추,72,5,0.069,6.0,68.0
갈비찜,된장,72,5,0.069,6.0,68.0
갈비찜,콩나물,72,5,0.069,6.0,68.0
갈비찜,떡,72,5,0.069,6.0,68.0
갈비찜,소주,72,4,0.056,5.0,69.0
갈비찜,버섯,72,3,0.042,4.0,70.0
갈비찜,배즙,72,3,0.042,4.0,70.0
갈비찜,멸치,72,3,0.042,4.0,70.0
갈비찜,파인애플,72,2,0.028,3.0,71.0
갈비찜,쪽파,72,2,0.028,3.0,71.0
갈비찜,잣,72,2,0.028,3.0,71.0
갈비찜,술,72,2,0.028,3.0,71.0
갈비찜,파프리카,72,2,0.028,3.0,71.0
갈비찜,와인,72,2,0.028,3.0,71.0
갈비찜,장조림소스,72,1,0.014,2.0,72.0
갈비찜,들기름,72,1,0.014,2.0,72.0
갈비찜,배추김치,72,1,0.014,2.0,72.0
갈비찜,과일즙,72,1,0.014,2.0,72.0
갈비찜,계피,72,1,0.014,2.0,72.0
갈비찜,잼,72,1,0.014,2.0,72.0
갈비찜,다시마,72,1,0.014,2.0,72.0
갈비찜,계란,72,1,0.014,2.0,72.0
갈비찜,고구마,72,1,0.014,2.0,72.0
갈비찜,매실,72,1,0.014,2.0,72.0
갈비찜,육수,72,1,0.014,2.0,72.0
갈비찜,춘장,72,1,0.014,2.0,72.0
갈비찜,피망,72,1,0.014,2.0,72.0
갈비찜,바비큐소스,72,1,0.014,2.0,72.0
갈비찜,케첩,72,1,0.014,2.0,72.0
갈비찜,파슬리,72,1,0.014,2.0,72.0
갈비찜,치즈,72,1,0.014,2.0,72.0
갈비탕,대파,57,52,0.912,53.0,6.0
갈비탕,마늘,57,51,0.895,52.0,7.0
갈비탕,갈비,57,47,0.825,48.0,11.0
갈비탕,간장,57,47,0.825,48.0,11.0
갈비탕,무,57,45,0.789,46.0,13.0
갈비탕,양파,57,45,0.789,46.0,13.0
갈비탕,소금,57,43,0.754,44.0,15.0
갈비탕,후춧가루,57,40,0.702,41.0,18.0
갈비탕,물,57,26,0.456,27.0,32.0
갈비탕,생강,57,22,0.386,23.0,36.0
갈비탕,당면,57,18,0.316,19.0,40.0
갈비탕,대추,57,12,0.211,13.0,46.0
갈비탕,월계수잎,57,12,0.211,13.0,46.0
갈비탕,계란,57,12,0.211,13.0,46.0
갈비탕,다시마,57,10,0.175,11.0,48.0
갈비탕,소고기,57,8,0.14,9.0,50.0
갈비탕,설탕,57,8,0.14,9.0,50.0
갈비탕,맛술,57,7,0.123,8.0,51.0
갈비탕,멸치액젓,57,7,0.123,8.0,51.0
갈비탕,표고버섯,57,6,0.105,7.0,52.0
갈비탕,굴소스,57,6,0.105,7.0,52.0
갈비탕,참치액,57,6,0.105,7.0,52.0
갈비탕,소주,57,4,0.07,5.0,54.0
갈비탕,팽이버섯,57,4,0.07,5.0,54.0
갈비탕,청양고추,57,4,0.07,5.0,54.0
갈비탕,쪽파,57,4,0.07,5.0,54.0
갈비탕,식초,57,4,0.07,5.0,54.0
갈비탕,돼지고기,57,3,0.053,4.0,55.0
갈비탕,겨자,57,3,0.053,4.0,55.0
갈비탕,멸치,57,2,0.035,3.0,56.0
갈비탕,고추,57,2,0.035,3.0,56.0
갈비탕,감초,57,2,0.035,3.0,56.0
갈비탕,통깨,57,2,0.035,3.0,56.0
갈비탕,인삼,57,2,0.035,3.0,56.0
갈비탕,연두,57,1,0.018,2.0,57.0
갈비탕,한방팩,57,1,0.018,2.0,57.0
갈비탕,다시팩,57,1,0.018,2.0,57.0
갈비탕,된장,57,1,0.018,2.0,57.0
갈비탕,술,57,1,0.018,2.0,57.0
갈비탕,샤브샤브,57,1,0.018,2.0,57.0
갈비탕,식용유,57,1,0.018,2.0,57.0
갈비탕,배,57,1,0.018,2.0,57.0
갈비탕,감자,57,1,0.018,2.0,57.0
갈비탕,올리고당,57,1,0.018,2.0,57.0
갈비탕,황기,57,1,0.018,2.0,57.0
갈비탕,삼계탕용한약재,57,1,0.018,2.0,57.0
갈비탕,고춧가루,57,1,0.018,2.0,57.0
갈비탕,참기름,57,1,0.018,2.0,57.0
갈비탕,배추,57,1,0.018,2.0,57.0
갈비탕,당근,57,1,0.018,2.0,57.0
갈비탕,계피,57,1,0.018,2.0,57.0
갈비탕,오렌지,57,1,0.018,2.0,57.0
갈비탕,정향,57,1,0.018,2.0,57.0
갈비탕,동태,57,1,0.018,2.0,57.0
갈비탕,미역,57,1,0.018,2.0,57.0
갈비탕,느타리버섯,57,1,0.018,2.0,57.0
갈비탕,육수,57,1,0.018,2.0,57.0
감자전,감자,64,63,0.984,64.0,2.0
감자전,소금,64,53,0.828,54.0,12.0
감자전,식용유,64,31,0.484,32.0,34.0
감자전,양파,64,23,0.359,24.0,42.0
감자전,청양고추,64,20,0.312,21.0,45.0
감자전,부침가루,64,15,0.234,16.0,50.0
감자전,간장,64,14,0.219,15.0,51.0
감자전,물,64,14,0.219,15.0,51.0
감자전,후춧가루,64,14,0.219,15.0,51.0
감자전,식초,64,12,0.188,13.0,53.0
감자전,전분,64,11,0.172,12.0,54.0
감자전,고추,64,10,0.156,11.0,55.0
감자전,당근,64,10,0.156,11.0,55.0
감자전,치즈,64,7,0.109,8.0,58.0
감자전,애호박,64,6,0.094,7.0,59.0
감자전,베이컨,64,5,0.078,6.0,60.0
감자전,통깨,64,5,0.078,6.0,60.0
감자전,대파,64,5,0.078,6.0,60.0
감자전,계란,64,5,0.078,6.0,60.0
감자전,밀가루,64,5,0.078,6.0,60.0
감자전,설탕,64,4,0.062,5.0,61.0
감자전,고춧가루,64,4,0.062,5.0,61.0
감자전,햄,64,3,0.047,4.0,62.0
감자전,파슬리,64,3,0.047,4.0,62.0
감자전,케첩,64,3,0.047,4.0,62.0
감자전,돼지고기,64,3,0.047,4.0,62.0
감자전,연두,64,2,0.031,3.0,63.0
감자전,튀김가루,64,2,0.031,3.0,63.0
감자전,새우,64,2,0.031,3.0,63.0
감자전,기름,64,2,0.031,3.0,63.0
감자전,매실액,64,2,0.031,3.0,63.0
감자전,참기름,64,2,0.031,3.0,63.0
감자전,부추,64,2,0.031,3.0,63.0
감자전,라이스페이퍼,64,1,0.016,2.0,64.0
감자전,배추김치,64,1,0.016,2.0,64.0
감자전,빵가루,64,1,0.016,2.0,64.0
감자전,연근,64,1,0.016,2.0,64.0
감자전,참치액,64,1,0.016,2.0,64.0
감자전,피망,64,1,0.016,2.0,64.0
감자전,핫소스,64,1,0.016,2.0,64.0
감자전,버터,64,1,0.016,2.0,64.0
감자전,우유,64,1,0.016,2.0,64.0
감자전,레몬,64,1,0.016,2.0,64.0
감자전,들기름,64,1,0.016,2.0,64.0
감자전,양배추,64,1,0.016,2.0,64.0
감자전,맛술,64,1,0.016,2.0,64.0
감자전,마늘,64,1,0.016,2.0,64.0
감자탕,마늘,60,58,0.967,59.0,3.0
감자탕,고춧가루,60,55,0.917,56.0,6.0
감자탕,감자,60,54,0.9,55.0,7.0
감자탕,된장,60,53,0.883,54.0,8.0
감자탕,돼지고기,60,48,0.8,49.0,13.0
감자탕,대파,60,48,0.8,49.0,13.0
감자탕,들깨,60,45,0.75,46.0,16.0
감자탕,간장,60,37,0.617,38.0,24.0
감자탕,깻잎,60,35,0.583,36.0,26.0
감자탕,양파,60,35,0.583,36.0,26.0
감자탕,고추장,60,32,0.533,33.0,29.0
감자탕,후춧가루,60,31,0.517,32.0,30.0
감자탕,생강,60,30,0.5,31.0,31.0
감자탕,청양고추,60,28,0.467,29.0,33.0
감자탕,물,60,22,0.367,23.0,39.0
감자탕,시래기,60,22,0.367,23.0,39.0
감자탕,월계수잎,60,21,0.35,22.0,40.0
감자탕,맛술,60,20,0.333,21.0,41.0
감자탕,소금,60,15,0.25,16.0,46.0
감자탕,멸치액젓,60,13,0.217,14.0,48.0
감자탕,소주,60,12,0.2,13.0,49.0
감자탕,고추,60,9,0.15,10.0,52.0
감자탕,설탕,60,9,0.15,10.0,52.0
감자탕,배추,60,8,0.133,9.0,53.0
감자탕,배추김치,60,8,0.133,9.0,53.0
감자탕,무,60,7,0.117,8.0,54.0
감자탕,멸치,60,6,0.1,7.0,55.0
감자탕,얼갈이,60,5,0.083,6.0,56.0
감자탕,새우젓,60,5,0.083,6.0,56.0
감자탕,팽이버섯,60,4,0.067,5.0,57.0
감자탕,식용유,60,4,0.067,5.0,57.0
감자탕,커피가루,60,4,0.067,5.0,57.0
감자탕,참기름,60,4,0.067,5.0,57.0
감자탕,다시마,60,4,0.067,5.0,57.0
감자탕,월개수잎,60,3,0.05,4.0,58.0
감자탕,육수,60,3,0.05,4.0,58.0
감자탕,다시다,60,3,0.05,4.0,58.0
감자탕,애호박,60,3,0.05,4.0,58.0
감자탕,들기름,60,2,0.033,3.0,59.0
감자탕,참치액,60,2,0.033,3.0,59.0
감자탕,깻순,60,2,0.033,3.0,59.0
감자탕,참치,60,2,0.033,3.0,59.0
감자탕,소고기,60,2,0.033,3.0,59.0
감자탕,등뼈,60,2,0.033,3.0,59.0
감자탕,쌀뜨물,60,2,0.033,3.0,59.0
감자탕,쪽파,60,2,0.033,3.0,59.0
감자탕,햄,60,2,0.033,3.0,59.0
감자탕,고추냉이,60,1,0.017,2.0,60.0
감자탕,사과,60,1,0.017,2.0,60.0
감자탕,뼈,60,1,0.017,2.0,60.0
감자탕,MSG,60,1,0.017,2.0,60.0
감자탕,콩나물,60,1,0.017,2.0,60.0
감자탕,계란,60,1,0.017,2.0,60.0
감자탕,밥,60,1,0.017,2.0,60.0
감자탕,매실액,60,1,0.017,2.0,60.0
감자탕,김,60,1,0.017,2.0,60.0
감자탕,매실,60,1,0.017,2.0,60.0
감자탕,등뼈삶은물,60,1,0.017,2.0,60.0
감자탕,콩가루,60,1,0.017,2.0,60.0
감자탕,올리고당,60,1,0.017,2.0,60.0
감자탕,대추,60,1,0.017,2.0,60.0
감자탕,양배추,60,1,0.017,2.0,60.0
감자탕,당근,60,1,0.017,2.0,60.0
감자탕,버섯,60,1,0.017,2.0,60.0
감자탕,곤약,60,1,0.017,2.0,60.0
감자탕,콩,60,1,0.017,2.0,60.0
갓김치,마늘,59,45,0.763,46.0,15.0
갓김치,고춧가루,59,42,0.712,43.0,18.0
갓김치,갓,59,38,0.644,39.0,22.0
갓김치,소금,59,35,0.593,36.0,25.0
갓김치,멸치액젓,59,35,0.593,36.0,25.0
갓김치,생강,59,32,0.542,33.0,28.0
갓김치,물,59,26,0.441,27.0,34.0
갓김치,양파,59,25,0.424,26.0,35.0
갓김치,새우젓,59,23,0.39,24.0,37.0
갓김치,통깨,59,23,0.39,24.0,37.0
갓김치,매실액,59,20,0.339,21.0,40.0
갓김치,배추김치,59,20,0.339,21.0,40.0
갓김치,쪽파,59,19,0.322,20.0,41.0
갓김치,설탕,59,19,0.322,20.0,41.0
갓김치,찹쌀가루,59,15,0.254,16.0,45.0
갓김치,배,59,14,0.237,15.0,46.0
갓김치,고추,59,14,0.237,15.0,46.0
갓김치,대파,59,13,0.22,14.0,47.0
갓김치,사과,59,12,0.203,13.0,48.0
갓김치,멸치,59,10,0.169,11.0,50.0
갓김치,찹쌀풀,59,9,0.153,10.0,51.0
갓김치,참기름,59,9,0.153,10.0,51.0
갓김치,무,59,8,0.136,9.0,52.0
갓김치,밥,59,8,0.136,9.0,52.0
갓김치,육수,59,6,0.102,7.0,54.0
갓김치,청양고추,59,6,0.102,7.0,54.0
갓김치,들기름,59,6,0.102,7.0,54.0
갓김치,밀가루,59,5,0.085,6.0,55.0
갓김치,새우,59,5,0.085,6.0,55.0
갓김치,다시마,59,4,0.068,5.0,56.0
갓김치,배즙,59,4,0.068,5.0,56.0
갓김치,간장,59,4,0.068,5.0,56.0
갓김치,맛술,59,4,0.068,5.0,56.0
갓김치,고추장,59,4,0.068,5.0,56.0
갓김치,계란,59,4,0.068,5.0,56.0
갓김치,올리고당,59,4,0.068,5.0,56.0
갓김치,후춧가루,59,4,0.068,5.0,56.0
갓김치,표고버섯,59,3,0.051,4.0,57.0
갓김치,젓갈,59,3,0.051,4.0,57.0
갓김치,멥쌀가루,59,3,0.051,4.0,57.0
갓김치,매실,59,3,0.051,4.0,57.0
갓김치,당근,59,3,0.051,4.0,57.0
갓김치,다시다,59,3,0.051,4.0,57.0
갓김치,고등어,59,3,0.051,4.0,57.0
갓김치,된장,59,3,0.051,4.0,57.0
갓김치,생선,59,2,0.034,3.0,58.0
갓김치,참치,59,2,0.034,3.0,58.0
갓김치,조미료,59,2,0.034,3.0,58.0
갓김치,돼지고기,59,2,0.034,3.0,58.0
갓김치,식초,59,2,0.034,3.0,58.0
갓김치,식용유,59,2,0.034,3.0,58.0
갓김치,뉴슈거,59,1,0.017,2.0,59.0
갓김치,부추,59,1,0.017,2.0,59.0
갓김치,장아찌원액,59,1,0.017,2.0,59.0
갓김치,복숭아,59,1,0.017,2.0,59.0
갓김치,절임용물,59,1,0.017,2.0,59.0
갓김치,김,59,1,0.017,2.0,59.0
갓김치,떡,59,1,0.017,2.0,59.0
갓김치,뉴슈가,59,1,0.017,2.0,59.0
갓김치,알롤로스,59,1,0.017,2.0,59.0
갓김치,두부,59,1,0.017,2.0,59.0
갓김치,애호박,59,1,0.017,2.0,59.0
갓김치,소면,59,1,0.017,2.0,59.0
갓김치,베이컨,59,1,0.017,2.0,59.0
갓김치,오이,59,1,0.017,2.0,59.0
갓김치,홍시,59,1,0.017,2.0,59.0
갓김치,들깨,59,1,0.017,2.0,59.0
갓김치,오징어,59,1,0.017,2.0,59.0
갓김치,부침가루,59,1,0.017,2.0,59.0
갓김치,햄,59,1,0.017,2.0,59.0
갓김치,김치국물,59,1,0.017,2.0,59.0
갓김치,굴소스,59,1,0.017,2.0,59.0
경단,소금,51,33,0.647,34.0,19.0
경단,찹쌀가루,51,32,0.627,33.0,20.0
경단,물,51,26,0.51,27.0,26.0
경단,설탕,51,25,0.49,26.0,27.0
경단,카스테라,51,21,0.412,22.0,31.0
경단,통깨,51,16,0.314,17.0,36.0
경단,고구마,51,13,0.255,14.0,39.0
경단,꿀,51,11,0.216,12.0,41.0
경단,콩가루,51,7,0.137,8.0,45.0
경단,견과류,51,7,0.137,8.0,45.0
경단,계피,51,6,0.118,7.0,46.0
경단,팥,51,6,0.118,7.0,46.0
경단,녹차가루,51,4,0.078,5.0,48.0
경단,대추,51,4,0.078,5.0,48.0
경단,바나나,51,4,0.078,5.0,48.0
경단,찹쌀,51,4,0.078,5.0,48.0
경단,빵,51,3,0.059,4.0,49.0
경단,애호박,51,3,0.059,4.0,49.0
경단,생강,51,3,0.059,4.0,49.0
경단,올리고당,51,3,0.059,4.0,49.0
경단,우유,51,3,0.059,4.0,49.0
경단,밤,51,3,0.059,4.0,49.0
경단,멥쌀가루,51,2,0.039,3.0,50.0
경단,수수가루,51,2,0.039,3.0,50.0
경단,아몬드,51,2,0.039,3.0,50.0
경단,건포도,51,2,0.039,3.0,50.0
경단,치즈,51,2,0.039,3.0,50.0
경단,잣,51,2,0.039,3.0,50.0
경단,참기름,51,2,0.039,3.0,50.0
경단,감자,51,2,0.039,3.0,50.0
경단,사과,51,2,0.039,3.0,50.0
경단,호두,51,2,0.039,3.0,50.0
경단,레몬,51,2,0.039,3.0,50.0
경단,백앙금,51,2,0.039,3.0,50.0
경단,백련초가루,51,2,0.039,3.0,50.0
경단,전분,51,2,0.039,3.0,50.0
경단,후춧가루,51,1,0.02,2.0,51.0
경단,바나나중간크기,51,1,0.02,2.0,51.0
경단,과자,51,1,0.02,2.0,51.0
경단,제티바나나가루,51,1,0.02,2.0,51.0
경단,앙금,51,1,0.02,2.0,51.0
경단,끓은물,51,1,0.02,2.0,51.0
경단,코코아가루,51,1,0.02,2.0,51.0
경단,딸기가루,51,1,0.02,2.0,51.0
경단,미숫가루,51,1,0.02,2.0,51.0
경단,초코제누와즈,51,1,0.02,2.0,51.0
경단,수수,51,1,0.02,2.0,51.0
경단,복숭아,51,1,0.02,2.0,51.0
경단,들깨,51,1,0.02,2.0,51.0
경단,백년초가루,51,1,0.02,2.0,51.0
경단,건과일,51,1,0.02,2.0,51.0
경단,포도,51,1,0.02,2.0,51.0
경단,인삼,51,1,0.02,2.0,51.0
경단,탄산수,51,1,0.02,2.0,51.0
경단,닭고기,51,1,0.02,2.0,51.0
경단,맛술,51,1,0.02,2.0,51.0
경단,간장,51,1,0.02,2.0,51.0
경단,계란,51,1,0.02,2.0,51.0
경단,대파,51,1,0.02,2.0,51.0
경단,쯔유,51,1,0.02,2.0,51.0
경단,엿물,51,1,0.02,2.0,51.0
경단,쑥,51,1,0.02,2.0,51.0
경단,땅콩,51,1,0.02,2.0,51.0
경단,밥,51,1,0.02,2.0,51.0
경단,다시마,51,1,0.02,2.0,51.0
경단,요구르트,51,1,0.02,2.0,51.0
경단,생율,51,1,0.02,2.0,51.0
계란말이,계란,84,84,1.0,85.0,1.0
계란말이,소금,84,61,0.726,62.0,24.0
계란말이,식용유,84,35,0.417,36.0,50.0
계란말이,당근,84,32,0.381,33.0,53.0
계란말이,양파,84,28,0.333,29.0,57.0
계란말이,대파,84,28,0.333,29.0,57.0
계란말이,설탕,84,20,0.238,21.0,65.0
계란말이,맛술,84,17,0.202,18.0,68.0
계란말이,참기름,84,15,0.179,16.0,70.0
계란말이,김,84,14,0.167,15.0,71.0
계란말이,연두,84,13,0.155,14.0,72.0
계란말이,햄,84,13,0.155,14.0,72.0
계란말이,후춧가루,84,13,0.155,14.0,72.0
계란말이,밥,84,12,0.143,13.0,73.0
계란말이,쪽파,84,10,0.119,11.0,75.0
계란말이,물,84,10,0.119,11.0,75.0
계란말이,통깨,84,9,0.107,10.0,76.0
계란말이,치즈,84,9,0.107,10.0,76.0
계란말이,맛살,84,8,0.095,9.0,77.0
계란말이,애호박,84,7,0.083,8.0,78.0
계란말이,참치,84,7,0.083,8.0,78.0
계란말이,마늘,84,7,0.083,8.0,78.0
계란말이,케첩,84,7,0.083,8.0,78.0
계란말이,마요네즈,84,6,0.071,7.0,79.0
계란말이,간장,84,5,0.06,6.0,80.0
계란말이,우유,84,5,0.06,6.0,80.0
계란말이,부추,84,4,0.048,5.0,81.0
계란말이,청양고추,84,4,0.048,5.0,81.0
계란말이,단무지,84,3,0.036,4.0,82.0
계란말이,깻잎,84,3,0.036,4.0,82.0
계란말이,명란젓,84,3,0.036,4.0,82.0
계란말이,다시마,84,3,0.036,4.0,82.0
계란말이,파프리카,84,3,0.036,4.0,82.0
계란말이,쌀,84,2,0.024,3.0,83.0
계란말이,소시지,84,2,0.024,3.0,83.0
계란말이,새우,84,2,0.024,3.0,83.0
계란말이,굴소스,84,2,0.024,3.0,83.0
계란말이,쯔유,84,2,0.024,3.0,83.0
계란말이,두부,84,2,0.024,3.0,83.0
계란말이,고추,84,2,0.024,3.0,83.0
계란말이,피망,84,2,0.024,3.0,83.0
계란말이,배추김치,84,2,0.024,3.0,83.0
계란말이,기름,84,2,0.024,3.0,83.0
계란말이,파슬리,84,2,0.024,3.0,83.0
계란말이,채소,84,1,0.012,2.0,84.0
계란말이,어묵,84,1,0.012,2.0,84.0
계란말이,옥수수,84,1,0.012,2.0,84.0
계란말이,멸치,84,1,0.012,2.0,84.0
계란말이,생선,84,1,0.012,2.0,84.0
계란말이,가쓰오부시,84,1,0.012,2.0,84.0
계란말이,취나물,84,1,0.012,2.0,84.0
계란말이,꽃모양틀,84,1,0.012,2.0,84.0
계란말이,어린잎,84,1,0.012,2.0,84.0
계란말이,돼지고기,84,1,0.012,2.0,84.0
계란말이,캐찹,84,1,0.012,2.0,84.0
계란말이,식초,84,1,0.012,2.0,84.0
계란말이,고추냉이,84,1,0.012,2.0,84.0
계란말이,매생이,84,1,0.012,2.0,84.0
계란말이,야채자유롭게,84,1,0.012,2.0,84.0
계란말이,고추장,84,1,0.012,2.0,84.0
계란말이,매실액,84,1,0.012,2.0,84.0
계란말이,브로콜리,84,1,0.012,2.0,84.0
계란말이,팽이버섯,84,1,0.012,2.0,84.0
계란말이,꽃게,84,1,0.012,2.0,84.0
계란말이,레몬,84,1,0.012,2.0,84.0
계란말이,참치액,84,1,0.012,2.0,84.0
고기전,계란,59,58,0.983,59.0,2.0
고기전,소고기,59,51,0.864,52.0,9.0
고기전,후춧가루,59,40,0.678,41.0,20.0
고기전,소금,59,35,0.593,36.0,25.0
고기전,간장,59,25,0.424,26.0,35.0
고기전,식용유,59,23,0.39,24.0,37.0
고기전,부침가루,59,20,0.339,21.0,40.0
고기전,참기름,59,18,0.305,19.0,42.0
고기전,밀가루,59,16,0.271,17.0,44.0
고기전,찹쌀가루,59,16,0.271,17.0,44.0
고기전,식초,59,15,0.254,16.0,45.0
고기전,마늘,59,15,0.254,16.0,45.0
고기전,통깨,59,14,0.237,15.0,46.0
고기전,양파,59,14,0.237,15.0,46.0
고기전,설탕,59,14,0.237,15.0,46.0
고기전,맛술,59,14,0.237,15.0,46.0
고기전,대파,59,13,0.22,14.0,47.0
고기전,고춧가루,59,10,0.169,11.0,50.0
고기전,매실액,59,6,0.102,7.0,54.0
고기전,전분,59,6,0.102,7.0,54.0
고기전,튀김가루,59,5,0.085,6.0,55.0
고기전,부추,59,5,0.085,6.0,55.0
고기전,겨자,59,5,0.085,6.0,55.0
고기전,돼지고기,59,5,0.085,6.0,55.0
고기전,올리고당,59,5,0.085,6.0,55.0
고기전,청양고추,59,4,0.068,5.0,56.0
고기전,파프리카,59,4,0.068,5.0,56.0
고기전,멸치액젓,59,4,0.068,5.0,56.0
고기전,쪽파,59,3,0.051,4.0,57.0
고기전,허브솔트,59,3,0.051,4.0,57.0
고기전,치커리,59,3,0.051,4.0,57.0
고기전,배,59,3,0.051,4.0,57.0
고기전,물,59,3,0.051,4.0,57.0
고기전,기름,59,3,0.051,4.0,57.0
고기전,부채살,59,3,0.051,4.0,57.0
고기전,고추,59,2,0.034,3.0,58.0
고기전,멥쌀가루,59,2,0.034,3.0,58.0
고기전,사과,59,2,0.034,3.0,58.0
고기전,고추장,59,1,0.017,2.0,59.0
고기전,표고버섯,59,1,0.017,2.0,59.0
고기전,채소,59,1,0.017,2.0,59.0
고기전,당근,59,1,0.017,2.0,59.0
고기전,고추기름,59,1,0.017,2.0,59.0
고기전,배즙,59,1,0.017,2.0,59.0
고기전,잣,59,1,0.017,2.0,59.0
고기전,대추,59,1,0.017,2.0,59.0
고기전,참치액,59,1,0.017,2.0,59.0
고기전,뚝딱맛내기장,59,1,0.017,2.0,59.0
고기전,생강,59,1,0.017,2.0,59.0
고기전,굴소스,59,1,0.017,2.0,59.0
고기전,갈비,59,1,0.017,2.0,59.0
고기전,무,59,1,0.017,2.0,59.0
고기전,솔트,59,1,0.017,2.0,59.0
고기전,참나물,59,1,0.017,2.0,59.0
고기전,매실,59,1,0.017,2.0,59.0
고기전,쑥갓,59,1,0.017,2.0,59.0
고기전,미나리,59,1,0.017,2.0,59.0
고기전,들기름,59,1,0.017,2.0,59.0
고기전,닭고기,59,1,0.017,2.0,59.0
고기전,라이스페이퍼,59,1,0.017,2.0,59.0
고기전,고추냉이,59,1,0.017,2.0,59.0
곰탕,대파,67,58,0.866,59.0,10.0
곰탕,마늘,67,50,0.746,51.0,18.0
곰탕,후춧가루,67,43,0.642,44.0,25.0
곰탕,소금,67,34,0.507,35.0,34.0
곰탕,양파,67,32,0.478,33.0,36.0
곰탕,닭고기,67,29,0.433,30.0,39.0
곰탕,간장,67,27,0.403,28.0,41.0
곰탕,물,67,26,0.388,27.0,42.0
곰탕,고춧가루,67,20,0.299,21.0,48.0
곰탕,소고기,67,17,0.254,18.0,51.0
곰탕,사골,67,16,0.239,17.0,52.0
곰탕,청양고추,67,14,0.209,15.0,54.0
곰탕,무,67,14,0.209,15.0,54.0
곰탕,계란,67,12,0.179,13.0,56.0
곰탕,생강,67,11,0.164,12.0,57.0
곰탕,맛술,67,10,0.149,11.0,58.0
곰탕,멸치액젓,67,9,0.134,10.0,59.0
곰탕,라면,67,7,0.104,8.0,61.0
곰탕,월계수잎,67,7,0.104,8.0,61.0
곰탕,참기름,67,6,0.09,7.0,62.0
곰탕,쪽파,67,6,0.09,7.0,62.0
곰탕,밥,67,5,0.075,6.0,63.0
곰탕,당면,67,5,0.075,6.0,63.0
곰탕,버섯,67,5,0.075,6.0,63.0
곰탕,새우젓,67,5,0.075,6.0,63.0
곰탕,떡,67,5,0.075,6.0,63.0
곰탕,식용유,67,4,0.06,5.0,64.0
곰탕,돼지고기,67,4,0.06,5.0,64.0
곰탕,다시마,67,4,0.06,5.0,64.0
곰탕,소주,67,4,0.06,5.0,64.0
곰탕,대추,67,4,0.06,5.0,64.0
곰탕,햄,67,3,0.045,4.0,65.0
곰탕,숙주,67,3,0.045,4.0,65.0
곰탕,순대,67,3,0.045,4.0,65.0
곰탕,만두,67,3,0.045,4.0,65.0
곰탕,쌀뜨물,67,3,0.045,4.0,65.0
곰탕,애호박,67,3,0.045,4.0,65.0
곰탕,된장,67,2,0.03,3.0,66.0
곰탕,올리고당,67,2,0.03,3.0,66.0
곰탕,소시지,67,2,0.03,3.0,66.0
곰탕,배추김치,67,2,0.03,3.0,66.0
곰탕,부추,67,2,0.03,3.0,66.0
곰탕,표고버섯,67,2,0.03,3.0,66.0
곰탕,밀가루,67,2,0.03,3.0,66.0
곰탕,들깨,67,2,0.03,3.0,66.0
곰탕,인삼,67,2,0.03,3.0,66.0
곰탕,연두,67,1,0.015,2.0,67.0
곰탕,겨자,67,1,0.015,2.0,67.0
곰탕,느타리버섯,67,1,0.015,2.0,67.0
곰탕,멸치,67,1,0.015,2.0,67.0
곰탕,버터,67,1,0.015,2.0,67.0
곰탕,옥수수,67,1,0.015,2.0,67.0
곰탕,배추,67,1,0.015,2.0,67.0
곰탕,고기,67,1,0.015,2.0,67.0
곰탕,사과,67,1,0.015,2.0,67.0
곰탕,식초,67,1,0.015,2.0,67.0
곰탕,젓갈,67,1,0.015,2.0,67.0
곰탕,우엉,67,1,0.015,2.0,67.0
곰탕,당근,67,1,0.015,2.0,67.0
곰탕,곰솥은,67,1,0.015,2.0,67.0
곰탕,곱창,67,1,0.015,2.0,67.0
곰탕,전분,67,1,0.015,2.0,67.0
곰탕,콩나물,67,1,0.015,2.0,67.0
곰탕,뉴슈가,67,1,0.015,2.0,67.0
곰탕,매실액,67,1,0.015,2.0,67.0
곰탕,베이크드빈스,67,1,0.015,2.0,67.0
곰탕,치즈,67,1,0.015,2.0,67.0
곰탕,고추장,67,1,0.015,2.0,67.0
곰탕,황태,67,1,0.015,2.0,67.0
곰탕,두부,67,1,0.015,2.0,67.0
곰탕,고추,67,1,0.015,2.0,67.0
곰탕,육수,67,1,0.015,2.0,67.0
곰탕,감자,67,1,0.015,2.0,67.0
곰탕,소면,67,1,0.015,2.0,67.0
곰탕,참치액,67,1,0.015,2.0,67.0
곰탕,곰탕,67,1,0.015,2.0,67.0
곰탕,칼국수면,67,1,0.015,2.0,67.0
곰탕,들기름,67,1,0.015,2.0,67.0
곰탕,곰국,67,1,0.015,2.0,67.0
곰탕,김,67,1,0.015,2.0,67.0
곰탕,삼계탕재료,67,1,0.015,2.0,67.0
곰탕,참치,67,1,0.015,2.0,67.0
곰탕,미역,67,1,0.015,2.0,67.0
곱창전골,마늘,59,50,0.847,51.0,10.0
곱창전골,간장,59,45,0.763,46.0,15.0
곱창전골,양파,59,43,0.729,44.0,17.0
곱창전골,대파,59,42,0.712,43.0,18.0
곱창전골,고춧가루,59,42,0.712,43.0,18.0
곱창전골,곱창,59,28,0.475,29.0,32.0
곱창전골,물,59,28,0.475,29.0,32.0
곱창전골,후춧가루,59,28,0.475,29.0,32.0
곱창전골,맛술,59,24,0.407,25.0,36.0
곱창전골,고추장,59,24,0.407,25.0,36.0
곱창전골,팽이버섯,59,23,0.39,24.0,37.0
곱창전골,사골,59,22,0.373,23.0,38.0
곱창전골,된장,59,22,0.373,23.0,38.0
곱창전골,소고기,59,22,0.373,23.0,38.0
곱창전골,깻잎,59,21,0.356,22.0,39.0
곱창전골,청양고추,59,19,0.322,20.0,41.0
곱창전골,설탕,59,18,0.305,19.0,42.0
곱창전골,느타리버섯,59,17,0.288,18.0,43.0
곱창전골,당면,59,17,0.288,18.0,43.0
곱창전골,생강,59,16,0.271,17.0,44.0
곱창전골,표고버섯,59,15,0.254,16.0,45.0
곱창전골,들깨,59,14,0.237,15.0,46.0
곱창전골,배추,59,13,0.22,14.0,47.0
곱창전골,멸치액젓,59,12,0.203,13.0,48.0
곱창전골,소금,59,12,0.203,13.0,48.0
곱창전골,소주,59,10,0.169,11.0,50.0
곱창전골,두부,59,9,0.153,10.0,51.0
곱창전골,부추,59,9,0.153,10.0,51.0
곱창전골,고추,59,9,0.153,10.0,51.0
곱창전골,참기름,59,9,0.153,10.0,51.0
곱창전골,애호박,59,8,0.136,9.0,52.0
곱창전골,당근,59,8,0.136,9.0,52.0
곱창전골,양배추,59,8,0.136,9.0,52.0
곱창전골,매실액,59,8,0.136,9.0,52.0
곱창전골,돼지고기,59,8,0.136,9.0,52.0
곱창전골,쑥갓,59,7,0.119,8.0,53.0
곱창전골,새송이버섯,59,7,0.119,8.0,53.0
곱창전골,멸치,59,7,0.119,8.0,53.0
곱창전골,무,59,6,0.102,7.0,54.0
곱창전골,육수,59,6,0.102,7.0,54.0
곱창전골,대창,59,5,0.085,6.0,55.0
곱창전골,배추김치,59,5,0.085,6.0,55.0
곱창전골,떡,59,5,0.085,6.0,55.0
곱창전골,우동면,59,5,0.085,6.0,55.0
곱창전골,만두,59,5,0.085,6.0,55.0
곱창전골,다시마,59,5,0.085,6.0,55.0
곱창전골,순대,59,4,0.068,5.0,56.0
곱창전골,양송이버섯,59,4,0.068,5.0,56.0
곱창전골,버섯,59,4,0.068,5.0,56.0
곱창전골,청경채,59,4,0.068,5.0,56.0
곱창전골,감자,59,4,0.068,5.0,56.0
곱창전골,새우젓,59,3,0.051,4.0,57.0
곱창전골,식초,59,3,0.051,4.0,57.0
곱창전골,다시다,59,3,0.051,4.0,57.0
곱창전골,쪽파,59,3,0.051,4.0,57.0
곱창전골,참치액,59,3,0.051,4.0,57.0
곱창전골,술,59,3,0.051,4.0,57.0
곱창전골,콩나물,59,3,0.051,4.0,57.0
곱창전골,미나리,59,2,0.034,3.0,58.0
곱창전골,통깨,59,2,0.034,3.0,58.0
곱창전골,계란,59,2,0.034,3.0,58.0
곱창전골,라면,59,2,0.034,3.0,58.0
곱창전골,봄동,59,2,0.034,3.0,58.0
곱창전골,소시지,59,2,0.034,3.0,58.0
곱창전골,닭고기,59,2,0.034,3.0,58.0
곱창전골,해물,59,1,0.017,2.0,59.0
곱창전골,냉이,59,1,0.017,2.0,59.0
곱창전골,쌀뜨물,59,1,0.017,2.0,59.0
곱창전골,갈비,59,1,0.017,2.0,59.0
곱창전골,젓갈,59,1,0.017,2.0,59.0
곱창전골,양념장,59,1,0.017,2.0,59.0
곱창전골,밥,59,1,0.017,2.0,59.0
곱창전골,김,59,1,0.017,2.0,59.0
곱창전골,깻닢,59,1,0.017,2.0,59.0
곱창전골,월계수잎,59,1,0.017,2.0,59.0
곱창전골,밀가루,59,1,0.017,2.0,59.0
곱창전골,시래기,59,1,0.017,2.0,59.0
곱창전골,햄,59,1,0.017,2.0,59.0
곱창전골,베이크드빈스,59,1,0.017,2.0,59.0
곱창전골,치즈,59,1,0.017,2.0,59.0
곱창전골,목이버섯,59,1,0.017,2.0,59.0
곱창전골,마라상궈소스,59,1,0.017,2.0,59.0
곱창전골,숙주,59,1,0.017,2.0,59.0
곱창전골,훠궈백탕소스,59,1,0.017,2.0,59.0
곱창전골,굴소스,59,1,0.017,2.0,59.0
곱창전골,고수,59,1,0.017,2.0,59.0
곱창전골,흙당,59,1,0.017,2.0,59.0
곱창전골,염통,59,1,0.017,2.0,59.0
곱창전골,전골양념,59,1,0.017,2.0,59.0
곱창전골,각종야채,59,1,0.017,2.0,59.0
곱창전골,차슈,59,1,0.017,2.0,59.0
곱창전골,적근대,59,1,0.017,2.0,59.0
곱창전골,페퍼홀,59,1,0.017,2.0,59.0
곱창전골,배,59,1,0.017,2.0,59.0
곱창전골,국수,59,1,0.017,2.0,59.0
곱창전골,식용유,59,1,0.017,2.0,59.0
곱창전골,겨자,59,1,0.017,2.0,59.0
곱창전골,요리에센스,59,1,0.017,2.0,59.0
곱창전골,낙지,59,1,0.017,2.0,59.0
곱창전골,새송이,59,1,0.017,2.0,59.0
곱창전골,느타리,59,1,0.017,2.0,59.0
곱창전골,꽃게,59,1,0.017,2.0,59.0
곱창전골,올리고당,59,1,0.017,2.0,59.0
김밥,김,125,101,0.808,102.0,25.0
김밥,밥,125,95,0.76,96.0,31.0
김밥,참기름,125,90,0.72,91.0,36.0
김밥,소금,125,90,0.72,91.0,36.0
김밥,통깨,125,66,0.528,67.0,60.0
김밥,계란,125,65,0.52,66.0,61.0
김밥,당근,125,54,0.432,55.0,72.0
김밥,식용유,125,51,0.408,52.0,75.0
김밥,설탕,125,49,0.392,50.0,77.0
김밥,단무지,125,47,0.376,48.0,79.0
김밥,간장,125,43,0.344,44.0,83.0
김밥,햄,125,41,0.328,42.0,85.0
김밥,오이,125,37,0.296,38.0,89.0
김밥,물,125,31,0.248,32.0,95.0
김밥,맛살,125,28,0.224,29.0,98.0
김밥,올리고당,125,26,0.208,27.0,100.0
김밥,맛술,125,25,0.2,26.0,101.0
김밥,식초,125,24,0.192,25.0,102.0
김밥,우엉,125,23,0.184,24.0,103.0
김밥,후춧가루,125,23,0.184,24.0,103.0
김밥,어묵,125,21,0.168,22.0,105.0
김밥,마요네즈,125,20,0.16,21.0,106.0
김밥,시금치,125,18,0.144,19.0,108.0
김밥,마늘,125,17,0.136,18.0,109.0
김밥,배추김치,125,16,0.128,17.0,110.0
김밥,깻잎,125,15,0.12,16.0,111.0
김밥,치즈,125,14,0.112,15.0,112.0
김밥,연두,125,13,0.104,14.0,113.0
김밥,참치,125,13,0.104,14.0,113.0
김밥,청양고추,125,12,0.096,13.0,114.0
김밥,양파,125,10,0.08,11.0,116.0
김밥,파프리카,125,10,0.08,11.0,116.0
김밥,고춧가루,125,9,0.072,10.0,117.0
김밥,상추,125,9,0.072,10.0,117.0
김밥,고추냉이,125,8,0.064,9.0,118.0
김밥,고추장,125,8,0.064,9.0,118.0
김밥,겨자,125,8,0.064,9.0,118.0
김밥,소시지,125,8,0.064,9.0,118.0
김밥,대파,125,8,0.064,9.0,118.0
김밥,들기름,125,6,0.048,7.0,120.0
김밥,쌀,125,6,0.048,7.0,120.0
김밥,소고기,125,5,0.04,6.0,121.0
김밥,멸치,125,5,0.04,6.0,121.0
김밥,부추,125,4,0.032,5.0,122.0
김밥,고추,125,4,0.032,5.0,122.0
김밥,쪽파,125,4,0.032,5.0,122.0
김밥,아보카도,125,4,0.032,5.0,122.0
김밥,멸치액젓,125,4,0.032,5.0,122.0
김밥,매실액,125,4,0.032,5.0,122.0
김밥,메밀면,125,3,0.024,4.0,123.0
김밥,애호박,125,3,0.024,4.0,123.0
김밥,굴소스,125,3,0.024,4.0,123.0
김밥,두부,125,3,0.024,4.0,123.0
김밥,레몬,125,3,0.024,4.0,123.0
김밥,돼지고기,125,3,0.024,4.0,123.0
김밥,표고버섯,125,3,0.024,4.0,123.0
김밥,양배추,125,3,0.024,4.0,123.0
김밥,후리가케,125,3,0.024,4.0,123.0
김밥,버터,125,3,0.024,4.0,123.0
김밥,연어,125,2,0.016,3.0,124.0
김밥,생강,125,2,0.016,3.0,124.0
김밥,냉이,125,2,0.016,3.0,124.0
김밥,미역,125,2,0.016,3.0,124.0
김밥,유부,125,2,0.016,3.0,124.0
김밥,토마토,125,2,0.016,3.0,124.0
김밥,꿀,125,2,0.016,3.0,124.0
김밥,고사리,125,2,0.016,3.0,124.0
김밥,콩나물,125,2,0.016,3.0,124.0
김밥,쯔유,125,2,0.016,3.0,124.0
김밥,진미채,125,2,0.016,3.0,124.0
김밥,된장,125,2,0.016,3.0,124.0
김밥,닭고기,125,2,0.016,3.0,124.0
김밥,채소,125,2,0.016,3.0,124.0
김밥,적채,125,2,0.016,3.0,124.0
김밥,오징어,125,2,0.016,3.0,124.0
김밥,참치액,125,2,0.016,3.0,124.0
김밥,찹쌀가루,125,2,0.016,3.0,124.0
김밥,베이컨,125,2,0.016,3.0,124.0
김밥,전복,125,2,0.016,3.0,124.0
김밥,명란젓,125,2,0.016,3.0,124.0
김밥,다시마,125,2,0.016,3.0,124.0
김밥,진미채볶음,125,1,0.008,2.0,125.0
김밥,묵,125,1,0.008,2.0,125.0
김밥,날치알,125,1,0.008,2.0,125.0
김밥,시소잎,125,1,0.008,2.0,125.0
김밥,새우,125,1,0.008,2.0,125.0
김밥,밀가루,125,1,0.008,2.0,125.0
김밥,케일,125,1,0.008,2.0,125.0
김밥,시래기,125,1,0.008,2.0,125.0
김밥,배추,125,1,0.008,2.0,125.0
김밥,모둠건해초,125,1,0.008,2.0,125.0
김밥,톳장아찌,125,1,0.008,2.0,125.0
김밥,초장,125,1,0.008,2.0,125.0
김밥,시판낫또,125,1,0.008,2.0,125.0
김밥,세발나물,125,1,0.008,2.0,125.0
김밥,머스터드소스,125,1,0.008,2.0,125.0
김밥,무,125,1,0.008,2.0,125.0
김밥,전분,125,1,0.008,2.0,125.0
김밥,호두,125,1,0.008,2.0,125.0
김밥,컬리케일,125,1,0.008,2.0,125.0
김밥,파슬리,125,1,0.008,2.0,125.0
김밥,채수,125,1,0.008,2.0,125.0
김밥,케첩,125,1,0.008,2.0,125.0
김밥,우동면,125,1,0.008,2.0,125.0
김밥,튀김가루,125,1,0.008,2.0,125.0
김밥,랩,125,1,0.008,2.0,125.0
김밥,아스파라거스,125,1,0.008,2.0,125.0
김밥,칼국수면,125,1,0.008,2.0,125.0
김밥,땅콩,125,1,0.008,2.0,125.0
김밥,두반장,125,1,0.008,2.0,125.0
김밥,현미,125,1,0.008,2.0,125.0
김밥,비정제당,125,1,0.008,2.0,125.0
김밥,새송이버섯,125,1,0.008,2.0,125.0
김밥,가지,125,1,0.008,2.0,125.0
김밥,총각무,125,1,0.008,2.0,125.0
김밥,감태,125,1,0.008,2.0,125.0
김밥,허브줄기,125,1,0.008,2.0,125.0
김밥,비트,125,1,0.008,2.0,125.0
김밥,쌈무,125,1,0.008,2.0,125.0
김밥,낫또,125,1,0.008,2.0,125.0
김밥,기름,125,1,0.008,2.0,125.0
김밥,치커리,125,1,0.008,2.0,125.0
김밥,빨대,125,1,0.008,2.0,125.0
김밥,장아찌,125,1,0.008,2.0,125.0
김치볶음밥,배추김치,65,64,0.985,65.0,2.0
김치볶음밥,밥,65,54,0.831,55.0,12.0
김치볶음밥,계란,65,40,0.615,41.0,26.0
김치볶음밥,참기름,65,40,0.615,41.0,26.0
김치볶음밥,대파,65,39,0.6,40.0,27.0
김치볶음밥,간장,65,37,0.569,38.0,29.0
김치볶음밥,설탕,65,36,0.554,37.0,30.0
김치볶음밥,고춧가루,65,36,0.554,37.0,30.0
김치볶음밥,식용유,65,28,0.431,29.0,38.0
김치볶음밥,햄,65,26,0.4,27.0,40.0
김치볶음밥,통깨,65,23,0.354,24.0,43.0
김치볶음밥,후춧가루,65,14,0.215,15.0,52.0
김치볶음밥,고추장,65,14,0.215,15.0,52.0
김치볶음밥,굴소스,65,14,0.215,15.0,52.0
김치볶음밥,양파,65,13,0.2,14.0,53.0
김치볶음밥,베이컨,65,7,0.108,8.0,59.0
김치볶음밥,마늘,65,7,0.108,8.0,59.0
김치볶음밥,치즈,65,6,0.092,7.0,60.0
김치볶음밥,올리고당,65,6,0.092,7.0,60.0
김치볶음밥,버터,65,5,0.077,6.0,61.0
김치볶음밥,맛술,65,5,0.077,6.0,61.0
김치볶음밥,김치국물,65,5,0.077,6.0,61.0
김치볶음밥,돼지고기,65,5,0.077,6.0,61.0
김치볶음밥,쪽파,65,4,0.062,5.0,62.0
김치볶음밥,들기름,65,4,0.062,5.0,62.0
김치볶음밥,김,65,4,0.062,5.0,62.0
김치볶음밥,연두,65,3,0.046,4.0,63.0
김치볶음밥,마요네즈,65,3,0.046,4.0,63.0
김치볶음밥,된장,65,2,0.031,3.0,64.0
김치볶음밥,소금,65,2,0.031,3.0,64.0
김치볶음밥,청양고추,65,2,0.031,3.0,64.0
김치볶음밥,참치,65,2,0.031,3.0,64.0
김치볶음밥,소시지,65,2,0.031,3.0,64.0
김치볶음밥,두부,65,2,0.031,3.0,64.0
김치볶음밥,빵,65,1,0.015,2.0,65.0
김치볶음밥,마가린,65,1,0.015,2.0,65.0
김치볶음밥,고기,65,1,0.015,2.0,65.0
김치볶음밥,소고기,65,1,0.015,2.0,65.0
김치볶음밥,햇판,65,1,0.015,2.0,65.0
김치볶음밥,기름,65,1,0.015,2.0,65.0
김치볶음밥,연어,65,1,0.015,2.0,65.0
김치볶음밥,당근,65,1,0.015,2.0,65.0
김치볶음밥,겨자,65,1,0.015,2.0,65.0
김치볶음밥,파프리카,65,1,0.015,2.0,65.0
김치볶음밥,옥수수,65,1,0.015,2.0,65.0
김치볶음밥,콩나물,65,1,0.015,2.0,65.0
김치볶음밥,깻잎,65,1,0.015,2.0,65.0
김치볶음밥,다시다,65,1,0.015,2.0,65.0
김치볶음밥,닭고기,65,1,0.015,2.0,65.0
김치볶음밥,캡사이신소스,65,1,0.015,2.0,65.0
김치볶음밥,모짜렐라,65,1,0.015,2.0,65.0
김치볶음밥,물,65,1,0.015,2.0,65.0
김치전,배추김치,61,61,1.0,62.0,1.0
김치전,부침가루,61,51,0.836,52.0,11.0
김치전,물,61,44,0.721,45.0,18.0
김치전,식용유,61,39,0.639,40.0,23.0
김치전,설탕,61,22,0.361,23.0,40.0
김치전,양파,61,19,0.311,20.0,43.0
김치전,청양고추,61,17,0.279,18.0,45.0
김치전,고춧가루,61,15,0.246,16.0,47.0
김치전,참치,61,14,0.23,15.0,48.0
김치전,대파,61,12,0.197,13.0,50.0
김치전,튀김가루,61,9,0.148,10.0,53.0
김치전,밀가루,61,9,0.148,10.0,53.0
김치전,계란,61,8,0.131,9.0,54.0
김치전,소금,61,7,0.115,8.0,55.0
김치전,오징어,61,6,0.098,7.0,56.0
김치전,김치국물,61,4,0.066,5.0,58.0
김치전,마늘,61,3,0.049,4.0,59.0
김치전,쪽파,61,3,0.049,4.0,59.0
김치전,돼지고기,61,3,0.049,4.0,59.0
김치전,후춧가루,61,3,0.049,4.0,59.0
김치전,두부,61,3,0.049,4.0,59.0
김치전,전분,61,2,0.033,3.0,60.0
김치전,맛술,61,2,0.033,3.0,60.0
김치전,고추,61,2,0.033,3.0,60.0
김치전,햄,61,2,0.033,3.0,60.0
김치전,새우,61,2,0.033,3.0,60.0
김치전,들기름,61,2,0.033,3.0,60.0
김치전,참기름,61,1,0.016,2.0,61.0
김치전,파슬리,61,1,0.016,2.0,61.0
김치전,치즈,61,1,0.016,2.0,61.0
김치전,닭고기,61,1,0.016,2.0,61.0
김치전,고추장,61,1,0.016,2.0,61.0
김치전,소시지,61,1,0.016,2.0,61.0
김치전,우유,61,1,0.016,2.0,61.0
김치전,멸치액젓,61,1,0.016,2.0,61.0
김치전,옥수수,61,1,0.016,2.0,61.0
김치전,고사리,61,1,0.016,2.0,61.0
김치전,채소,61,1,0.016,2.0,61.0
김치전,베이컨,61,1,0.016,2.0,61.0
김치전,통깨,61,1,0.016,2.0,61.0
김치전,소주,61,1,0.016,2.0,61.0
김치전,굴소스,61,1,0.016,2.0,61.0
김치전,부침유,61,1,0.016,2.0,61.0
김치전,팽이버섯,61,1,0.016,2.0,61.0
김치전,육수,61,1,0.016,2.0,61.0
김치전,부추,61,1,0.016,2.0,61.0
김치전,떡,61,1,0.016,2.0,61.0
김치전,시금치,61,1,0.016,2.0,61.0
김치찌개,배추김치,66,65,0.985,66.0,2.0
김치찌개,대파,66,59,0.894,60.0,8.0
김치찌개,고춧가루,66,54,0.818,55.0,13.0
김치찌개,마늘,66,54,0.818,55.0,13.0
김치찌개,돼지고기,66,42,0.636,43.0,25.0
김치찌개,청양고추,66,33,0.5,34.0,34.0
김치찌개,간장,66,33,0.5,34.0,34.0
김치찌개,양파,66,29,0.439,30.0,38.0
김치찌개,설탕,66,28,0.424,29.0,39.0
김치찌개,두부,66,23,0.348,24.0,44.0
김치찌개,물,66,22,0.333,23.0,45.0
김치찌개,참기름,66,20,0.303,21.0,47.0
김치찌개,쌀뜨물,66,17,0.258,18.0,50.0
김치찌개,된장,66,17,0.258,18.0,50.0
김치찌개,맛술,66,15,0.227,16.0,52.0
김치찌개,후춧가루,66,13,0.197,14.0,54.0
김치찌개,새우젓,66,13,0.197,14.0,54.0
김치찌개,식용유,66,12,0.182,13.0,55.0
김치찌개,소금,66,11,0.167,12.0,56.0
김치찌개,참치,66,10,0.152,11.0,57.0
김치찌개,고추,66,9,0.136,10.0,58.0
김치찌개,멸치,66,9,0.136,10.0,58.0
김치찌개,생강,66,7,0.106,8.0,60.0
김치찌개,꽁치,66,6,0.091,7.0,61.0
김치찌개,멸치액젓,66,5,0.076,6.0,62.0
김치찌개,고추장,66,5,0.076,6.0,62.0
김치찌개,김치국물,66,5,0.076,6.0,62.0
김치찌개,들기름,66,4,0.061,5.0,63.0
김치찌개,연두,66,3,0.045,4.0,64.0
김치찌개,햄,66,3,0.045,4.0,64.0
김치찌개,다시다,66,3,0.045,4.0,64.0
김치찌개,육수,66,2,0.03,3.0,65.0
김치찌개,다시마,66,2,0.03,3.0,65.0
김치찌개,굴소스,66,2,0.03,3.0,65.0
김치찌개,타바스코소스,66,1,0.015,2.0,66.0
김치찌개,낫또,66,1,0.015,2.0,66.0
김치찌개,토마토,66,1,0.015,2.0,66.0
김치찌개,깍두기국물,66,1,0.015,2.0,66.0
김치찌개,새우,66,1,0.015,2.0,66.0
김치찌개,사골,66,1,0.015,2.0,66.0
김치찌개,매실액,66,1,0.015,2.0,66.0
김치찌개,올리고당,66,1,0.015,2.0,66.0
김치찌개,계란,66,1,0.015,2.0,66.0
김치찌개,참지,66,1,0.015,2.0,66.0
김치찌개,소고기,66,1,0.015,2.0,66.0
김치찌개,식초,66,1,0.015,2.0,66.0
김치찌개,라면,66,1,0.015,2.0,66.0
김치찌개,베이컨,66,1,0.015,2.0,66.0
김치찌개,팽이버섯,66,1,0.015,2.0,66.0
김치찌개,닭고기,66,1,0.015,2.0,66.0
김치찌개,어묵,66,1,0.015,2.0,66.0
김치찌개,당면,66,1,0.015,2.0,66.0
깍두기,고춧가루,69,65,0.942,66.0,5.0
깍두기,마늘,69,58,0.841,59.0,12.0
깍두기,소금,69,57,0.826,58.0,13.0
깍두기,무,69,55,0.797,56.0,15.0
깍두기,멸치액젓,69,55,0.797,56.0,15.0
깍두기,설탕,69,39,0.565,40.0,31.0
깍두기,새우젓,69,34,0.493,35.0,36.0
깍두기,생강,69,31,0.449,32.0,39.0
깍두기,매실액,69,30,0.435,31.0,40.0
깍두기,쪽파,69,28,0.406,29.0,42.0
깍두기,양파,69,27,0.391,28.0,43.0
깍두기,대파,69,23,0.333,24.0,47.0
깍두기,물,69,15,0.217,16.0,55.0
깍두기,통깨,69,14,0.203,15.0,56.0
깍두기,사과,69,12,0.174,13.0,58.0
깍두기,밀가루,69,9,0.13,10.0,61.0
깍두기,밥,69,8,0.116,9.0,62.0
깍두기,간장,69,8,0.116,9.0,62.0
깍두기,올리고당,69,5,0.072,6.0,65.0
깍두기,배,69,5,0.072,6.0,65.0
깍두기,찹쌀풀,69,5,0.072,6.0,65.0
깍두기,부추,69,4,0.058,5.0,66.0
깍두기,찹쌀가루,69,4,0.058,5.0,66.0
깍두기,사이다,69,4,0.058,5.0,66.0
깍두기,뉴슈가,69,4,0.058,5.0,66.0
깍두기,식초,69,4,0.058,5.0,66.0
깍두기,깍두기,69,3,0.043,4.0,67.0
깍두기,오이,69,3,0.043,4.0,67.0
깍두기,식용유,69,3,0.043,4.0,67.0
깍두기,고추장,69,3,0.043,4.0,67.0
깍두기,참기름,69,3,0.043,4.0,67.0
깍두기,요구르트,69,3,0.043,4.0,67.0
깍두기,김,69,2,0.029,3.0,68.0
깍두기,열무,69,2,0.029,3.0,68.0
깍두기,감미료,69,2,0.029,3.0,68.0
깍두기,매실,69,2,0.029,3.0,68.0
깍두기,배즙,69,2,0.029,3.0,68.0
깍두기,콜라비,69,2,0.029,3.0,68.0
깍두기,새미네부엌깍두기양념,69,1,0.014,2.0,69.0
깍두기,두부,69,1,0.014,2.0,69.0
깍두기,연두,69,1,0.014,2.0,69.0
깍두기,고추기름,69,1,0.014,2.0,69.0
깍두기,꽃게,69,1,0.014,2.0,69.0
깍두기,돼지고기,69,1,0.014,2.0,69.0
깍두기,계란,69,1,0.014,2.0,69.0
깍두기,깍두기국물,69,1,0.014,2.0,69.0
깍두기,연근,69,1,0.014,2.0,69.0
깍두기,육수,69,1,0.014,2.0,69.0
깍두기,단감,69,1,0.014,2.0,69.0
깍두기,참외,69,1,0.014,2.0,69.0
깍두기,연어,69,1,0.014,2.0,69.0
깍두기,날치알,69,1,0.014,2.0,69.0
깍두기,마요네즈,69,1,0.014,2.0,69.0
깍두기,칠리소스,69,1,0.014,2.0,69.0
깍두기,레몬,69,1,0.014,2.0,69.0
깍두기,제피잎,69,1,0.014,2.0,69.0
깍두기,파프리카,69,1,0.014,2.0,69.0
깍두기,깍두기잘게썬,69,1,0.014,2.0,69.0
깍두기,기름,69,1,0.014,2.0,69.0
깍두기,후춧가루,69,1,0.014,2.0,69.0
깍두기,깍두기다진것,69,1,0.014,2.0,69.0
깍두기,햄,69,1,0.014,2.0,69.0
깍두기,오미자청,69,1,0.014,2.0,69.0
깍두기,고추,69,1,0.014,2.0,69.0
깍두기,쌀,69,1,0.014,2.0,69.0
깍두기,콩가루,69,1,0.014,2.0,69.0
깍두기,들깨,69,1,0.014,2.0,69.0
깍두기,멸치,69,1,0.014,2.0,69.0
깍두기,찹쌀,69,1,0.014,2.0,69.0
깍두기,비트,69,1,0.014,2.0,69.0
깍두기,소주,69,1,0.014,2.0,69.0
깍두기,풀,69,1,0.014,2.0,69.0
깻잎장아찌,깻잎,59,59,1.0,60.0,1.0
깻잎장아찌,간장,59,58,0.983,59.0,2.0
깻잎장아찌,물,59,39,0.661,40.0,21.0
깻잎장아찌,마늘,59,38,0.644,39.0,22.0
깻잎장아찌,식초,59,31,0.525,32.0,29.0
깻잎장아찌,설탕,59,31,0.525,32.0,29.0
깻잎장아찌,청양고추,59,28,0.475,29.0,32.0
깻잎장아찌,매실액,59,24,0.407,25.0,36.0
깻잎장아찌,고춧가루,59,21,0.356,22.0,39.0
깻잎장아찌,올리고당,59,18,0.305,19.0,42.0
깻잎장아찌,양파,59,17,0.288,18.0,43.0
깻잎장아찌,통깨,59,16,0.271,17.0,44.0
깻잎장아찌,고추,59,14,0.237,15.0,46.0
깻잎장아찌,대파,59,12,0.203,13.0,48.0
깻잎장아찌,멸치액젓,59,9,0.153,10.0,51.0
깻잎장아찌,소금,59,8,0.136,9.0,52.0
깻잎장아찌,멸치,59,8,0.136,9.0,52.0
깻잎장아찌,다시마,59,6,0.102,7.0,54.0
깻잎장아찌,당근,59,5,0.085,6.0,55.0
깻잎장아찌,생강,59,5,0.085,6.0,55.0
깻잎장아찌,참기름,59,4,0.068,5.0,56.0
깻잎장아찌,맛술,59,4,0.068,5.0,56.0
깻잎장아찌,소주,59,3,0.051,4.0,57.0
깻잎장아찌,매실,59,2,0.034,3.0,58.0
깻잎장아찌,쪽파,59,2,0.034,3.0,58.0
깻잎장아찌,육수,59,2,0.034,3.0,58.0
깻잎장아찌,원당,59,2,0.034,3.0,58.0
깻잎장아찌,누름돌,59,1,0.017,2.0,59.0
깻잎장아찌,후춧가루,59,1,0.017,2.0,59.0
깻잎장아찌,새우젓,59,1,0.017,2.0,59.0
깻잎장아찌,장아찌원액,59,1,0.017,2.0,59.0
깻잎장아찌,달임장물,59,1,0.017,2.0,59.0
깻잎장아찌,달래,59,1,0.017,2.0,59.0
깻잎장아찌,들기름,59,1,0.017,2.0,59.0
깻잎장아찌,잣,59,1,0.017,2.0,59.0
깻잎장아찌,레몬,59,1,0.017,2.0,59.0
깻잎장아찌,참치액,59,1,0.017,2.0,59.0
깻잎장아찌,새송이버섯,59,1,0.017,2.0,59.0
깻잎장아찌,홍초,59,1,0.017,2.0,59.0
깻잎장아찌,베이킹소다,59,1,0.017,2.0,59.0
깻잎장아찌,다시물,59,1,0.017,2.0,59.0
깻잎장아찌,느타리버섯,59,1,0.017,2.0,59.0
깻잎장아찌,밤,59,1,0.017,2.0,59.0
꿀떡,떡,59,37,0.627,38.0,23.0
꿀떡,꿀,59,32,0.542,33.0,28.0
꿀떡,간장,59,27,0.458,28.0,33.0
꿀떡,설탕,59,26,0.441,27.0,34.0
꿀떡,물,59,23,0.39,24.0,37.0
꿀떡,통깨,59,21,0.356,22.0,39.0
꿀떡,올리고당,59,16,0.271,17.0,44.0
꿀떡,참기름,59,15,0.254,16.0,45.0
꿀떡,식용유,59,15,0.254,16.0,45.0
꿀떡,소금,59,10,0.169,11.0,50.0
꿀떡,마늘,59,9,0.153,10.0,51.0
꿀떡,찹쌀가루,59,8,0.136,9.0,52.0
꿀떡,계피,59,8,0.136,9.0,52.0
꿀떡,견과류,59,7,0.119,8.0,53.0
꿀떡,치즈,59,7,0.119,8.0,53.0
꿀떡,대파,59,6,0.102,7.0,54.0
꿀떡,고추장,59,6,0.102,7.0,54.0
꿀떡,양파,59,4,0.068,5.0,56.0
꿀떡,땅콩,59,4,0.068,5.0,56.0
꿀떡,버터,59,4,0.068,5.0,56.0
꿀떡,어묵,59,4,0.068,5.0,56.0
꿀떡,아몬드,59,4,0.068,5.0,56.0
꿀떡,소시지,59,4,0.068,5.0,56.0
꿀떡,들기름,59,3,0.051,4.0,57.0
꿀떡,파슬리,59,3,0.051,4.0,57.0
꿀떡,멥쌀가루,59,3,0.051,4.0,57.0
꿀떡,호두,59,3,0.051,4.0,57.0
꿀떡,고구마,59,2,0.034,3.0,58.0
꿀떡,밀가루,59,2,0.034,3.0,58.0
꿀떡,우유,59,2,0.034,3.0,58.0
꿀떡,고춧가루,59,2,0.034,3.0,58.0
꿀떡,당근,59,2,0.034,3.0,58.0
꿀떡,감자,59,2,0.034,3.0,58.0
꿀떡,베이컨,59,2,0.034,3.0,58.0
꿀떡,해바라기씨,59,2,0.034,3.0,58.0
꿀떡,천연색소,59,2,0.034,3.0,58.0
꿀떡,녹차가루,59,2,0.034,3.0,58.0
꿀떡,복숭아,59,2,0.034,3.0,58.0
꿀떡,사과,59,2,0.034,3.0,58.0
꿀떡,라이스페이퍼,59,2,0.034,3.0,58.0
꿀떡,밀떡,59,2,0.034,3.0,58.0
꿀떡,피망,59,2,0.034,3.0,58.0
꿀떡,핫소스,59,2,0.034,3.0,58.0
꿀떡,찹쌀,59,1,0.017,2.0,59.0
꿀떡,조개,59,1,0.017,2.0,59.0
꿀떡,애호박,59,1,0.017,2.0,59.0
꿀떡,표고버섯,59,1,0.017,2.0,59.0
꿀떡,멸치,59,1,0.017,2.0,59.0
꿀떡,된장,59,1,0.017,2.0,59.0
꿀떡,청양고추,59,1,0.017,2.0,59.0
꿀떡,고추,59,1,0.017,2.0,59.0
꿀떡,호떡믹스,59,1,0.017,2.0,59.0
꿀떡,계란,59,1,0.017,2.0,59.0
꿀떡,양배추,59,1,0.017,2.0,59.0
꿀떡,송편,59,1,0.017,2.0,59.0
꿀떡,꼬챙이,59,1,0.017,2.0,59.0
꿀떡,메추리알,59,1,0.017,2.0,59.0
꿀떡,육수,59,1,0.017,2.0,59.0
꿀떡,만두,59,1,0.017,2.0,59.0
꿀떡,맛술,59,1,0.017,2.0,59.0
꿀떡,샐러드,59,1,0.017,2.0,59.0
꿀떡,머스터드소스,59,1,0.017,2.0,59.0
꿀떡,스테이크소스,59,1,0.017,2.0,59.0
꿀떡,원당,59,1,0.017,2.0,59.0
꿀떡,쪽파,59,1,0.017,2.0,59.0
꿀떡,케첩,59,1,0.017,2.0,59.0
꿀떡,우스터소스,59,1,0.017,2.0,59.0
꿀떡,올리브,59,1,0.017,2.0,59.0
꿀떡,브라질너트,59,1,0.017,2.0,59.0
꿀떡,전분,59,1,0.017,2.0,59.0
꿀떡,후춧가루,59,1,0.017,2.0,59.0
꿀떡,맛살,59,1,0.017,2.0,59.0
꿀떡,팽이버섯,59,1,0.017,2.0,59.0
꿀떡,배,59,1,0.017,2.0,59.0
꿀떡,옥수수,59,1,0.017,2.0,59.0
꿀떡,절편,59,1,0.017,2.0,59.0
꿀떡,기름,59,1,0.017,2.0,59.0
꿀떡,누룽지,59,1,0.017,2.0,59.0
꿀떡,파스타소스,59,1,0.017,2.0,59.0
꿀떡,유자청,59,1,0.017,2.0,59.0
꿀떡,페페론치노,59,1,0.017,2.0,59.0
꿀떡,토마토,59,1,0.017,2.0,59.0
나박김치,소금,58,56,0.966,57.0,3.0
나박김치,마늘,58,56,0.966,57.0,3.0
나박김치,무,58,54,0.931,55.0,5.0
나박김치,배추,58,51,0.879,52.0,8.0
나박김치,고춧가루,58,44,0.759,45.0,15.0
나박김치,물,58,43,0.741,44.0,16.0
나박김치,생강,58,42,0.724,43.0,17.0
나박김치,쪽파,58,38,0.655,39.0,21.0
나박김치,고추,58,36,0.621,37.0,23.0
나박김치,배,58,29,0.5,30.0,30.0
나박김치,양파,58,26,0.448,27.0,33.0
나박김치,설탕,58,23,0.397,24.0,36.0
나박김치,당근,58,21,0.362,22.0,38.0
나박김치,사과,58,19,0.328,20.0,40.0
나박김치,대파,58,17,0.293,18.0,42.0
나박김치,멸치액젓,58,17,0.293,18.0,42.0
나박김치,오이,58,16,0.276,17.0,43.0
나박김치,매실액,58,16,0.276,17.0,43.0
나박김치,미나리,58,13,0.224,14.0,46.0
나박김치,청양고추,58,10,0.172,11.0,49.0
나박김치,찹쌀가루,58,8,0.138,9.0,51.0
나박김치,배즙,58,5,0.086,6.0,54.0
나박김치,새우젓,58,5,0.086,6.0,54.0
나박김치,뉴슈가,58,5,0.086,6.0,54.0
나박김치,찹쌀풀,58,4,0.069,5.0,55.0
나박김치,식초,58,3,0.052,4.0,56.0
나박김치,밥,58,3,0.052,4.0,56.0
나박김치,파프리카,58,3,0.052,4.0,56.0
나박김치,다시마,58,2,0.034,3.0,57.0
나박김치,콜라비,58,2,0.034,3.0,57.0
나박김치,육수,58,2,0.034,3.0,57.0
나박김치,조미료,58,2,0.034,3.0,57.0
나박김치,통깨,58,2,0.034,3.0,57.0
나박김치,올리고당,58,2,0.034,3.0,57.0
나박김치,멸치,58,2,0.034,3.0,57.0
나박김치,찹쌀,58,2,0.034,3.0,57.0
나박김치,다시백,58,1,0.017,2.0,58.0
나박김치,얼갈이,58,1,0.017,2.0,58.0
나박김치,래디시,58,1,0.017,2.0,58.0
나박김치,밤,58,1,0.017,2.0,58.0
나박김치,석류,58,1,0.017,2.0,58.0
나박김치,다물,58,1,0.017,2.0,58.0
나박김치,매실,58,1,0.017,2.0,58.0
나박김치,뉴슈거,58,1,0.017,2.0,58.0
나박김치,밀가루,58,1,0.017,2.0,58.0
나박김치,꿀,58,1,0.017,2.0,58.0
나박김치,쌀,58,1,0.017,2.0,58.0
나박김치,다시팩,58,1,0.017,2.0,58.0
나박김치,비트,58,1,0.017,2.0,58.0
나박김치,뉴수가,58,1,0.017,2.0,58.0
나박김치,표고버섯,58,1,0.017,2.0,58.0
나박김치,채수,58,1,0.017,2.0,58.0
나박김치,산야초효소,58,1,0.017,2.0,58.0
나박김치,오미자청,58,1,0.017,2.0,58.0
나박김치,감자,58,1,0.017,2.0,58.0
나박김치,죽염,58,1,0.017,2.0,58.0
나박김치,신화당,58,1,0.017,2.0,58.0
나박김치,실한천,58,1,0.017,2.0,58.0
나박김치,스위트,58,1,0.017,2.0,58.0
나박김치,인삼,58,1,0.017,2.0,58.0
닭갈비,닭고기,65,64,0.985,65.0,2.0
닭갈비,간장,65,61,0.938,62.0,5.0
닭갈비,마늘,65,61,0.938,62.0,5.0
닭갈비,고춧가루,65,59,0.908,60.0,7.0
닭갈비,양배추,65,58,0.892,59.0,8.0
닭갈비,고추장,65,58,0.892,59.0,8.0
닭갈비,양파,65,57,0.877,58.0,9.0
닭갈비,설탕,65,51,0.785,52.0,15.0
닭갈비,맛술,65,49,0.754,50.0,17.0
닭갈비,후춧가루,65,47,0.723,48.0,19.0
닭갈비,대파,65,45,0.692,46.0,21.0
닭갈비,깻잎,65,44,0.677,45.0,22.0
닭갈비,고구마,65,36,0.554,37.0,30.0
닭갈비,참기름,65,35,0.538,36.0,31.0
닭갈비,떡,65,33,0.508,34.0,33.0
닭갈비,당근,65,25,0.385,26.0,41.0
닭갈비,카레가루,65,24,0.369,25.0,42.0
닭갈비,올리고당,65,22,0.338,23.0,44.0
닭갈비,청양고추,65,22,0.338,23.0,44.0
닭갈비,감자,65,16,0.246,17.0,50.0
닭갈비,소금,65,14,0.215,15.0,52.0
닭갈비,생강,65,14,0.215,15.0,52.0
닭갈비,통깨,65,14,0.215,15.0,52.0
닭갈비,고추,65,12,0.185,13.0,54.0
닭갈비,식용유,65,10,0.154,11.0,56.0
닭갈비,우유,65,10,0.154,11.0,56.0
닭갈비,치즈,65,8,0.123,9.0,58.0
닭갈비,매실액,65,6,0.092,7.0,60.0
닭갈비,물,65,5,0.077,6.0,61.0
닭갈비,쪽파,65,4,0.062,5.0,62.0
닭갈비,들기름,65,4,0.062,5.0,62.0
닭갈비,소주,65,4,0.062,5.0,62.0
닭갈비,김,65,4,0.062,5.0,62.0
닭갈비,연두,65,3,0.046,4.0,63.0
닭갈비,굴소스,65,3,0.046,4.0,63.0
닭갈비,버섯,65,3,0.046,4.0,63.0
닭갈비,당면,65,3,0.046,4.0,63.0
닭갈비,밥,65,3,0.046,4.0,63.0
닭갈비,사과,65,3,0.046,4.0,63.0
닭갈비,고추기름,65,2,0.031,3.0,64.0
닭갈비,배추김치,65,2,0.031,3.0,64.0
닭갈비,꿀,65,2,0.031,3.0,64.0
닭갈비,우동면,65,1,0.015,2.0,65.0
닭갈비,채소,65,1,0.015,2.0,65.0
닭갈비,참치액,65,1,0.015,2.0,65.0
닭갈비,다시다,65,1,0.015,2.0,65.0
닭갈비,멸치,65,1,0.015,2.0,65.0
닭갈비,멸치액젓,65,1,0.015,2.0,65.0
닭갈비,새송이버섯,65,1,0.015,2.0,65.0
닭갈비,춘장,65,1,0.015,2.0,65.0
닭갈비,땅콩,65,1,0.015,2.0,65.0
닭갈비,복숭아,65,1,0.015,2.0,65.0
닭갈비,계란,65,1,0.015,2.0,65.0
닭갈비,고추냉이,65,1,0.015,2.0,65.0
닭갈비,청경채,65,1,0.015,2.0,65.0
닭갈비,냉이,65,1,0.015,2.0,65.0
닭갈비,국수,65,1,0.015,2.0,65.0
닭갈비,된장,65,1,0.015,2.0,65.0
닭갈비,달래,65,1,0.015,2.0,65.0
닭갈비,어묵,65,1,0.015,2.0,65.0
닭갈비,라면,65,1,0.015,2.0,65.0
닭갈비,배,65,1,0.015,2.0,65.0
닭갈비,파프리카,65,1,0.015,2.0,65.0
동그랑땡,계란,62,53,0.855,54.0,10.0
동그랑땡,후춧가루,62,52,0.839,53.0,11.0
동그랑땡,돼지고기,62,51,0.823,52.0,12.0
동그랑땡,두부,62,49,0.79,50.0,14.0
동그랑땡,소금,62,49,0.79,50.0,14.0
동그랑땡,양파,62,48,0.774,49.0,15.0
동그랑땡,당근,62,45,0.726,46.0,18.0
동그랑땡,마늘,62,38,0.613,39.0,25.0
동그랑땡,대파,62,32,0.516,33.0,31.0
동그랑땡,식용유,62,27,0.435,28.0,36.0
동그랑땡,참기름,62,26,0.419,27.0,37.0
동그랑땡,밀가루,62,25,0.403,26.0,38.0
동그랑땡,부침가루,62,19,0.306,20.0,44.0
동그랑땡,맛술,62,18,0.29,19.0,45.0
동그랑땡,간장,62,15,0.242,16.0,48.0
동그랑땡,생강,62,13,0.21,14.0,50.0
동그랑땡,통깨,62,11,0.177,12.0,52.0
동그랑땡,소고기,62,10,0.161,11.0,53.0
동그랑땡,부추,62,9,0.145,10.0,54.0
동그랑땡,깻잎,62,9,0.145,10.0,54.0
동그랑땡,청양고추,62,9,0.145,10.0,54.0
동그랑땡,고추,62,7,0.113,8.0,56.0
동그랑땡,설탕,62,7,0.113,8.0,56.0
동그랑땡,쪽파,62,7,0.113,8.0,56.0
동그랑땡,전분,62,6,0.097,7.0,57.0
동그랑땡,애호박,62,5,0.081,6.0,58.0
동그랑땡,표고버섯,62,5,0.081,6.0,58.0
동그랑땡,물,62,4,0.065,5.0,59.0
동그랑땡,빵가루,62,4,0.065,5.0,59.0
동그랑땡,동그랑땡,62,3,0.048,4.0,60.0
동그랑땡,굴소스,62,3,0.048,4.0,60.0
동그랑땡,파프리카,62,3,0.048,4.0,60.0
동그랑땡,기름,62,3,0.048,4.0,60.0
동그랑땡,버섯,62,3,0.048,4.0,60.0
동그랑땡,케첩,62,3,0.048,4.0,60.0
동그랑땡,새송이버섯,62,2,0.032,3.0,61.0
동그랑땡,들기름,62,2,0.032,3.0,61.0
동그랑땡,피망,62,2,0.032,3.0,61.0
동그랑땡,빵,62,1,0.016,2.0,62.0
동그랑땡,토마토,62,1,0.016,2.0,62.0
동그랑땡,오이,62,1,0.016,2.0,62.0
동그랑땡,채소,62,1,0.016,2.0,62.0
동그랑땡,마요네즈,62,1,0.016,2.0,62.0
동그랑땡,올리고당,62,1,0.016,2.0,62.0
동그랑땡,강황가루,62,1,0.016,2.0,62.0
동그랑땡,완자,62,1,0.016,2.0,62.0
동그랑땡,청경채,62,1,0.016,2.0,62.0
동그랑땡,양송이버섯,62,1,0.016,2.0,62.0
동그랑땡,다시마,62,1,0.016,2.0,62.0
동그랑땡,지퍼팩,62,1,0.016,2.0,62.0
동그랑땡,부품,62,1,0.016,2.0,62.0
동그랑땡,양배추,62,1,0.016,2.0,62.0
동그랑땡,찹쌀가루,62,1,0.016,2.0,62.0
동그랑땡,파래,62,1,0.016,2.0,62.0
동그랑땡,느타리버섯,62,1,0.016,2.0,62.0
동그랑땡,참치,62,1,0.016,2.0,62.0
동그랑땡,소주,62,1,0.016,2.0,62.0
동그랑땡,새우젓,62,1,0.016,2.0,62.0
동그랑땡,밥,62,1,0.016,2.0,62.0
동그랑땡,매실액,62,1,0.016,2.0,62.0
동그랑땡,동그랑땡반죽,62,1,0.016,2.0,62.0
동그랑땡,각종야채,62,1,0.016,2.0,62.0
동그랑땡,죽염,62,1,0.016,2.0,62.0
동그랑땡,팽이버섯,62,1,0.016,2.0,62.0
동그랑땡,햄,62,1,0.016,2.0,62.0
동그랑땡,치즈,62,1,0.016,2.0,62.0
동그랑땡,고추장,62,1,0.016,2.0,62.0
동그랑땡,멸치액젓,62,1,0.016,2.0,62.0
동그랑땡,숙주,62,1,0.016,2.0,62.0
동그랑땡,만두,62,1,0.016,2.0,62.0
동그랑땡,마,62,1,0.016,2.0,62.0
동그랑땡,백년초가루색이나올,62,1,0.016,2.0,62.0
동그랑땡,배추김치,62,1,0.016,2.0,62.0
동그랑땡,식초,62,1,0.016,2.0,62.0
동그랑땡,목이버섯,62,1,0.016,2.0,62.0
동그랑땡,우스타소스,62,1,0.016,2.0,62.0
동그랑땡,스테이크소스,62,1,0.016,2.0,62.0
동그랑땡,아몬드,62,1,0.016,2.0,62.0
동그랑땡,인삼,62,1,0.016,2.0,62.0
동그랑땡,파슬리,62,1,0.016,2.0,62.0
된장찌개,된장,79,76,0.962,77.0,4.0
된장찌개,두부,79,72,0.911,73.0,8.0
된장찌개,애호박,79,67,0.848,68.0,13.0
된장찌개,양파,79,66,0.835,67.0,14.0
된장찌개,대파,79,61,0.772,62.0,19.0
된장찌개,청양고추,79,56,0.709,57.0,24.0
된장찌개,마늘,79,55,0.696,56.0,25.0
된장찌개,고춧가루,79,53,0.671,54.0,27.0
된장찌개,감자,79,39,0.494,40.0,41.0
된장찌개,멸치,79,37,0.468,38.0,43.0
된장찌개,고추,79,24,0.304,25.0,56.0
된장찌개,물,79,21,0.266,22.0,59.0
된장찌개,고추장,79,19,0.241,20.0,61.0
된장찌개,무,79,18,0.228,19.0,62.0
된장찌개,표고버섯,79,13,0.165,14.0,67.0
된장찌개,쌀뜨물,79,13,0.165,14.0,67.0
된장찌개,버섯,79,12,0.152,13.0,68.0
된장찌개,소고기,79,11,0.139,12.0,69.0
된장찌개,돼지고기,79,9,0.114,10.0,71.0
된장찌개,팽이버섯,79,8,0.101,9.0,72.0
된장찌개,간장,79,8,0.101,9.0,72.0
된장찌개,느타리버섯,79,8,0.101,9.0,72.0
된장찌개,설탕,79,8,0.101,9.0,72.0
된장찌개,다시마,79,8,0.101,9.0,72.0
된장찌개,소금,79,6,0.076,7.0,74.0
된장찌개,연두,79,4,0.051,5.0,76.0
된장찌개,새송이버섯,79,4,0.051,5.0,76.0
된장찌개,바지락,79,4,0.051,5.0,76.0
된장찌개,냉이,79,3,0.038,4.0,77.0
된장찌개,맛술,79,3,0.038,4.0,77.0
된장찌개,후춧가루,79,3,0.038,4.0,77.0
된장찌개,꽃게,79,3,0.038,4.0,77.0
된장찌개,참기름,79,3,0.038,4.0,77.0
된장찌개,꿀,79,3,0.038,4.0,77.0
된장찌개,육수,79,2,0.025,3.0,78.0
된장찌개,식용유,79,2,0.025,3.0,78.0
된장찌개,청국장,79,2,0.025,3.0,78.0
된장찌개,선택사항,79,1,0.013,2.0,79.0
된장찌개,찌개용손질야채,79,1,0.013,2.0,79.0
된장찌개,가리비,79,1,0.013,2.0,79.0
된장찌개,미더덕,79,1,0.013,2.0,79.0
된장찌개,손질갈치,79,1,0.013,2.0,79.0
된장찌개,배추김치,79,1,0.013,2.0,79.0
된장찌개,김치국물,79,1,0.013,2.0,79.0
된장찌개,새송이,79,1,0.013,2.0,79.0
된장찌개,해물,79,1,0.013,2.0,79.0
된장찌개,당면,79,1,0.013,2.0,79.0
된장찌개,조개,79,1,0.013,2.0,79.0
된장찌개,양송이버섯,79,1,0.013,2.0,79.0
된장찌개,새우,79,1,0.013,2.0,79.0
된장찌개,달래,79,1,0.013,2.0,79.0
된장찌개,다시다,79,1,0.013,2.0,79.0
떡꼬치,고추장,61,60,0.984,61.0,2.0
떡꼬치,떡,61,56,0.918,57.0,6.0
떡꼬치,케첩,61,56,0.918,57.0,6.0
떡꼬치,올리고당,61,48,0.787,49.0,14.0
떡꼬치,설탕,61,42,0.689,43.0,20.0
떡꼬치,간장,61,40,0.656,41.0,22.0
떡꼬치,마늘,61,40,0.656,41.0,22.0
떡꼬치,식용유,61,30,0.492,31.0,32.0
떡꼬치,물,61,18,0.295,19.0,44.0
떡꼬치,통깨,61,12,0.197,13.0,50.0
떡꼬치,맛술,61,9,0.148,10.0,53.0
떡꼬치,후춧가루,61,9,0.148,10.0,53.0
떡꼬치,참기름,61,9,0.148,10.0,53.0
떡꼬치,고춧가루,61,9,0.148,10.0,53.0
떡꼬치,땅콩,61,8,0.131,9.0,54.0
떡꼬치,파슬리,61,5,0.082,6.0,57.0
떡꼬치,소시지,61,4,0.066,5.0,58.0
떡꼬치,밀떡,61,4,0.066,5.0,58.0
떡꼬치,꿀,61,4,0.066,5.0,58.0
떡꼬치,견과류,61,3,0.049,4.0,59.0
떡꼬치,칠리소스,61,3,0.049,4.0,59.0
떡꼬치,소금,61,3,0.049,4.0,59.0
떡꼬치,베이컨,61,2,0.033,3.0,60.0
떡꼬치,파프리카,61,2,0.033,3.0,60.0
떡꼬치,치즈,61,2,0.033,3.0,60.0
떡꼬치,꼬치,61,2,0.033,3.0,60.0
떡꼬치,버터,61,2,0.033,3.0,60.0
떡꼬치,기름,61,2,0.033,3.0,60.0
떡꼬치,양파,61,2,0.033,3.0,60.0
떡꼬치,대파,61,2,0.033,3.0,60.0
떡꼬치,잣,61,2,0.033,3.0,60.0
떡꼬치,잼,61,2,0.033,3.0,60.0
떡꼬치,매실액,61,2,0.033,3.0,60.0
떡꼬치,머스터드소스,61,1,0.016,2.0,61.0
떡꼬치,마요네즈,61,1,0.016,2.0,61.0
떡꼬치,아몬드,61,1,0.016,2.0,61.0
떡꼬치,생강,61,1,0.016,2.0,61.0
떡꼬치,식초,61,1,0.016,2.0,61.0
떡꼬치,전분,61,1,0.016,2.0,61.0
떡꼬치,꼬지용나무꼬지,61,1,0.016,2.0,61.0
떡꼬치,햄,61,1,0.016,2.0,61.0
떡꼬치,나무꼬지,61,1,0.016,2.0,61.0
떡꼬치,케챂,61,1,0.016,2.0,61.0
떡꼬치,케쳡,61,1,0.016,2.0,61.0
떡꼬치,페이퍼,61,1,0.016,2.0,61.0
떡꼬치,알룰로스,61,1,0.016,2.0,61.0
떡꼬치,밀가루,61,1,0.016,2.0,61.0
떡꼬치,멸치,61,1,0.016,2.0,61.0
떡꼬치,대나무잎,61,1,0.016,2.0,61.0
떡꼬치,콜라,61,1,0.016,2.0,61.0
떡꼬치,들기름,61,1,0.016,2.0,61.0
떡만두국,간장,207,124,0.599,125.0,84.0
떡만두국,마늘,207,116,0.56,117.0,92.0
떡만두국,대파,207,115,0.556,116.0,93.0
떡만두국,소금,207,113,0.546,114.0,95.0
떡만두국,떡,207,109,0.527,110.0,99.0
떡만두국,후춧가루,207,98,0.473,99.0,110.0
떡만두국,물,207,83,0.401,84.0,125.0
떡만두국,계란,207,78,0.377,79.0,130.0
떡만두국,설탕,207,78,0.377,79.0,130.0
떡만두국,참기름,207,68,0.329,69.0,140.0
떡만두국,양파,207,61,0.295,62.0,147.0
떡만두국,만두,207,59,0.285,60.0,149.0
떡만두국,멸치,207,53,0.256,54.0,155.0
떡만두국,맛술,207,48,0.232,49.0,160.0
떡만두국,식용유,207,48,0.232,49.0,160.0
떡만두국,고춧가루,207,38,0.184,39.0,170.0
떡만두국,올리고당,207,35,0.169,36.0,173.0
떡만두국,통깨,207,33,0.159,34.0,175.0
떡만두국,소고기,207,31,0.15,32.0,177.0
떡만두국,다시마,207,31,0.15,32.0,177.0
떡만두국,김,207,30,0.145,31.0,178.0
떡만두국,버섯,207,28,0.135,29.0,180.0
떡만두국,표고버섯,207,27,0.13,28.0,181.0
떡만두국,치즈,207,23,0.111,24.0,185.0
떡만두국,고추장,207,23,0.111,24.0,185.0
떡만두국,당근,207,23,0.111,24.0,185.0
떡만두국,청양고추,207,23,0.111,24.0,185.0
떡만두국,우유,207,19,0.092,20.0,189.0
떡만두국,식초,207,17,0.082,18.0,191.0
떡만두국,무,207,16,0.077,17.0,192.0
떡만두국,애호박,207,15,0.072,16.0,193.0
떡만두국,생강,207,15,0.072,16.0,193.0
떡만두국,사골,207,15,0.072,16.0,193.0
떡만두국,배추김치,207,15,0.072,16.0,193.0
떡만두국,고추,207,14,0.068,15.0,194.0
떡만두국,멸치액젓,207,14,0.068,15.0,194.0
떡만두국,닭고기,207,13,0.063,14.0,195.0
떡만두국,돼지고기,207,13,0.063,14.0,195.0
떡만두국,굴소스,207,12,0.058,13.0,196.0
떡만두국,어묵,207,12,0.058,13.0,196.0
떡만두국,버터,207,12,0.058,13.0,196.0
떡만두국,찹쌀가루,207,12,0.058,13.0,196.0
떡만두국,느타리버섯,207,11,0.053,12.0,197.0
떡만두국,두부,207,11,0.053,12.0,197.0
떡만두국,파슬리,207,10,0.048,11.0,198.0
떡만두국,새우,207,10,0.048,11.0,198.0
떡만두국,청경채,207,10,0.048,11.0,198.0
떡만두국,카레가루,207,10,0.048,11.0,198.0
떡만두국,밀가루,207,10,0.048,11.0,198.0
떡만두국,전분,207,10,0.048,11.0,198.0
떡만두국,감자,207,9,0.043,10.0,199.0
떡만두국,배추,207,9,0.043,10.0,199.0
떡만두국,부추,207,9,0.043,10.0,199.0
떡만두국,마요네즈,207,9,0.043,10.0,199.0
떡만두국,토마토,207,8,0.039,9.0,200.0
떡만두국,양배추,207,8,0.039,9.0,200.0
떡만두국,파프리카,207,8,0.039,9.0,200.0
떡만두국,쪽파,207,8,0.039,9.0,200.0
떡만두국,레몬,207,8,0.039,9.0,200.0
떡만두국,베이컨,207,7,0.034,8.0,201.0
떡만두국,케첩,207,7,0.034,8.0,201.0
떡만두국,미나리,207,7,0.034,8.0,201.0
떡만두국,밥,207,7,0.034,8.0,201.0
떡만두국,밤,207,6,0.029,7.0,202.0
떡만두국,소시지,207,6,0.029,7.0,202.0
떡만두국,깻잎,207,6,0.029,7.0,202.0
떡만두국,고추냉이,207,6,0.029,7.0,202.0
떡만두국,팽이버섯,207,5,0.024,6.0,203.0
떡만두국,잣,207,5,0.024,6.0,203.0
떡만두국,생크림,207,5,0.024,6.0,203.0
떡만두국,들깨,207,5,0.024,6.0,203.0
떡만두국,견과류,207,5,0.024,6.0,203.0
떡만두국,된장,207,5,0.024,6.0,203.0
떡만두국,숙주,207,5,0.024,6.0,203.0
떡만두국,참치,207,5,0.024,6.0,203.0
떡만두국,쌀,207,5,0.024,6.0,203.0
떡만두국,새송이버섯,207,5,0.024,6.0,203.0
떡만두국,들기름,207,5,0.024,6.0,203.0
떡만두국,굴,207,4,0.019,5.0,204.0
떡만두국,계피,207,4,0.019,5.0,204.0
떡만두국,연유,207,4,0.019,5.0,204.0
떡만두국,팥,207,4,0.019,5.0,204.0
떡만두국,우엉,207,4,0.019,5.0,204.0
떡만두국,찹쌀,207,4,0.019,5.0,204.0
떡만두국,대추,207,4,0.019,5.0,204.0
떡만두국,오이,207,4,0.019,5.0,204.0
떡만두국,참치액,207,4,0.019,5.0,204.0
떡만두국,오징어,207,3,0.014,4.0,205.0
떡만두국,호두,207,3,0.014,4.0,205.0
떡만두국,브로콜리,207,3,0.014,4.0,205.0
떡만두국,당면,207,3,0.014,4.0,205.0
떡만두국,콩나물,207,3,0.014,4.0,205.0
떡만두국,시금치,207,3,0.014,4.0,205.0
떡만두국,기름,207,3,0.014,4.0,205.0
떡만두국,겨자,207,3,0.014,4.0,205.0
떡만두국,꿀,207,3,0.014,4.0,205.0
떡만두국,햄,207,3,0.014,4.0,205.0
떡만두국,채소,207,3,0.014,4.0,205.0
떡만두국,다시다,207,3,0.014,4.0,205.0
떡만두국,육수,207,3,0.014,4.0,205.0
떡만두국,옥수수,207,2,0.01,3.0,206.0
떡만두국,토르티야,207,2,0.01,3.0,206.0
떡만두국,땅콩,207,2,0.01,3.0,206.0
떡만두국,배즙,207,2,0.01,3.0,206.0
떡만두국,호떡믹스,207,2,0.01,3.0,206.0
떡만두국,이스트,207,2,0.01,3.0,206.0
떡만두국,월계수잎,207,2,0.01,3.0,206.0
떡만두국,갈비,207,2,0.01,3.0,206.0
떡만두국,유부,207,2,0.01,3.0,206.0
떡만두국,라이스페이퍼,207,2,0.01,3.0,206.0
떡만두국,베이킹파우더,207,2,0.01,3.0,206.0
떡만두국,콩,207,2,0.01,3.0,206.0
떡만두국,명란젓,207,2,0.01,3.0,206.0
떡만두국,콩가루,207,2,0.01,3.0,206.0
떡만두국,은행,207,2,0.01,3.0,206.0
떡만두국,고구마,207,2,0.01,3.0,206.0
떡만두국,달래,207,2,0.01,3.0,206.0
떡만두국,타임,207,2,0.01,3.0,206.0
떡만두국,쭈꾸미,207,2,0.01,3.0,206.0
떡만두국,녹두,207,2,0.01,3.0,206.0
떡만두국,멥쌀가루,207,2,0.01,3.0,206.0
떡만두국,밀전분,207,2,0.01,3.0,206.0
떡만두국,술,207,2,0.01,3.0,206.0
떡만두국,매실액,207,2,0.01,3.0,206.0
떡만두국,상추,207,2,0.01,3.0,206.0
떡만두국,우스터소스,207,2,0.01,3.0,206.0
떡만두국,전복,207,2,0.01,3.0,206.0
떡만두국,양송이버섯,207,2,0.01,3.0,206.0
떡만두국,바질,207,2,0.01,3.0,206.0
떡만두국,인삼,207,2,0.01,3.0,206.0
떡만두국,두반장,207,2,0.01,3.0,206.0
떡만두국,파스타면,207,2,0.01,3.0,206.0
떡만두국,곤약,207,2,0.01,3.0,206.0
떡만두국,슈가파우더,207,2,0.01,3.0,206.0
떡만두국,바지락,207,2,0.01,3.0,206.0
떡만두국,냉이,207,2,0.01,3.0,206.0
떡만두국,연근,207,2,0.01,3.0,206.0
떡만두국,튀김가루,207,2,0.01,3.0,206.0
떡만두국,낙지,207,2,0.01,3.0,206.0
떡만두국,국수,207,2,0.01,3.0,206.0
떡만두국,단무지,207,2,0.01,3.0,206.0
떡만두국,맛살,207,2,0.01,3.0,206.0
떡만두국,누룽지,207,1,0.005,2.0,207.0
떡만두국,피망,207,1,0.005,2.0,207.0
떡만두국,목이버섯,207,1,0.005,2.0,207.0
떡만두국,머스터드소스,207,1,0.005,2.0,207.0
떡만두국,매생이,207,1,0.005,2.0,207.0
떡만두국,메추리알,207,1,0.005,2.0,207.0
떡만두국,춘장,207,1,0.005,2.0,207.0
떡만두국,체리,207,1,0.005,2.0,207.0
떡만두국,완두콩,207,1,0.005,2.0,207.0
떡만두국,크랜베리,207,1,0.005,2.0,207.0
떡만두국,날치알,207,1,0.005,2.0,207.0
떡만두국,사과,207,1,0.005,2.0,207.0
떡만두국,비트,207,1,0.005,2.0,207.0
떡만두국,시래기,207,1,0.005,2.0,207.0
떡만두국,소송채,207,1,0.005,2.0,207.0
떡만두국,메밀면,207,1,0.005,2.0,207.0
떡만두국,산마간것,207,1,0.005,2.0,207.0
떡만두국,낫토,207,1,0.005,2.0,207.0
떡만두국,토란,207,1,0.005,2.0,207.0
떡만두국,적앙금,207,1,0.005,2.0,207.0
떡만두국,꼬치,207,1,0.005,2.0,207.0
떡만두국,칠리소스,207,1,0.005,2.0,207.0
떡만두국,배,207,1,0.005,2.0,207.0
떡만두국,청포도,207,1,0.005,2.0,207.0
떡만두국,적포도,207,1,0.005,2.0,207.0
떡만두국,칼라만시액,207,1,0.005,2.0,207.0
떡만두국,피클링스파이스,207,1,0.005,2.0,207.0
떡만두국,샤미,207,1,0.005,2.0,207.0
떡만두국,대나무잎,207,1,0.005,2.0,207.0
떡만두국,네잎클로버,207,1,0.005,2.0,207.0
떡만두국,비타민,207,1,0.005,2.0,207.0
떡만두국,청국장,207,1,0.005,2.0,207.0
떡만두국,페페론치노,207,1,0.005,2.0,207.0
떡만두국,봄동,207,1,0.005,2.0,207.0
떡만두국,유자청,207,1,0.005,2.0,207.0
떡만두국,고사리,207,1,0.005,2.0,207.0
떡만두국,마,207,1,0.005,2.0,207.0
떡만두국,베이크드빈스,207,1,0.005,2.0,207.0
떡만두국,라면,207,1,0.005,2.0,207.0
떡만두국,치커리,207,1,0.005,2.0,207.0
떡만두국,허브가루,207,1,0.005,2.0,207.0
떡만두국,오렌지,207,1,0.005,2.0,207.0
떡만두국,셀러리,207,1,0.005,2.0,207.0
떡만두국,식용꽃,207,1,0.005,2.0,207.0
떡만두국,와인,207,1,0.005,2.0,207.0
떡만두국,세이지,207,1,0.005,2.0,207.0
떡만두국,참마,207,1,0.005,2.0,207.0
떡만두국,대합,207,1,0.005,2.0,207.0
떡만두국,관자살,207,1,0.005,2.0,207.0
떡만두국,열무,207,1,0.005,2.0,207.0
떡만두국,샐러리,207,1,0.005,2.0,207.0
떡만두국,면수,207,1,0.005,2.0,207.0
떡만두국,고추기름,207,1,0.005,2.0,207.0
떡만두국,코코넛롱,207,1,0.005,2.0,207.0
떡만두국,쑥갓,207,1,0.005,2.0,207.0
떡만두국,올리브,207,1,0.005,2.0,207.0
떡만두국,수박,207,1,0.005,2.0,207.0
떡만두국,파파야,207,1,0.005,2.0,207.0
떡만두국,민트잎,207,1,0.005,2.0,207.0
떡만두국,크로아상생지,207,1,0.005,2.0,207.0
떡만두국,밀크초콜릿,207,1,0.005,2.0,207.0
떡만두국,다크커버춰초콜릿,207,1,0.005,2.0,207.0
떡만두국,초콜릿블록,207,1,0.005,2.0,207.0
떡만두국,메이플시럽,207,1,0.005,2.0,207.0
떡만두국,조개,207,1,0.005,2.0,207.0
떡만두국,가리비,207,1,0.005,2.0,207.0
떡만두국,딜,207,1,0.005,2.0,207.0
떡만두국,드라이오레가노,207,1,0.005,2.0,207.0
떡만두국,두릅,207,1,0.005,2.0,207.0
떡만두국,유채꽃나물,207,1,0.005,2.0,207.0
떡만두국,생선,207,1,0.005,2.0,207.0
떡만두국,허브솔트,207,1,0.005,2.0,207.0
떡만두국,빈스,207,1,0.005,2.0,207.0
떡만두국,햄버거번,207,1,0.005,2.0,207.0
떡만두국,양상추,207,1,0.005,2.0,207.0
떡만두국,피클,207,1,0.005,2.0,207.0
떡만두국,크루아상,207,1,0.005,2.0,207.0
떡만두국,카스테라,207,1,0.005,2.0,207.0
떡만두국,손질갈치,207,1,0.005,2.0,207.0
떡만두국,꽃게,207,1,0.005,2.0,207.0
떡만두국,아스파라거스,207,1,0.005,2.0,207.0
떡만두국,후리가케,207,1,0.005,2.0,207.0
떡만두국,튀김,207,1,0.005,2.0,207.0
떡만두국,초장,207,1,0.005,2.0,207.0
떡만두국,미삼,207,1,0.005,2.0,207.0
떡만두국,파스타소스,207,1,0.005,2.0,207.0
떡만두국,피자소스,207,1,0.005,2.0,207.0
떡만두국,황기,207,1,0.005,2.0,207.0
떡만두국,향,207,1,0.005,2.0,207.0
떡만두국,탄산수,207,1,0.005,2.0,207.0
떡만두국,가쓰오부시,207,1,0.005,2.0,207.0
떡만두국,미역,207,1,0.005,2.0,207.0
떡만두국,쯔유,207,1,0.005,2.0,207.0
떡만두국,요구르트,207,1,0.005,2.0,207.0
떡만두국,빠다코코넛,207,1,0.005,2.0,207.0
떡만두국,황태,207,1,0.005,2.0,207.0
떡만두국,고기,207,1,0.005,2.0,207.0
떡만두국,새우젓,207,1,0.005,2.0,207.0
떡만두국,쌀뜨물,207,1,0.005,2.0,207.0
떡만두국,북어,207,1,0.005,2.0,207.0
떡만두국,소주,207,1,0.005,2.0,207.0
떡만두국,곰국,207,1,0.005,2.0,207.0
떡볶이,떡,101,90,0.891,91.0,12.0
떡볶이,설탕,101,81,0.802,82.0,21.0
떡볶이,간장,101,74,0.733,75.0,28.0
떡볶이,고추장,101,68,0.673,69.0,34.0
떡볶이,대파,101,65,0.644,66.0,37.0
떡볶이,고춧가루,101,61,0.604,62.0,41.0
떡볶이,물,101,55,0.545,56.0,47.0
떡볶이,어묵,101,53,0.525,54.0,49.0
떡볶이,마늘,101,47,0.465,48.0,55.0
떡볶이,올리고당,101,46,0.455,47.0,56.0
떡볶이,후춧가루,101,44,0.436,45.0,58.0
떡볶이,양파,101,38,0.376,39.0,64.0
떡볶이,식용유,101,25,0.248,26.0,77.0
떡볶이,통깨,101,23,0.228,24.0,79.0
떡볶이,참기름,101,20,0.198,21.0,82.0
떡볶이,맛술,101,18,0.178,19.0,84.0
떡볶이,치즈,101,18,0.178,19.0,84.0
떡볶이,카레가루,101,14,0.139,15.0,88.0
떡볶이,계란,101,14,0.139,15.0,88.0
떡볶이,멸치,101,12,0.119,13.0,90.0
떡볶이,양배추,101,12,0.119,13.0,90.0
떡볶이,당근,101,12,0.119,13.0,90.0
떡볶이,소금,101,12,0.119,13.0,90.0
떡볶이,우유,101,11,0.109,12.0,91.0
떡볶이,소시지,101,11,0.109,12.0,91.0
떡볶이,밀떡,101,10,0.099,11.0,92.0
떡볶이,굴소스,101,9,0.089,10.0,93.0
떡볶이,베이컨,101,8,0.079,9.0,94.0
떡볶이,청양고추,101,8,0.079,9.0,94.0
떡볶이,다시마,101,8,0.079,9.0,94.0
떡볶이,케첩,101,8,0.079,9.0,94.0
떡볶이,소고기,101,7,0.069,8.0,95.0
떡볶이,버터,101,7,0.069,8.0,95.0
떡볶이,연두,101,6,0.059,7.0,96.0
떡볶이,감자,101,6,0.059,7.0,96.0
떡볶이,파프리카,101,6,0.059,7.0,96.0
떡볶이,생크림,101,5,0.05,6.0,97.0
떡볶이,표고버섯,101,5,0.05,6.0,97.0
떡볶이,닭고기,101,5,0.05,6.0,97.0
떡볶이,새우,101,4,0.04,5.0,98.0
떡볶이,생강,101,4,0.04,5.0,98.0
떡볶이,라면,101,4,0.04,5.0,98.0
떡볶이,쪽파,101,3,0.03,4.0,99.0
떡볶이,파슬리,101,3,0.03,4.0,99.0
떡볶이,오징어,101,3,0.03,4.0,99.0
떡볶이,애호박,101,3,0.03,4.0,99.0
떡볶이,꿀,101,3,0.03,4.0,99.0
떡볶이,기름,101,2,0.02,3.0,100.0
떡볶이,알룰로스,101,2,0.02,3.0,100.0
떡볶이,토마토,101,2,0.02,3.0,100.0
떡볶이,당면,101,2,0.02,3.0,100.0
떡볶이,깻잎,101,2,0.02,3.0,100.0
떡볶이,브로콜리,101,2,0.02,3.0,100.0
떡볶이,춘장,101,2,0.02,3.0,100.0
떡볶이,잣,101,2,0.02,3.0,100.0
떡볶이,땅콩,101,2,0.02,3.0,100.0
떡볶이,청경채,101,2,0.02,3.0,100.0
떡볶이,팽이버섯,101,2,0.02,3.0,100.0
떡볶이,고추,101,2,0.02,3.0,100.0
떡볶이,식초,101,2,0.02,3.0,100.0
떡볶이,육수,101,2,0.02,3.0,100.0
떡볶이,다시다,101,2,0.02,3.0,100.0
떡볶이,햄,101,2,0.02,3.0,100.0
떡볶이,차오차이,101,1,0.01,2.0,101.0
떡볶이,달래,101,1,0.01,2.0,101.0
떡볶이,시금치,101,1,0.01,2.0,101.0
떡볶이,양송이버섯,101,1,0.01,2.0,101.0
떡볶이,국수,101,1,0.01,2.0,101.0
떡볶이,로제소스,101,1,0.01,2.0,101.0
떡볶이,누룽지,101,1,0.01,2.0,101.0
떡볶이,옥수수,101,1,0.01,2.0,101.0
떡볶이,토르티야,101,1,0.01,2.0,101.0
떡볶이,호두,101,1,0.01,2.0,101.0
떡볶이,무,101,1,0.01,2.0,101.0
떡볶이,라이스페이퍼,101,1,0.01,2.0,101.0
떡볶이,메추리알,101,1,0.01,2.0,101.0
떡볶이,피망,101,1,0.01,2.0,101.0
떡볶이,버섯,101,1,0.01,2.0,101.0
떡볶이,목이버섯,101,1,0.01,2.0,101.0
떡볶이,머스터드소스,101,1,0.01,2.0,101.0
떡볶이,견과류,101,1,0.01,2.0,101.0
떡볶이,꼬치,101,1,0.01,2.0,101.0
떡볶이,칠리소스,101,1,0.01,2.0,101.0
떡볶이,돼지고기,101,1,0.01,2.0,101.0
떡볶이,콩나물,101,1,0.01,2.0,101.0
떡볶이,된장,101,1,0.01,2.0,101.0
떡볶이,월계수잎,101,1,0.01,2.0,101.0
떡볶이,고구마,101,1,0.01,2.0,101.0
떡볶이,부추,101,1,0.01,2.0,101.0
떡볶이,겨자,101,1,0.01,2.0,101.0
떡볶이,밤,101,1,0.01,2.0,101.0
떡볶이,배즙,101,1,0.01,2.0,101.0
떡볶이,성탕,101,1,0.01,2.0,101.0
떡볶이,브로컬리,101,1,0.01,2.0,101.0
떡볶이,허브솔트,101,1,0.01,2.0,101.0
떡볶이,캡사이신소스,101,1,0.01,2.0,101.0
떡볶이,매실액,101,1,0.01,2.0,101.0
떡볶이,밀가루,101,1,0.01,2.0,101.0
떡볶이,MSG,101,1,0.01,2.0,101.0
떡볶이,멸치액젓,101,1,0.01,2.0,101.0
라볶이,고추장,60,55,0.917,56.0,6.0
라볶이,라면,60,54,0.9,55.0,7.0
라볶이,설탕,60,49,0.817,50.0,12.0
라볶이,고춧가루,60,45,0.75,46.0,16.0
라볶이,떡,60,43,0.717,44.0,18.0
라볶이,대파,60,42,0.7,43.0,19.0
라볶이,물,60,41,0.683,42.0,20.0
라볶이,어묵,60,38,0.633,39.0,23.0
라볶이,간장,60,34,0.567,35.0,27.0
라볶이,올리고당,60,25,0.417,26.0,36.0
라볶이,양파,60,23,0.383,24.0,38.0
라볶이,마늘,60,21,0.35,22.0,40.0
라볶이,양배추,60,15,0.25,16.0,46.0
라볶이,계란,60,11,0.183,12.0,50.0
라볶이,후춧가루,60,10,0.167,11.0,51.0
라볶이,통깨,60,8,0.133,9.0,53.0
라볶이,멸치,60,6,0.1,7.0,55.0
라볶이,당근,60,5,0.083,6.0,56.0
라볶이,식용유,60,4,0.067,5.0,57.0
라볶이,참기름,60,4,0.067,5.0,57.0
라볶이,다시마,60,3,0.05,4.0,58.0
라볶이,만두,60,3,0.05,4.0,58.0
라볶이,맛술,60,3,0.05,4.0,58.0
라볶이,깻잎,60,3,0.05,4.0,58.0
라볶이,매실액,60,2,0.033,3.0,59.0
라볶이,춘장,60,2,0.033,3.0,59.0
라볶이,청양고추,60,2,0.033,3.0,59.0
라볶이,밀떡,60,2,0.033,3.0,59.0
라볶이,쪽파,60,2,0.033,3.0,59.0
라볶이,육수,60,2,0.033,3.0,59.0
라볶이,꿀,60,2,0.033,3.0,59.0
라볶이,소금,60,2,0.033,3.0,59.0
라볶이,고추,60,2,0.033,3.0,59.0
라볶이,소시지,60,1,0.017,2.0,60.0
라볶이,콩나물,60,1,0.017,2.0,60.0
라볶이,닭고기,60,1,0.017,2.0,60.0
라볶이,케첩,60,1,0.017,2.0,60.0
라볶이,굴소스,60,1,0.017,2.0,60.0
라볶이,순대,60,1,0.017,2.0,60.0
라볶이,카레가루,60,1,0.017,2.0,60.0
라볶이,알룰로스,60,1,0.017,2.0,60.0
라볶이,당면,60,1,0.017,2.0,60.0
라볶이,가스오부시국물,60,1,0.017,2.0,60.0
라볶이,표고버섯,60,1,0.017,2.0,60.0
라볶이,다시다,60,1,0.017,2.0,60.0
라볶이,건더기스프,60,1,0.017,2.0,60.0
라볶이,김,60,1,0.017,2.0,60.0
라볶이,치즈,60,1,0.017,2.0,60.0
라볶이,새송이버섯,60,1,0.017,2.0,60.0
라볶이,스프,60,1,0.017,2.0,60.0
라볶이,수제비,60,1,0.017,2.0,60.0
라볶이,배추김치,60,1,0.017,2.0,60.0
라볶이,햄,60,1,0.017,2.0,60.0
라볶이,국수,60,1,0.017,2.0,60.0
라볶이,소고기,60,1,0.017,2.0,60.0
라볶이,미향,60,1,0.017,2.0,60.0
라볶이,쑥갓,60,1,0.017,2.0,60.0
라볶이,애호박,60,1,0.017,2.0,60.0
라볶이,미숫가루,60,1,0.017,2.0,60.0
라볶이,하모니,60,1,0.017,2.0,60.0
라볶이,오이,60,1,0.017,2.0,60.0
막국수,메밀면,59,53,0.898,54.0,7.0
막국수,통깨,59,43,0.729,44.0,17.0
막국수,식초,59,40,0.678,41.0,20.0
막국수,간장,59,37,0.627,38.0,23.0
막국수,설탕,59,37,0.627,38.0,23.0
막국수,마늘,59,36,0.61,37.0,24.0
막국수,고춧가루,59,33,0.559,34.0,27.0
막국수,오이,59,31,0.525,32.0,29.0
막국수,고추장,59,28,0.475,29.0,32.0
막국수,참기름,59,26,0.441,27.0,34.0
막국수,상추,59,24,0.407,25.0,36.0
막국수,계란,59,24,0.407,25.0,36.0
막국수,양파,59,23,0.39,24.0,37.0
막국수,김,59,22,0.373,23.0,38.0
막국수,당근,59,19,0.322,20.0,41.0
막국수,양배추,59,19,0.322,20.0,41.0
막국수,들기름,59,15,0.254,16.0,45.0
막국수,겨자,59,14,0.237,15.0,46.0
막국수,깻잎,59,14,0.237,15.0,46.0
막국수,육수,59,14,0.237,15.0,46.0
막국수,올리고당,59,13,0.22,14.0,47.0
막국수,사과,59,9,0.153,10.0,51.0
막국수,매실액,59,9,0.153,10.0,51.0
막국수,무,59,8,0.136,9.0,52.0
막국수,소금,59,8,0.136,9.0,52.0
막국수,물,59,7,0.119,8.0,53.0
막국수,들깨,59,7,0.119,8.0,53.0
막국수,열무,59,6,0.102,7.0,54.0
막국수,쌈무,59,6,0.102,7.0,54.0
막국수,꿀,59,6,0.102,7.0,54.0
막국수,쪽파,59,5,0.085,6.0,55.0
막국수,쯔유,59,5,0.085,6.0,55.0
막국수,대파,59,5,0.085,6.0,55.0
막국수,토마토,59,5,0.085,6.0,55.0
막국수,파프리카,59,5,0.085,6.0,55.0
막국수,사이다,59,4,0.068,5.0,56.0
막국수,닭고기,59,4,0.068,5.0,56.0
막국수,생강,59,4,0.068,5.0,56.0
막국수,후춧가루,59,4,0.068,5.0,56.0
막국수,채소,59,4,0.068,5.0,56.0
막국수,배,59,4,0.068,5.0,56.0
막국수,견과류,59,3,0.051,4.0,57.0
막국수,레몬,59,3,0.051,4.0,57.0
막국수,적채,59,2,0.034,3.0,58.0
막국수,멸치액젓,59,2,0.034,3.0,58.0
막국수,배추김치,59,2,0.034,3.0,58.0
막국수,땅콩,59,2,0.034,3.0,58.0
막국수,참치액,59,2,0.034,3.0,58.0
막국수,콩나물,59,2,0.034,3.0,58.0
막국수,돼지고기,59,2,0.034,3.0,58.0
막국수,고추,59,2,0.034,3.0,58.0
막국수,채수,59,1,0.017,2.0,59.0
막국수,발사믹,59,1,0.017,2.0,59.0
막국수,아몬드,59,1,0.017,2.0,59.0
막국수,봄동,59,1,0.017,2.0,59.0
막국수,키위,59,1,0.017,2.0,59.0
막국수,양념장,59,1,0.017,2.0,59.0
막국수,양상추,59,1,0.017,2.0,59.0
막국수,건포도,59,1,0.017,2.0,59.0
막국수,매실,59,1,0.017,2.0,59.0
막국수,간오렌지,59,1,0.017,2.0,59.0
막국수,자두,59,1,0.017,2.0,59.0
막국수,콩가루,59,1,0.017,2.0,59.0
막국수,미나리,59,1,0.017,2.0,59.0
막국수,다시다,59,1,0.017,2.0,59.0
막국수,탄산주스,59,1,0.017,2.0,59.0
막국수,탄산수,59,1,0.017,2.0,59.0
막국수,갈비,59,1,0.017,2.0,59.0
막국수,소면,59,1,0.017,2.0,59.0
막국수,배추,59,1,0.017,2.0,59.0
막국수,청경채,59,1,0.017,2.0,59.0
막국수,맛술,59,1,0.017,2.0,59.0
막국수,된장,59,1,0.017,2.0,59.0
막국수,청정원고기삶는티백,59,1,0.017,2.0,59.0
막국수,사골,59,1,0.017,2.0,59.0
막국수,고추냉이,59,1,0.017,2.0,59.0
막국수,베이비케일,59,1,0.017,2.0,59.0
막국수,복숭아,59,1,0.017,2.0,59.0
막국수,식용유,59,1,0.017,2.0,59.0
막국수,면수,59,1,0.017,2.0,59.0
막국수,스위트콘,59,1,0.017,2.0,59.0
막국수,콩,59,1,0.017,2.0,59.0
막국수,잼,59,1,0.017,2.0,59.0
막국수,귤청,59,1,0.017,2.0,59.0
막국수,소고기,59,1,0.017,2.0,59.0
만두,만두,97,71,0.732,72.0,27.0
만두,간장,97,50,0.515,51.0,48.0
만두,마늘,97,49,0.505,50.0,49.0
만두,후춧가루,97,46,0.474,47.0,52.0
만두,소금,97,41,0.423,42.0,57.0
만두,양파,97,40,0.412,41.0,58.0
만두,대파,97,37,0.381,38.0,61.0
만두,설탕,97,30,0.309,31.0,68.0
만두,물,97,29,0.299,30.0,69.0
만두,식용유,97,29,0.299,30.0,69.0
만두,돼지고기,97,27,0.278,28.0,71.0
만두,참기름,97,27,0.278,28.0,71.0
만두,계란,97,23,0.237,24.0,75.0
만두,식초,97,22,0.227,23.0,76.0
만두,부추,97,22,0.227,23.0,76.0
만두,두부,97,22,0.227,23.0,76.0
만두,맛술,97,21,0.216,22.0,77.0
만두,굴소스,97,21,0.216,22.0,77.0
만두,고춧가루,97,19,0.196,20.0,79.0
만두,배추김치,97,18,0.186,19.0,80.0
만두,당면,97,16,0.165,17.0,82.0
만두,통깨,97,15,0.155,16.0,83.0
만두,생강,97,14,0.144,15.0,84.0
만두,청양고추,97,13,0.134,14.0,85.0
만두,당근,97,11,0.113,12.0,87.0
만두,표고버섯,97,11,0.113,12.0,87.0
만두,밀가루,97,10,0.103,11.0,88.0
만두,새우,97,9,0.093,10.0,89.0
만두,양배추,97,9,0.093,10.0,89.0
만두,떡,97,9,0.093,10.0,89.0
만두,배추,97,9,0.093,10.0,89.0
만두,전분,97,9,0.093,10.0,89.0
만두,고추장,97,9,0.093,10.0,89.0
만두,연두,97,8,0.082,9.0,90.0
만두,느타리버섯,97,8,0.082,9.0,90.0
만두,치즈,97,7,0.072,8.0,91.0
만두,숙주,97,7,0.072,8.0,91.0
만두,고추,97,7,0.072,8.0,91.0
만두,사골,97,6,0.062,7.0,92.0
만두,멸치,97,6,0.062,7.0,92.0
만두,쪽파,97,6,0.062,7.0,92.0
만두,케첩,97,6,0.062,7.0,92.0
만두,올리고당,97,6,0.062,7.0,92.0
만두,팽이버섯,97,5,0.052,6.0,93.0
만두,애호박,97,5,0.052,6.0,93.0
만두,깻잎,97,4,0.041,5.0,94.0
만두,시금치,97,4,0.041,5.0,94.0
만두,참치,97,4,0.041,5.0,94.0
만두,들기름,97,4,0.041,5.0,94.0
만두,소고기,97,4,0.041,5.0,94.0
만두,기름,97,4,0.041,5.0,94.0
만두,소시지,97,4,0.041,5.0,94.0
만두,국수,97,3,0.031,4.0,95.0
만두,라이스페이퍼,97,3,0.031,4.0,95.0
만두,땅콩,97,3,0.031,4.0,95.0
만두,꿀,97,3,0.031,4.0,95.0
만두,버터,97,3,0.031,4.0,95.0
만두,닭고기,97,3,0.031,4.0,95.0
만두,파프리카,97,3,0.031,4.0,95.0
만두,매실액,97,3,0.031,4.0,95.0
만두,상추,97,3,0.031,4.0,95.0
만두,비트,97,2,0.021,3.0,96.0
만두,쑥갓,97,2,0.021,3.0,96.0
만두,슈가파우더,97,2,0.021,3.0,96.0
만두,레몬,97,2,0.021,3.0,96.0
만두,양송이버섯,97,2,0.021,3.0,96.0
만두,바질,97,2,0.021,3.0,96.0
만두,라면,97,2,0.021,3.0,96.0
만두,채소,97,2,0.021,3.0,96.0
만두,다시마,97,2,0.021,3.0,96.0
만두,오이,97,2,0.021,3.0,96.0
만두,밥,97,2,0.021,3.0,96.0
만두,목이버섯,97,2,0.021,3.0,96.0
만두,베이컨,97,1,0.01,2.0,97.0
만두,자투리야채들,97,1,0.01,2.0,97.0
만두,고기밑간용,97,1,0.01,2.0,97.0
만두,연근,97,1,0.01,2.0,97.0
만두,유부,97,1,0.01,2.0,97.0
만두,피쉬소스,97,1,0.01,2.0,97.0
만두,새송이버섯,97,1,0.01,2.0,97.0
만두,참마,97,1,0.01,2.0,97.0
만두,바닐라빈,97,1,0.01,2.0,97.0
만두,멸치액젓,97,1,0.01,2.0,97.0
만두,빵가루,97,1,0.01,2.0,97.0
만두,파슬리,97,1,0.01,2.0,97.0
만두,견과류,97,1,0.01,2.0,97.0
만두,메이플시럽,97,1,0.01,2.0,97.0
만두,시래기,97,1,0.01,2.0,97.0
만두,들깨,97,1,0.01,2.0,97.0
만두,사과,97,1,0.01,2.0,97.0
만두,계피,97,1,0.01,2.0,97.0
만두,사이다,97,1,0.01,2.0,97.0
만두,카라멜소스,97,1,0.01,2.0,97.0
만두,셀러리,97,1,0.01,2.0,97.0
만두,우스터소스,97,1,0.01,2.0,97.0
만두,전복,97,1,0.01,2.0,97.0
만두,식용꽃,97,1,0.01,2.0,97.0
만두,생크림,97,1,0.01,2.0,97.0
만두,와인,97,1,0.01,2.0,97.0
만두,세이지,97,1,0.01,2.0,97.0
만두,명란젓,97,1,0.01,2.0,97.0
만두,날치알,97,1,0.01,2.0,97.0
만두,마요네즈,97,1,0.01,2.0,97.0
만두,고추냉이,97,1,0.01,2.0,97.0
만두,꽃게,97,1,0.01,2.0,97.0
만두,피망,97,1,0.01,2.0,97.0
만두,토마토,97,1,0.01,2.0,97.0
만두,가지,97,1,0.01,2.0,97.0
만두,올리브,97,1,0.01,2.0,97.0
만두,오레가노,97,1,0.01,2.0,97.0
만두,템페,97,1,0.01,2.0,97.0
만두,베이크드빈스,97,1,0.01,2.0,97.0
만두,채수,97,1,0.01,2.0,97.0
만두,어묵,97,1,0.01,2.0,97.0
만두,다시다,97,1,0.01,2.0,97.0
만두,버섯,97,1,0.01,2.0,97.0
만두,냉이,97,1,0.01,2.0,97.0
만두,후르츠,97,1,0.01,2.0,97.0
만두,백년초가루,97,1,0.01,2.0,97.0
만두,흙당,97,1,0.01,2.0,97.0
만두,육수,97,1,0.01,2.0,97.0
만두,술,97,1,0.01,2.0,97.0
만두,스위트콘,97,1,0.01,2.0,97.0
만두,청경채,97,1,0.01,2.0,97.0
만두,소면,97,1,0.01,2.0,97.0
만두,김,97,1,0.01,2.0,97.0
만두,잡채,97,1,0.01,2.0,97.0
만두,칠리소스,97,1,0.01,2.0,97.0
만두,감자,97,1,0.01,2.0,97.0
만두,탄탄면소스,97,1,0.01,2.0,97.0
만두,옥수수,97,1,0.01,2.0,97.0
무생채,무,63,62,0.984,63.0,2.0
무생채,고춧가루,63,62,0.984,63.0,2.0
무생채,마늘,63,58,0.921,59.0,6.0
무생채,설탕,63,50,0.794,51.0,14.0
무생채,대파,63,45,0.714,46.0,19.0
무생채,멸치액젓,63,45,0.714,46.0,19.0
무생채,식초,63,44,0.698,45.0,20.0
무생채,소금,63,44,0.698,45.0,20.0
무생채,통깨,63,34,0.54,35.0,30.0
무생채,매실액,63,15,0.238,16.0,49.0
무생채,참기름,63,12,0.19,13.0,52.0
무생채,쪽파,63,8,0.127,9.0,56.0
무생채,생강,63,8,0.127,9.0,56.0
무생채,새우젓,63,8,0.127,9.0,56.0
무생채,올리고당,63,7,0.111,8.0,57.0
무생채,간장,63,5,0.079,6.0,59.0
무생채,양파,63,4,0.063,5.0,60.0
무생채,부추,63,3,0.048,4.0,61.0
무생채,연두,63,2,0.032,3.0,62.0
무생채,고추,63,2,0.032,3.0,62.0
무생채,무생채무침,63,1,0.016,2.0,63.0
무생채,밥,63,1,0.016,2.0,63.0
무생채,고추장,63,1,0.016,2.0,63.0
무생채,계란,63,1,0.016,2.0,63.0
무생채,청양고추,63,1,0.016,2.0,63.0
무생채,사과,63,1,0.016,2.0,63.0
무생채,원당,63,1,0.016,2.0,63.0
무생채,굴,63,1,0.016,2.0,63.0
무생채,배추,63,1,0.016,2.0,63.0
무생채,새우,63,1,0.016,2.0,63.0
물냉면,계란,59,37,0.627,38.0,23.0
물냉면,식초,59,34,0.576,35.0,26.0
물냉면,오이,59,30,0.508,31.0,30.0
물냉면,육수,59,28,0.475,29.0,32.0
물냉면,냉면,59,28,0.475,29.0,32.0
물냉면,통깨,59,25,0.424,26.0,35.0
물냉면,설탕,59,23,0.39,24.0,37.0
물냉면,무,59,20,0.339,21.0,40.0
물냉면,간장,59,17,0.288,18.0,43.0
물냉면,마늘,59,17,0.288,18.0,43.0
물냉면,고춧가루,59,16,0.271,17.0,44.0
물냉면,냉면사리,59,15,0.254,16.0,45.0
물냉면,소금,59,15,0.254,16.0,45.0
물냉면,물,59,15,0.254,16.0,45.0
물냉면,쌈무,59,13,0.22,14.0,47.0
물냉면,소고기,59,13,0.22,14.0,47.0
물냉면,고추장,59,12,0.203,13.0,48.0
물냉면,겨자,59,12,0.203,13.0,48.0
물냉면,열무,59,11,0.186,12.0,49.0
물냉면,매실액,59,11,0.186,12.0,49.0
물냉면,참기름,59,11,0.186,12.0,49.0
물냉면,대파,59,11,0.186,12.0,49.0
물냉면,후춧가루,59,9,0.153,10.0,51.0
물냉면,양파,59,8,0.136,9.0,52.0
물냉면,올리고당,59,5,0.085,6.0,55.0
물냉면,배,59,5,0.085,6.0,55.0
물냉면,월계수잎,59,4,0.068,5.0,56.0
물냉면,감초,59,3,0.051,4.0,57.0
물냉면,생강,59,3,0.051,4.0,57.0
물냉면,국수,59,3,0.051,4.0,57.0
물냉면,배추김치,59,3,0.051,4.0,57.0
물냉면,토마토,59,3,0.051,4.0,57.0
물냉면,쪽파,59,3,0.051,4.0,57.0
물냉면,들기름,59,2,0.034,3.0,58.0
물냉면,사과,59,2,0.034,3.0,58.0
물냉면,다시다,59,2,0.034,3.0,58.0
물냉면,만두,59,2,0.034,3.0,58.0
물냉면,사이다,59,2,0.034,3.0,58.0
물냉면,시래기,59,1,0.017,2.0,59.0
물냉면,메밀면,59,1,0.017,2.0,59.0
물냉면,멸치액젓,59,1,0.017,2.0,59.0
물냉면,맛술,59,1,0.017,2.0,59.0
물냉면,분말스프,59,1,0.017,2.0,59.0
물냉면,사골,59,1,0.017,2.0,59.0
물냉면,매운양념,59,1,0.017,2.0,59.0
물냉면,동치미국물,59,1,0.017,2.0,59.0
물냉면,단무지,59,1,0.017,2.0,59.0
물냉면,다시마,59,1,0.017,2.0,59.0
물냉면,청양고추,59,1,0.017,2.0,59.0
물냉면,소스,59,1,0.017,2.0,59.0
물냉면,팽이버섯,59,1,0.017,2.0,59.0
물냉면,새송이버섯,59,1,0.017,2.0,59.0
물냉면,전분,59,1,0.017,2.0,59.0
물냉면,기름,59,1,0.017,2.0,59.0
물냉면,동치미,59,1,0.017,2.0,59.0
물냉면,소면,59,1,0.017,2.0,59.0
물냉면,비빔장,59,1,0.017,2.0,59.0
물냉면,유자청,59,1,0.017,2.0,59.0
물냉면,라면,59,1,0.017,2.0,59.0
물냉면,신화당,59,1,0.017,2.0,59.0
물냉면,메추리알,59,1,0.017,2.0,59.0
물냉면,채소,59,1,0.017,2.0,59.0
물냉면,초장,59,1,0.017,2.0,59.0
물냉면,닭고기,59,1,0.017,2.0,59.0
물냉면,대추,59,1,0.017,2.0,59.0
물냉면,구기자,59,1,0.017,2.0,59.0
물냉면,엄나무/뽕나무,59,1,0.017,2.0,59.0
물냉면,당근,59,1,0.017,2.0,59.0
물냉면,꿀,59,1,0.017,2.0,59.0
물냉면,양념장,59,1,0.017,2.0,59.0
물냉면,살치살,59,1,0.017,2.0,59.0
물냉면,된장,59,1,0.017,2.0,59.0
물냉면,고추냉이,59,1,0.017,2.0,59.0
물냉면,모듬새싹,59,1,0.017,2.0,59.0
물냉면,밀가루,59,1,0.017,2.0,59.0
물냉면,식용유,59,1,0.017,2.0,59.0
물냉면,양념소스,59,1,0.017,2.0,59.0
물냉면,수박,59,1,0.017,2.0,59.0
물냉면,감자,59,1,0.017,2.0,59.0
물냉면,밀떡,59,1,0.017,2.0,59.0
물냉면,어묵,59,1,0.017,2.0,59.0
미역국,미역,85,84,0.988,85.0,2.0
미역국,간장,85,66,0.776,67.0,20.0
미역국,소금,85,63,0.741,64.0,23.0
미역국,마늘,85,62,0.729,63.0,24.0
미역국,참기름,85,60,0.706,61.0,26.0
미역국,소고기,85,41,0.482,42.0,45.0
미역국,물,85,34,0.4,35.0,52.0
미역국,멸치액젓,85,23,0.271,24.0,63.0
미역국,연두,85,16,0.188,17.0,70.0
미역국,들기름,85,14,0.165,15.0,72.0
미역국,후춧가루,85,12,0.141,13.0,74.0
미역국,쌀뜨물,85,9,0.106,10.0,77.0
미역국,맛술,85,7,0.082,8.0,79.0
미역국,식용유,85,6,0.071,7.0,80.0
미역국,멸치,85,6,0.071,7.0,80.0
미역국,참치,85,3,0.035,4.0,83.0
미역국,황태,85,3,0.035,4.0,83.0
미역국,들깨,85,3,0.035,4.0,83.0
미역국,굴,85,3,0.035,4.0,83.0
미역국,된장,85,3,0.035,4.0,83.0
미역국,참치액,85,3,0.035,4.0,83.0
미역국,사골,85,2,0.024,3.0,84.0
미역국,다시마,85,2,0.024,3.0,84.0
미역국,전복,85,2,0.024,3.0,84.0
미역국,다시다,85,2,0.024,3.0,84.0
미역국,닭고기,85,2,0.024,3.0,84.0
미역국,양파,85,1,0.012,2.0,85.0
미역국,쌀국수,85,1,0.012,2.0,85.0
미역국,기름,85,1,0.012,2.0,85.0
미역국,메추리알,85,1,0.012,2.0,85.0
미역국,장조림소스,85,1,0.012,2.0,85.0
미역국,표고버섯,85,1,0.012,2.0,85.0
미역국,성게,85,1,0.012,2.0,85.0
미역국,무,85,1,0.012,2.0,85.0
미역국,손질가자미,85,1,0.012,2.0,85.0
미역국,참옥돔,85,1,0.012,2.0,85.0
미역국,참가자미,85,1,0.012,2.0,85.0
미역국,생강,85,1,0.012,2.0,85.0
미역국,쌀,85,1,0.012,2.0,85.0
미역국,청양고추,85,1,0.012,2.0,85.0
미역국,고추,85,1,0.012,2.0,85.0
미역국,통깨,85,1,0.012,2.0,85.0
미역국,피쉬소스,85,1,0.012,2.0,85.0
미역국,두부,85,1,0.012,2.0,85.0
미역국,팽이버섯,85,1,0.012,2.0,85.0
미역국,새우,85,1,0.012,2.0,85.0
미역국,새우젓,85,1,0.012,2.0,85.0
미역국,냉수,85,1,0.012,2.0,85.0
미역국,바지락,85,1,0.012,2.0,85.0
미역국,국거리,85,1,0.012,2.0,85.0
미역국,육수,85,1,0.012,2.0,85.0
배추김치,마늘,81,73,0.901,74.0,9.0
배추김치,고춧가루,81,70,0.864,71.0,12.0
배추김치,멸치액젓,81,58,0.716,59.0,24.0
배추김치,소금,81,57,0.704,58.0,25.0
배추김치,배추,81,55,0.679,56.0,27.0
배추김치,생강,81,47,0.58,48.0,35.0
배추김치,양파,81,44,0.543,45.0,38.0
배추김치,새우젓,81,42,0.519,43.0,40.0
배추김치,설탕,81,40,0.494,41.0,42.0
배추김치,물,81,39,0.481,40.0,43.0
배추김치,쪽파,81,33,0.407,34.0,49.0
배추김치,매실액,81,30,0.37,31.0,52.0
배추김치,대파,81,30,0.37,31.0,52.0
배추김치,무,81,29,0.358,30.0,53.0
배추김치,고추,81,25,0.309,26.0,57.0
배추김치,배추김치,81,24,0.296,25.0,58.0
배추김치,찹쌀가루,81,20,0.247,21.0,62.0
배추김치,통깨,81,18,0.222,19.0,64.0
배추김치,멸치,81,17,0.21,18.0,65.0
배추김치,부추,81,16,0.198,17.0,66.0
배추김치,사과,81,15,0.185,16.0,67.0
배추김치,후춧가루,81,15,0.185,16.0,67.0
배추김치,밥,81,15,0.185,16.0,67.0
배추김치,배,81,13,0.16,14.0,69.0
배추김치,간장,81,13,0.16,14.0,69.0
배추김치,당근,81,13,0.16,14.0,69.0
배추김치,청양고추,81,12,0.148,13.0,70.0
배추김치,참기름,81,12,0.148,13.0,70.0
배추김치,밀가루,81,11,0.136,12.0,71.0
배추김치,식용유,81,10,0.123,11.0,72.0
배추김치,올리고당,81,10,0.123,11.0,72.0
배추김치,맛술,81,10,0.123,11.0,72.0
배추김치,찹쌀풀,81,10,0.123,11.0,72.0
배추김치,다시마,81,9,0.111,10.0,73.0
배추김치,육수,81,8,0.099,9.0,74.0
배추김치,새우,81,7,0.086,8.0,75.0
배추김치,계란,81,6,0.074,7.0,76.0
배추김치,두부,81,6,0.074,7.0,76.0
배추김치,찹쌀,81,5,0.062,6.0,77.0
배추김치,돼지고기,81,5,0.062,6.0,77.0
배추김치,갓,81,5,0.062,6.0,77.0
배추김치,젓갈,81,5,0.062,6.0,77.0
배추김치,된장,81,4,0.049,5.0,78.0
배추김치,애호박,81,4,0.049,5.0,78.0
배추김치,미나리,81,4,0.049,5.0,78.0
배추김치,오이,81,3,0.037,4.0,79.0
배추김치,식초,81,3,0.037,4.0,79.0
배추김치,소고기,81,3,0.037,4.0,79.0
배추김치,표고버섯,81,3,0.037,4.0,79.0
배추김치,배즙,81,3,0.037,4.0,79.0
배추김치,양배추,81,2,0.025,3.0,80.0
배추김치,오징어,81,2,0.025,3.0,80.0
배추김치,버섯,81,2,0.025,3.0,80.0
배추김치,청국장,81,2,0.025,3.0,80.0
배추김치,베이컨,81,2,0.025,3.0,80.0
배추김치,김치국물,81,2,0.025,3.0,80.0
배추김치,고추장,81,2,0.025,3.0,80.0
배추김치,숙주,81,2,0.025,3.0,80.0
배추김치,치즈,81,2,0.025,3.0,80.0
배추김치,파슬리,81,2,0.025,3.0,80.0
배추김치,고추기름,81,2,0.025,3.0,80.0
배추김치,들기름,81,2,0.025,3.0,80.0
배추김치,해물,81,2,0.025,3.0,80.0
배추김치,다시다,81,2,0.025,3.0,80.0
배추김치,고구마,81,2,0.025,3.0,80.0
배추김치,황태,81,2,0.025,3.0,80.0
배추김치,부침가루,81,1,0.012,2.0,81.0
배추김치,꽁치,81,1,0.012,2.0,81.0
배추김치,콩나물,81,1,0.012,2.0,81.0
배추김치,도토리묵,81,1,0.012,2.0,81.0
배추김치,적채,81,1,0.012,2.0,81.0
배추김치,달래,81,1,0.012,2.0,81.0
배추김치,맛살,81,1,0.012,2.0,81.0
배추김치,녹두,81,1,0.012,2.0,81.0
배추김치,고사리,81,1,0.012,2.0,81.0
배추김치,바지락,81,1,0.012,2.0,81.0
배추김치,감자,81,1,0.012,2.0,81.0
배추김치,유부,81,1,0.012,2.0,81.0
배추김치,파스타면,81,1,0.012,2.0,81.0
배추김치,버터,81,1,0.012,2.0,81.0
배추김치,토마토,81,1,0.012,2.0,81.0
배추김치,우유,81,1,0.012,2.0,81.0
배추김치,면수,81,1,0.012,2.0,81.0
배추김치,시래기,81,1,0.012,2.0,81.0
배추김치,만두,81,1,0.012,2.0,81.0
배추김치,들깨,81,1,0.012,2.0,81.0
배추김치,소면,81,1,0.012,2.0,81.0
배추김치,라자냐,81,1,0.012,2.0,81.0
배추김치,볼로네제소스,81,1,0.012,2.0,81.0
배추김치,생크림,81,1,0.012,2.0,81.0
배추김치,열무,81,1,0.012,2.0,81.0
배추김치,원당,81,1,0.012,2.0,81.0
배추김치,매실,81,1,0.012,2.0,81.0
배추김치,양패,81,1,0.012,2.0,81.0
배추김치,얼갈이,81,1,0.012,2.0,81.0
배추김치,세모가시리,81,1,0.012,2.0,81.0
배추김치,파프리카,81,1,0.012,2.0,81.0
배추김치,건청각,81,1,0.012,2.0,81.0
배추김치,밴댕이,81,1,0.012,2.0,81.0
배추김치,굴,81,1,0.012,2.0,81.0
배추김치,북어,81,1,0.012,2.0,81.0
배추김치,콩,81,1,0.012,2.0,81.0
배추김치,풀국,81,1,0.012,2.0,81.0
배추김치,조개,81,1,0.012,2.0,81.0
배추김치,조미료,81,1,0.012,2.0,81.0
배추김치,뉴슈가,81,1,0.012,2.0,81.0
배추김치,멥쌀가루,81,1,0.012,2.0,81.0
배추김치,장아찌원액,81,1,0.012,2.0,81.0
배추김치,복숭아,81,1,0.012,2.0,81.0
백김치,배추,58,55,0.948,56.0,4.0
백김치,마늘,58,54,0.931,55.0,5.0
백김치,생강,58,48,0.828,49.0,11.0
백김치,소금,58,48,0.828,49.0,11.0
백김치,무,58,44,0.759,45.0,15.0
백김치,양파,58,43,0.741,44.0,16.0
백김치,쪽파,58,42,0.724,43.0,17.0
백김치,배,58,42,0.724,43.0,17.0
백김치,물,58,37,0.638,38.0,22.0
백김치,당근,58,28,0.483,29.0,31.0
백김치,고추,58,28,0.483,29.0,31.0
백김치,멸치액젓,58,22,0.379,23.0,37.0
백김치,새우젓,58,20,0.345,21.0,39.0
백김치,찹쌀가루,58,16,0.276,17.0,43.0
백김치,대추,58,14,0.241,15.0,45.0
백김치,설탕,58,14,0.241,15.0,45.0
백김치,사과,58,13,0.224,14.0,46.0
백김치,대파,58,13,0.224,14.0,46.0
백김치,매실액,58,11,0.19,12.0,48.0
백김치,찹쌀풀,58,11,0.19,12.0,48.0
백김치,뉴슈가,58,10,0.172,11.0,49.0
백김치,다시마,58,9,0.155,10.0,50.0
백김치,갓,58,8,0.138,9.0,51.0
백김치,밥,58,6,0.103,7.0,53.0
백김치,미나리,58,6,0.103,7.0,53.0
백김치,육수,58,6,0.103,7.0,53.0
백김치,청양고추,58,5,0.086,6.0,54.0
백김치,밀가루,58,5,0.086,6.0,54.0
백김치,파프리카,58,4,0.069,5.0,55.0
백김치,멸치,58,4,0.069,5.0,55.0
백김치,찹쌀,58,4,0.069,5.0,55.0
백김치,부추,58,3,0.052,4.0,56.0
백김치,감자,58,2,0.034,3.0,57.0
백김치,소주,58,2,0.034,3.0,57.0
백김치,밤,58,2,0.034,3.0,57.0
백김치,황태,58,2,0.034,3.0,57.0
백김치,토마토,58,1,0.017,2.0,58.0
백김치,열무,58,1,0.017,2.0,58.0
백김치,버섯,58,1,0.017,2.0,58.0
백김치,식용유,58,1,0.017,2.0,58.0
백김치,치즈,58,1,0.017,2.0,58.0
백김치,후춧가루,58,1,0.017,2.0,58.0
백김치,간장,58,1,0.017,2.0,58.0
백김치,쌀,58,1,0.017,2.0,58.0
백김치,풀물,58,1,0.017,2.0,58.0
백김치,키위,58,1,0.017,2.0,58.0
백김치,고구마,58,1,0.017,2.0,58.0
백김치,신화당,58,1,0.017,2.0,58.0
백김치,양배추,58,1,0.017,2.0,58.0
백김치,다시백중,58,1,0.017,2.0,58.0
백김치,잣,58,1,0.017,2.0,58.0
백김치,소고기,58,1,0.017,2.0,58.0
백김치,배추김치,58,1,0.017,2.0,58.0
백김치,들기름,58,1,0.017,2.0,58.0
백김치,장아찌원액,58,1,0.017,2.0,58.0
백김치,블루베리발효액,58,1,0.017,2.0,58.0
백김치,새우,58,1,0.017,2.0,58.0
백김치,배즙,58,1,0.017,2.0,58.0
백김치,표고버섯,58,1,0.017,2.0,58.0
백김치,차조기잎,58,1,0.017,2.0,58.0
백김치,콩,58,1,0.017,2.0,58.0
백김치,와인,58,1,0.017,2.0,58.0
백김치,적채,58,1,0.017,2.0,58.0
백김치,산야초효소,58,1,0.017,2.0,58.0
백김치,매실,58,1,0.017,2.0,58.0
백김치,맛술,58,1,0.017,2.0,58.0
보쌈,돼지고기,71,67,0.944,68.0,5.0
보쌈,마늘,71,51,0.718,52.0,21.0
보쌈,대파,71,41,0.577,42.0,31.0
보쌈,된장,71,40,0.563,41.0,32.0
보쌈,후춧가루,71,35,0.493,36.0,37.0
보쌈,양파,71,33,0.465,34.0,39.0
보쌈,물,71,32,0.451,33.0,40.0
보쌈,월계수잎,71,28,0.394,29.0,44.0
보쌈,생강,71,28,0.394,29.0,44.0
보쌈,맛술,71,21,0.296,22.0,51.0
보쌈,간장,71,21,0.296,22.0,51.0
보쌈,소금,71,20,0.282,21.0,52.0
보쌈,커피가루,71,19,0.268,20.0,53.0
보쌈,설탕,71,18,0.254,19.0,54.0
보쌈,고춧가루,71,15,0.211,16.0,57.0
보쌈,통깨,71,15,0.211,16.0,57.0
보쌈,올리고당,71,15,0.211,16.0,57.0
보쌈,무,71,13,0.183,14.0,59.0
보쌈,새우젓,71,11,0.155,12.0,61.0
보쌈,배추김치,71,9,0.127,10.0,63.0
보쌈,멸치액젓,71,9,0.127,10.0,63.0
보쌈,참기름,71,9,0.127,10.0,63.0
보쌈,청양고추,71,9,0.127,10.0,63.0
보쌈,배추,71,8,0.113,9.0,64.0
보쌈,식초,71,8,0.113,9.0,64.0
보쌈,쪽파,71,7,0.099,8.0,65.0
보쌈,매실액,71,6,0.085,7.0,66.0
보쌈,고추,71,5,0.07,6.0,67.0
보쌈,계피,71,5,0.07,6.0,67.0
보쌈,소주,71,5,0.07,6.0,67.0
보쌈,굴,71,4,0.056,5.0,68.0
보쌈,겨자,71,4,0.056,5.0,68.0
보쌈,식용유,71,4,0.056,5.0,68.0
보쌈,오이,71,3,0.042,4.0,69.0
보쌈,부추,71,3,0.042,4.0,69.0
보쌈,술,71,3,0.042,4.0,69.0
보쌈,파프리카,71,2,0.028,3.0,70.0
보쌈,굴소스,71,2,0.028,3.0,70.0
보쌈,연유,71,2,0.028,3.0,70.0
보쌈,사과,71,2,0.028,3.0,70.0
보쌈,팔각,71,2,0.028,3.0,70.0
보쌈,꿀,71,2,0.028,3.0,70.0
보쌈,고추기름,71,2,0.028,3.0,70.0
보쌈,양배추,71,2,0.028,3.0,70.0
보쌈,느타리버섯,71,2,0.028,3.0,70.0
보쌈,황기,71,2,0.028,3.0,70.0
보쌈,생선,71,1,0.014,2.0,71.0
보쌈,무말랭이무침,71,1,0.014,2.0,71.0
보쌈,상추,71,1,0.014,2.0,71.0
보쌈,잣,71,1,0.014,2.0,71.0
보쌈,유자청,71,1,0.014,2.0,71.0
보쌈,두반장,71,1,0.014,2.0,71.0
보쌈,알룰로스,71,1,0.014,2.0,71.0
보쌈,우유,71,1,0.014,2.0,71.0
보쌈,레몬,71,1,0.014,2.0,71.0
보쌈,육수,71,1,0.014,2.0,71.0
보쌈,쌍화탕,71,1,0.014,2.0,71.0
보쌈,연잎,71,1,0.014,2.0,71.0
보쌈,당귀,71,1,0.014,2.0,71.0
보쌈,홍삼액기스,71,1,0.014,2.0,71.0
보쌈,세발나물,71,1,0.014,2.0,71.0
보쌈,고추장,71,1,0.014,2.0,71.0
보쌈,감초,71,1,0.014,2.0,71.0
보쌈,뉴슈가,71,1,0.014,2.0,71.0
보쌈,명이나물,71,1,0.014,2.0,71.0
보쌈,당근,71,1,0.014,2.0,71.0
보쌈,월게수잎,71,1,0.014,2.0,71.0
보쌈,유자,71,1,0.014,2.0,71.0
보쌈,알거피,71,1,0.014,2.0,71.0
보쌈,미나리,71,1,0.014,2.0,71.0
보쌈,매실,71,1,0.014,2.0,71.0
보쌈,한약재우린물,71,1,0.014,2.0,71.0
보쌈,조림장용,71,1,0.014,2.0,71.0
보쌈,새우,71,1,0.014,2.0,71.0
보쌈,미향,71,1,0.014,2.0,71.0
보쌈,바질,71,1,0.014,2.0,71.0
보쌈,장군차,71,1,0.014,2.0,71.0
보쌈,브로콜리,71,1,0.014,2.0,71.0
보쌈,배,71,1,0.014,2.0,71.0
보쌈,콜라,71,1,0.014,2.0,71.0
보쌈,대추,71,1,0.014,2.0,71.0
부대찌개,햄,51,50,0.98,51.0,2.0
부대찌개,고춧가루,51,49,0.961,50.0,3.0
부대찌개,마늘,51,48,0.941,49.0,4.0
부대찌개,대파,51,47,0.922,48.0,5.0
부대찌개,배추김치,51,46,0.902,47.0,6.0
부대찌개,간장,51,44,0.863,45.0,8.0
부대찌개,소시지,51,37,0.725,38.0,15.0
부대찌개,양파,51,37,0.725,38.0,15.0
부대찌개,두부,51,31,0.608,32.0,21.0
부대찌개,고추장,51,27,0.529,28.0,25.0
부대찌개,사골,51,26,0.51,27.0,26.0
부대찌개,라면,51,25,0.49,26.0,27.0
부대찌개,후춧가루,51,24,0.471,25.0,28.0
부대찌개,맛술,51,22,0.431,23.0,30.0
부대찌개,설탕,51,19,0.373,20.0,33.0
부대찌개,떡,51,18,0.353,19.0,34.0
부대찌개,물,51,16,0.314,17.0,36.0
부대찌개,베이크드빈스,51,15,0.294,16.0,37.0
부대찌개,치즈,51,13,0.255,14.0,39.0
부대찌개,팽이버섯,51,12,0.235,13.0,40.0
부대찌개,청양고추,51,12,0.235,13.0,40.0
부대찌개,콩나물,51,11,0.216,12.0,41.0
부대찌개,돼지고기,51,10,0.196,11.0,42.0
부대찌개,만두,51,7,0.137,8.0,45.0
부대찌개,고추,51,7,0.137,8.0,45.0
부대찌개,멸치,51,7,0.137,8.0,45.0
부대찌개,소금,51,6,0.118,7.0,46.0
부대찌개,된장,51,5,0.098,6.0,47.0
부대찌개,올리고당,51,4,0.078,5.0,48.0
부대찌개,당면,51,4,0.078,5.0,48.0
부대찌개,멸치액젓,51,4,0.078,5.0,48.0
부대찌개,콩,51,4,0.078,5.0,48.0
부대찌개,애호박,51,4,0.078,5.0,48.0
부대찌개,어묵,51,4,0.078,5.0,48.0
부대찌개,소고기,51,3,0.059,4.0,49.0
부대찌개,비엔나,51,3,0.059,4.0,49.0
부대찌개,버섯,51,3,0.059,4.0,49.0
부대찌개,느타리버섯,51,3,0.059,4.0,49.0
부대찌개,연두,51,2,0.039,3.0,50.0
부대찌개,케첩,51,2,0.039,3.0,50.0
부대찌개,다시마,51,2,0.039,3.0,50.0
부대찌개,베이컨,51,2,0.039,3.0,50.0
부대찌개,육수,51,2,0.039,3.0,50.0
부대찌개,매실액,51,2,0.039,3.0,50.0
부대찌개,무,51,2,0.039,3.0,50.0
부대찌개,쌀뜨물,51,2,0.039,3.0,50.0
부대찌개,새송이버섯,51,2,0.039,3.0,50.0
부대찌개,좋아하는야채,51,1,0.02,2.0,51.0
부대찌개,템페,51,1,0.02,2.0,51.0
부대찌개,표고버섯,51,1,0.02,2.0,51.0
부대찌개,채수,51,1,0.02,2.0,51.0
부대찌개,양배추,51,1,0.02,2.0,51.0
부대찌개,식용유,51,1,0.02,2.0,51.0
부대찌개,통깨,51,1,0.02,2.0,51.0
부대찌개,고기,51,1,0.02,2.0,51.0
부대찌개,채소,51,1,0.02,2.0,51.0
부대찌개,감자,51,1,0.02,2.0,51.0
부대찌개,식초,51,1,0.02,2.0,51.0
부대찌개,쪽파,51,1,0.02,2.0,51.0
부대찌개,포크빈스,51,1,0.02,2.0,51.0
부대찌개,천연조미가루,51,1,0.02,2.0,51.0
부대찌개,참치,51,1,0.02,2.0,51.0
부대찌개,시판부대찌개양념,51,1,0.02,2.0,51.0
부대찌개,생강,51,1,0.02,2.0,51.0
부대찌개,소주,51,1,0.02,2.0,51.0
부대찌개,콩가루,51,1,0.02,2.0,51.0
부대찌개,쑥갓,51,1,0.02,2.0,51.0
부대찌개,배추,51,1,0.02,2.0,51.0
부대찌개,베이크빈,51,1,0.02,2.0,51.0
부대찌개,파스타면,51,1,0.02,2.0,51.0
부추김치,부추,62,62,1.0,63.0,1.0
부추김치,고춧가루,62,59,0.952,60.0,4.0
부추김치,멸치액젓,62,54,0.871,55.0,9.0
부추김치,마늘,62,54,0.871,55.0,9.0
부추김치,매실액,62,42,0.677,43.0,21.0
부추김치,양파,62,36,0.581,37.0,27.0
부추김치,통깨,62,27,0.435,28.0,36.0
부추김치,생강,62,26,0.419,27.0,37.0
부추김치,설탕,62,25,0.403,26.0,38.0
부추김치,새우젓,62,25,0.403,26.0,38.0
부추김치,당근,62,20,0.323,21.0,43.0
부추김치,물,62,12,0.194,13.0,51.0
부추김치,찹쌀풀,62,11,0.177,12.0,52.0
부추김치,찹쌀가루,62,11,0.177,12.0,52.0
부추김치,간장,62,8,0.129,9.0,55.0
부추김치,고추,62,7,0.113,8.0,56.0
부추김치,청양고추,62,6,0.097,7.0,57.0
부추김치,소금,62,6,0.097,7.0,57.0
부추김치,배추김치,62,4,0.065,5.0,59.0
부추김치,오이,62,4,0.065,5.0,59.0
부추김치,멸치,62,4,0.065,5.0,59.0
부추김치,참기름,62,4,0.065,5.0,59.0
부추김치,쪽파,62,3,0.048,4.0,60.0
부추김치,밥,62,3,0.048,4.0,60.0
부추김치,배,62,3,0.048,4.0,60.0
부추김치,사과,62,3,0.048,4.0,60.0
부추김치,참치액,62,2,0.032,3.0,61.0
부추김치,식초,62,2,0.032,3.0,61.0
부추김치,풀죽,62,2,0.032,3.0,61.0
부추김치,젓갈,62,2,0.032,3.0,61.0
부추김치,다시마,62,2,0.032,3.0,61.0
부추김치,대파,62,2,0.032,3.0,61.0
부추김치,올리고당,62,2,0.032,3.0,61.0
부추김치,후춧가루,62,1,0.016,2.0,62.0
부추김치,콩가루,62,1,0.016,2.0,62.0
부추김치,밀가루,62,1,0.016,2.0,62.0
부추김치,다오네장아찌원액,62,1,0.016,2.0,62.0
부추김치,블루베리발효액,62,1,0.016,2.0,62.0
부추김치,브로콜리,62,1,0.016,2.0,62.0
부추김치,배즙,62,1,0.016,2.0,62.0
부추김치,홍시즙,62,1,0.016,2.0,62.0
부추김치,꽃게,62,1,0.016,2.0,62.0
부추김치,새우,62,1,0.016,2.0,62.0
부추김치,육수,62,1,0.016,2.0,62.0
부추김치,원당듬뿍맛을보고싱거우면조금씩더추가하기,62,1,0.016,2.0,62.0
불고기,간장,127,109,0.858,110.0,19.0
불고기,마늘,127,107,0.843,108.0,21.0
불고기,설탕,127,96,0.756,97.0,32.0
불고기,후춧가루,127,94,0.74,95.0,34.0
불고기,양파,127,92,0.724,93.0,36.0
불고기,소고기,127,81,0.638,82.0,47.0
불고기,참기름,127,79,0.622,80.0,49.0
불고기,대파,127,74,0.583,75.0,54.0
불고기,맛술,127,66,0.52,67.0,62.0
불고기,통깨,127,54,0.425,55.0,74.0
불고기,올리고당,127,42,0.331,43.0,86.0
불고기,돼지고기,127,42,0.331,43.0,86.0
불고기,소금,127,37,0.291,38.0,91.0
불고기,식용유,127,34,0.268,35.0,94.0
불고기,고춧가루,127,33,0.26,34.0,95.0
불고기,물,127,32,0.252,33.0,96.0
불고기,당근,127,29,0.228,30.0,99.0
불고기,생강,127,28,0.22,29.0,100.0
불고기,고추장,127,26,0.205,27.0,102.0
불고기,청양고추,127,24,0.189,25.0,104.0
불고기,고추,127,20,0.157,21.0,108.0
불고기,깻잎,127,17,0.134,18.0,111.0
불고기,식초,127,15,0.118,16.0,113.0
불고기,표고버섯,127,15,0.118,16.0,113.0
불고기,팽이버섯,127,14,0.11,15.0,114.0
불고기,매실액,127,14,0.11,15.0,114.0
불고기,쪽파,127,13,0.102,14.0,115.0
불고기,밥,127,12,0.094,13.0,116.0
불고기,치즈,127,12,0.094,13.0,116.0
불고기,버섯,127,12,0.094,13.0,116.0
불고기,콩나물,127,11,0.087,12.0,117.0
불고기,배,127,11,0.087,12.0,117.0
불고기,오징어,127,11,0.087,12.0,117.0
불고기,느타리버섯,127,10,0.079,11.0,118.0
불고기,굴소스,127,10,0.079,11.0,118.0
불고기,파프리카,127,9,0.071,10.0,119.0
불고기,당면,127,9,0.071,10.0,119.0
불고기,계란,127,9,0.071,10.0,119.0
불고기,토마토,127,8,0.063,9.0,120.0
불고기,다시마,127,7,0.055,8.0,121.0
불고기,애호박,127,7,0.055,8.0,121.0
불고기,멸치,127,6,0.047,7.0,122.0
불고기,꿀,127,6,0.047,7.0,122.0
불고기,채소,127,6,0.047,7.0,122.0
불고기,배추,127,6,0.047,7.0,122.0
불고기,멸치액젓,127,6,0.047,7.0,122.0
불고기,전분,127,5,0.039,6.0,123.0
불고기,가지,127,5,0.039,6.0,123.0
불고기,새송이버섯,127,5,0.039,6.0,123.0
불고기,겨자,127,5,0.039,6.0,123.0
불고기,숙주,127,5,0.039,6.0,123.0
불고기,파슬리,127,4,0.031,5.0,124.0
불고기,부침가루,127,4,0.031,5.0,124.0
불고기,부추,127,4,0.031,5.0,124.0
불고기,양배추,127,4,0.031,5.0,124.0
불고기,소주,127,4,0.031,5.0,124.0
불고기,빵,127,3,0.024,4.0,125.0
불고기,연두,127,3,0.024,4.0,125.0
불고기,쌀,127,3,0.024,4.0,125.0
불고기,감자,127,3,0.024,4.0,125.0
불고기,생크림,127,3,0.024,4.0,125.0
불고기,양상추,127,3,0.024,4.0,125.0
불고기,오이,127,3,0.024,4.0,125.0
불고기,토르티야,127,3,0.024,4.0,125.0
불고기,우엉,127,3,0.024,4.0,125.0
불고기,고수,127,3,0.024,4.0,125.0
불고기,떡,127,3,0.024,4.0,125.0
불고기,연근,127,3,0.024,4.0,125.0
불고기,고구마,127,2,0.016,3.0,126.0
불고기,폰타나데미글라스커틀렛소스,127,2,0.016,3.0,126.0
불고기,낙지,127,2,0.016,3.0,126.0
불고기,마요네즈,127,2,0.016,3.0,126.0
불고기,머스터드소스,127,2,0.016,3.0,126.0
불고기,상추,127,2,0.016,3.0,126.0
불고기,참치액,127,2,0.016,3.0,126.0
불고기,라임,127,2,0.016,3.0,126.0
불고기,피쉬소스,127,2,0.016,3.0,126.0
불고기,칠리소스,127,2,0.016,3.0,126.0
불고기,배즙,127,2,0.016,3.0,126.0
불고기,명란젓,127,2,0.016,3.0,126.0
불고기,청경채,127,2,0.016,3.0,126.0
불고기,우유,127,2,0.016,3.0,126.0
불고기,된장,127,2,0.016,3.0,126.0
불고기,무,127,2,0.016,3.0,126.0
불고기,밀가루,127,2,0.016,3.0,126.0
불고기,피망,127,2,0.016,3.0,126.0
불고기,닭고기,127,2,0.016,3.0,126.0
불고기,배추김치,127,2,0.016,3.0,126.0
불고기,땅콩,127,2,0.016,3.0,126.0
불고기,카레가루,127,2,0.016,3.0,126.0
불고기,브로콜리,127,2,0.016,3.0,126.0
불고기,두부,127,2,0.016,3.0,126.0
불고기,사과,127,2,0.016,3.0,126.0
불고기,쭈꾸미,127,2,0.016,3.0,126.0
불고기,폰타나데미글라스커틀렛소스¾병,127,1,0.008,2.0,127.0
불고기,잉글리시머핀,127,1,0.008,2.0,127.0
불고기,치아바타,127,1,0.008,2.0,127.0
불고기,적채,127,1,0.008,2.0,127.0
불고기,김,127,1,0.008,2.0,127.0
불고기,케첩,127,1,0.008,2.0,127.0
불고기,아스파라거스,127,1,0.008,2.0,127.0
불고기,치커리,127,1,0.008,2.0,127.0
불고기,도라지,127,1,0.008,2.0,127.0
불고기,대추,127,1,0.008,2.0,127.0
불고기,파스타소스,127,1,0.008,2.0,127.0
불고기,피자소스,127,1,0.008,2.0,127.0
불고기,두반장,127,1,0.008,2.0,127.0
불고기,고추냉이,127,1,0.008,2.0,127.0
불고기,새송이,127,1,0.008,2.0,127.0
불고기,어린잎,127,1,0.008,2.0,127.0
불고기,시금치,127,1,0.008,2.0,127.0
불고기,버터,127,1,0.008,2.0,127.0
불고기,참마,127,1,0.008,2.0,127.0
불고기,만두,127,1,0.008,2.0,127.0
불고기,소면,127,1,0.008,2.0,127.0
불고기,새우,127,1,0.008,2.0,127.0
불고기,고추기름,127,1,0.008,2.0,127.0
불고기,곰취잎,127,1,0.008,2.0,127.0
불고기,단무지,127,1,0.008,2.0,127.0
불고기,가쓰오부시,127,1,0.008,2.0,127.0
불고기,두릅,127,1,0.008,2.0,127.0
불고기,율무,127,1,0.008,2.0,127.0
불고기,바질,127,1,0.008,2.0,127.0
불고기,쑥갓,127,1,0.008,2.0,127.0
불고기,견과류,127,1,0.008,2.0,127.0
불고기,호두,127,1,0.008,2.0,127.0
불고기,허브솔트,127,1,0.008,2.0,127.0
불고기,키위,127,1,0.008,2.0,127.0
불고기,조개,127,1,0.008,2.0,127.0
불고기,육수,127,1,0.008,2.0,127.0
불고기,샐러리,127,1,0.008,2.0,127.0
불고기,양송이버섯,127,1,0.008,2.0,127.0
불고기,들기름,127,1,0.008,2.0,127.0
불고기,미향,127,1,0.008,2.0,127.0
불고기,오리고기,127,1,0.008,2.0,127.0
붕어빵,우유,55,32,0.582,33.0,24.0
붕어빵,계란,55,30,0.545,31.0,26.0
붕어빵,팥,55,29,0.527,30.0,27.0
붕어빵,밀가루,55,24,0.436,25.0,32.0
붕어빵,설탕,55,22,0.4,23.0,34.0
붕어빵,소금,55,21,0.382,22.0,35.0
붕어빵,물,55,19,0.345,20.0,37.0
붕어빵,베이킹파우더,55,17,0.309,18.0,39.0
붕어빵,버터,55,16,0.291,17.0,40.0
붕어빵,식용유,55,15,0.273,16.0,41.0
붕어빵,빵,55,14,0.255,15.0,42.0
붕어빵,찹쌀가루,55,12,0.218,13.0,44.0
붕어빵,핫케이크가루,55,10,0.182,11.0,46.0
붕어빵,치즈,55,10,0.182,11.0,46.0
붕어빵,기름,55,6,0.109,7.0,50.0
붕어빵,커스터드크림,55,6,0.109,7.0,50.0
붕어빵,고구마,55,5,0.091,6.0,51.0
붕어빵,양파,55,4,0.073,5.0,52.0
붕어빵,토마토,55,4,0.073,5.0,52.0
붕어빵,바닐라빈,55,4,0.073,5.0,52.0
붕어빵,올리고당,55,3,0.055,4.0,53.0
붕어빵,옥수수,55,3,0.055,4.0,53.0
붕어빵,베이킹소다,55,3,0.055,4.0,53.0
붕어빵,대파,55,3,0.055,4.0,53.0
붕어빵,간장,55,3,0.055,4.0,53.0
붕어빵,마늘,55,3,0.055,4.0,53.0
붕어빵,호두,55,3,0.055,4.0,53.0
붕어빵,후춧가루,55,3,0.055,4.0,53.0
붕어빵,감자,55,2,0.036,3.0,54.0
붕어빵,피망,55,2,0.036,3.0,54.0
붕어빵,햄,55,2,0.036,3.0,54.0
붕어빵,케첩,55,2,0.036,3.0,54.0
붕어빵,멥쌀가루,55,2,0.036,3.0,54.0
붕어빵,애호박,55,2,0.036,3.0,54.0
붕어빵,고추,55,2,0.036,3.0,54.0
붕어빵,전분,55,2,0.036,3.0,54.0
붕어빵,굴소스,55,2,0.036,3.0,54.0
붕어빵,백색앙금,55,1,0.018,2.0,55.0
붕어빵,백앙금,55,1,0.018,2.0,55.0
붕어빵,마요네즈,55,1,0.018,2.0,55.0
붕어빵,누텔라,55,1,0.018,2.0,55.0
붕어빵,땅콩,55,1,0.018,2.0,55.0
붕어빵,잼,55,1,0.018,2.0,55.0
붕어빵,초코칩,55,1,0.018,2.0,55.0
붕어빵,양갱,55,1,0.018,2.0,55.0
붕어빵,초콜릿,55,1,0.018,2.0,55.0
붕어빵,인절미,55,1,0.018,2.0,55.0
붕어빵,묵은발효종,55,1,0.018,2.0,55.0
붕어빵,백년초가루,55,1,0.018,2.0,55.0
붕어빵,생크림,55,1,0.018,2.0,55.0
붕어빵,디크초콜릿칩,55,1,0.018,2.0,55.0
붕어빵,시판용믹스,55,1,0.018,2.0,55.0
붕어빵,고등어,55,1,0.018,2.0,55.0
붕어빵,배추김치,55,1,0.018,2.0,55.0
붕어빵,무,55,1,0.018,2.0,55.0
붕어빵,청양고추,55,1,0.018,2.0,55.0
붕어빵,멸치액젓,55,1,0.018,2.0,55.0
붕어빵,생강,55,1,0.018,2.0,55.0
붕어빵,고춧가루,55,1,0.018,2.0,55.0
붕어빵,곤약,55,1,0.018,2.0,55.0
붕어빵,시금치,55,1,0.018,2.0,55.0
붕어빵,어묵,55,1,0.018,2.0,55.0
붕어빵,맛살,55,1,0.018,2.0,55.0
붕어빵,장조림,55,1,0.018,2.0,55.0
붕어빵,느타리버섯,55,1,0.018,2.0,55.0
붕어빵,꿀,55,1,0.018,2.0,55.0
붕어빵,스위트콘,55,1,0.018,2.0,55.0
붕어빵,모짜렐라,55,1,0.018,2.0,55.0
붕어빵,건블루베리,55,1,0.018,2.0,55.0
붕어빵,견과류,55,1,0.018,2.0,55.0
붕어빵,슈가파우더,55,1,0.018,2.0,55.0
붕어빵,참치,55,1,0.018,2.0,55.0
붕어빵,새우,55,1,0.018,2.0,55.0
붕어빵,맛술,55,1,0.018,2.0,55.0
붕어빵,칠리소스,55,1,0.018,2.0,55.0
붕어빵,표고버섯,55,1,0.018,2.0,55.0
붕어빵,돼지고기,55,1,0.018,2.0,55.0
붕어빵,술,55,1,0.018,2.0,55.0
붕어빵,고추기름,55,1,0.018,2.0,55.0
붕어빵,파스타소스,55,1,0.018,2.0,55.0
비빔냉면,고춧가루,59,42,0.712,43.0,18.0
비빔냉면,간장,59,42,0.712,43.0,18.0
비빔냉면,설탕,59,41,0.695,42.0,19.0
비빔냉면,마늘,59,40,0.678,41.0,20.0
비빔냉면,식초,59,40,0.678,41.0,20.0
비빔냉면,계란,59,39,0.661,40.0,21.0
비빔냉면,오이,59,38,0.644,39.0,22.0
비빔냉면,통깨,59,36,0.61,37.0,24.0
비빔냉면,고추장,59,33,0.559,34.0,27.0
비빔냉면,참기름,59,28,0.475,29.0,32.0
비빔냉면,냉면,59,26,0.441,27.0,34.0
비빔냉면,매실액,59,23,0.39,24.0,37.0
비빔냉면,냉면사리,59,19,0.322,20.0,41.0
비빔냉면,양파,59,19,0.322,20.0,41.0
비빔냉면,무,59,15,0.254,16.0,45.0
비빔냉면,육수,59,12,0.203,13.0,48.0
비빔냉면,쌈무,59,12,0.203,13.0,48.0
비빔냉면,대파,59,11,0.186,12.0,49.0
비빔냉면,소금,59,11,0.186,12.0,49.0
비빔냉면,올리고당,59,10,0.169,11.0,50.0
비빔냉면,배,59,9,0.153,10.0,51.0
비빔냉면,생강,59,9,0.153,10.0,51.0
비빔냉면,사과,59,7,0.119,8.0,53.0
비빔냉면,토마토,59,7,0.119,8.0,53.0
비빔냉면,물,59,6,0.102,7.0,54.0
비빔냉면,돼지고기,59,6,0.102,7.0,54.0
비빔냉면,사이다,59,5,0.085,6.0,55.0
비빔냉면,배추김치,59,5,0.085,6.0,55.0
비빔냉면,상추,59,5,0.085,6.0,55.0
비빔냉면,당근,59,5,0.085,6.0,55.0
비빔냉면,겨자,59,5,0.085,6.0,55.0
비빔냉면,고추,59,5,0.085,6.0,55.0
비빔냉면,후춧가루,59,5,0.085,6.0,55.0
비빔냉면,맛술,59,4,0.068,5.0,56.0
비빔냉면,소고기,59,4,0.068,5.0,56.0
비빔냉면,깻잎,59,3,0.051,4.0,57.0
비빔냉면,양념장,59,3,0.051,4.0,57.0
비빔냉면,파프리카,59,3,0.051,4.0,57.0
비빔냉면,꿀,59,3,0.051,4.0,57.0
비빔냉면,들기름,59,3,0.051,4.0,57.0
비빔냉면,국수,59,3,0.051,4.0,57.0
비빔냉면,다시다,59,3,0.051,4.0,57.0
비빔냉면,식용유,59,3,0.051,4.0,57.0
비빔냉면,멸치액젓,59,2,0.034,3.0,58.0
비빔냉면,포도당,59,2,0.034,3.0,58.0
비빔냉면,구연산,59,2,0.034,3.0,58.0
비빔냉면,열무,59,2,0.034,3.0,58.0
비빔냉면,수박,59,2,0.034,3.0,58.0
비빔냉면,참외,59,2,0.034,3.0,58.0
비빔냉면,비빔장,59,2,0.034,3.0,58.0
비빔냉면,미향,59,2,0.034,3.0,58.0
비빔냉면,부추,59,2,0.034,3.0,58.0
비빔냉면,굴소스,59,2,0.034,3.0,58.0
비빔냉면,청양고추,59,2,0.034,3.0,58.0
비빔냉면,견과류,59,1,0.017,2.0,59.0
비빔냉면,라임,59,1,0.017,2.0,59.0
비빔냉면,새싹,59,1,0.017,2.0,59.0
비빔냉면,양배추,59,1,0.017,2.0,59.0
비빔냉면,매실,59,1,0.017,2.0,59.0
비빔냉면,초장,59,1,0.017,2.0,59.0
비빔냉면,콩나물,59,1,0.017,2.0,59.0
비빔냉면,청경채,59,1,0.017,2.0,59.0
비빔냉면,왕교자,59,1,0.017,2.0,59.0
비빔냉면,정제수,59,1,0.017,2.0,59.0
비빔냉면,메밀면,59,1,0.017,2.0,59.0
비빔냉면,양상추,59,1,0.017,2.0,59.0
비빔냉면,피망,59,1,0.017,2.0,59.0
비빔냉면,오리고기,59,1,0.017,2.0,59.0
비빔냉면,양념소스,59,1,0.017,2.0,59.0
비빔냉면,만두,59,1,0.017,2.0,59.0
비빔냉면,양념,59,1,0.017,2.0,59.0
비빔냉면,소주,59,1,0.017,2.0,59.0
비빔냉면,알룰로스,59,1,0.017,2.0,59.0
비빔냉면,소면,59,1,0.017,2.0,59.0
비빔냉면,허브솔트,59,1,0.017,2.0,59.0
비빔냉면,칼국수면,59,1,0.017,2.0,59.0
비빔냉면,꽃게,59,1,0.017,2.0,59.0
비빔냉면,탄산수,59,1,0.017,2.0,59.0
비빔냉면,팽이버섯,59,1,0.017,2.0,59.0
비빔냉면,밀가루,59,1,0.017,2.0,59.0
비빔냉면,닭고기,59,1,0.017,2.0,59.0
비빔냉면,된장,59,1,0.017,2.0,59.0
비빔냉면,황태,59,1,0.017,2.0,59.0
비빔냉면,쪽파,59,1,0.017,2.0,59.0
비빔냉면,다시마,59,1,0.017,2.0,59.0
비빔냉면,감자,59,1,0.017,2.0,59.0
비빔냉면,전분,59,1,0.017,2.0,59.0
비빔냉면,참치,59,1,0.017,2.0,59.0
비빔냉면,마요네즈,59,1,0.017,2.0,59.0
비빔냉면,기름,59,1,0.017,2.0,59.0
비빔밥,참기름,86,70,0.814,71.0,17.0
비빔밥,통깨,86,60,0.698,61.0,27.0
비빔밥,간장,86,52,0.605,53.0,35.0
비빔밥,밥,86,49,0.57,50.0,38.0
비빔밥,마늘,86,48,0.558,49.0,39.0
비빔밥,고추장,86,46,0.535,47.0,41.0
비빔밥,애호박,86,35,0.407,36.0,52.0
비빔밥,설탕,86,35,0.407,36.0,52.0
비빔밥,당근,86,34,0.395,35.0,53.0
비빔밥,계란,86,33,0.384,34.0,54.0
비빔밥,양파,86,23,0.267,24.0,64.0
비빔밥,고춧가루,86,23,0.267,24.0,64.0
비빔밥,소금,86,23,0.267,24.0,64.0
비빔밥,콩나물,86,22,0.256,23.0,65.0
비빔밥,식용유,86,22,0.256,23.0,65.0
비빔밥,소고기,86,22,0.256,23.0,65.0
비빔밥,올리고당,86,22,0.256,23.0,65.0
비빔밥,맛술,86,20,0.233,21.0,67.0
비빔밥,후춧가루,86,17,0.198,18.0,70.0
비빔밥,대파,86,17,0.198,18.0,70.0
비빔밥,매실액,86,16,0.186,17.0,71.0
비빔밥,김,86,15,0.174,16.0,72.0
비빔밥,표고버섯,86,13,0.151,14.0,74.0
비빔밥,무,86,12,0.14,13.0,75.0
비빔밥,상추,86,12,0.14,13.0,75.0
비빔밥,물,86,12,0.14,13.0,75.0
비빔밥,시금치,86,12,0.14,13.0,75.0
비빔밥,청양고추,86,12,0.14,13.0,75.0
비빔밥,느타리버섯,86,9,0.105,10.0,78.0
비빔밥,고추,86,9,0.105,10.0,78.0
비빔밥,식초,86,9,0.105,10.0,78.0
비빔밥,채소,86,9,0.105,10.0,78.0
비빔밥,참치,86,9,0.105,10.0,78.0
비빔밥,쪽파,86,8,0.093,9.0,79.0
비빔밥,꼬막,86,8,0.093,9.0,79.0
비빔밥,부추,86,8,0.093,9.0,79.0
비빔밥,오이,86,8,0.093,9.0,79.0
비빔밥,숙주,86,8,0.093,9.0,79.0
비빔밥,들기름,86,8,0.093,9.0,79.0
비빔밥,고사리,86,8,0.093,9.0,79.0
비빔밥,깻잎,86,7,0.081,8.0,80.0
비빔밥,도라지,86,7,0.081,8.0,80.0
비빔밥,연두,86,6,0.07,7.0,81.0
비빔밥,멸치액젓,86,6,0.07,7.0,81.0
비빔밥,다시마,86,6,0.07,7.0,81.0
비빔밥,새송이버섯,86,4,0.047,5.0,83.0
비빔밥,명란젓,86,4,0.047,5.0,83.0
비빔밥,생강,86,4,0.047,5.0,83.0
비빔밥,가지,86,4,0.047,5.0,83.0
비빔밥,양배추,86,3,0.035,4.0,84.0
비빔밥,된장,86,3,0.035,4.0,84.0
비빔밥,아보카도,86,3,0.035,4.0,84.0
비빔밥,버섯,86,3,0.035,4.0,84.0
비빔밥,청포묵,86,3,0.035,4.0,84.0
비빔밥,꿀,86,3,0.035,4.0,84.0
비빔밥,굴소스,86,3,0.035,4.0,84.0
비빔밥,쌀,86,3,0.035,4.0,84.0
비빔밥,미나리,86,2,0.023,3.0,85.0
비빔밥,봄동,86,2,0.023,3.0,85.0
비빔밥,버터,86,2,0.023,3.0,85.0
비빔밥,멍게,86,2,0.023,3.0,85.0
비빔밥,오징어,86,2,0.023,3.0,85.0
비빔밥,감자,86,2,0.023,3.0,85.0
비빔밥,두부,86,2,0.023,3.0,85.0
비빔밥,팽이버섯,86,2,0.023,3.0,85.0
비빔밥,돼지고기,86,2,0.023,3.0,85.0
비빔밥,파프리카,86,2,0.023,3.0,85.0
비빔밥,배즙,86,2,0.023,3.0,85.0
비빔밥,멸치,86,2,0.023,3.0,85.0
비빔밥,새우젓,86,2,0.023,3.0,85.0
비빔밥,피망,86,2,0.023,3.0,85.0
비빔밥,맛살,86,2,0.023,3.0,85.0
비빔밥,취나물,86,2,0.023,3.0,85.0
비빔밥,배추김치,86,2,0.023,3.0,85.0
비빔밥,열무,86,2,0.023,3.0,85.0
비빔밥,새미네부엌겉절이양념,86,1,0.012,2.0,86.0
비빔밥,모둠건해초,86,1,0.012,2.0,86.0
비빔밥,날치알,86,1,0.012,2.0,86.0
비빔밥,골뱅이,86,1,0.012,2.0,86.0
비빔밥,비트,86,1,0.012,2.0,86.0
비빔밥,콜라비,86,1,0.012,2.0,86.0
비빔밥,세발나물,86,1,0.012,2.0,86.0
비빔밥,생선,86,1,0.012,2.0,86.0
비빔밥,고추냉이,86,1,0.012,2.0,86.0
비빔밥,레몬,86,1,0.012,2.0,86.0
비빔밥,래디쉬,86,1,0.012,2.0,86.0
비빔밥,옥수수,86,1,0.012,2.0,86.0
비빔밥,전복,86,1,0.012,2.0,86.0
비빔밥,건세모가사리,86,1,0.012,2.0,86.0
비빔밥,시래기,86,1,0.012,2.0,86.0
비빔밥,생톳,86,1,0.012,2.0,86.0
비빔밥,냉이,86,1,0.012,2.0,86.0
비빔밥,돌나물,86,1,0.012,2.0,86.0
비빔밥,단무지,86,1,0.012,2.0,86.0
비빔밥,장조림국물,86,1,0.012,2.0,86.0
비빔밥,우유,86,1,0.012,2.0,86.0
비빔밥,오리고기,86,1,0.012,2.0,86.0
비빔밥,식용꽃,86,1,0.012,2.0,86.0
비빔밥,육수,86,1,0.012,2.0,86.0
비빔밥,어묵,86,1,0.012,2.0,86.0
비빔밥,배추,86,1,0.012,2.0,86.0
비빔밥,토마토,86,1,0.012,2.0,86.0
비빔밥,케첩,86,1,0.012,2.0,86.0
비빔밥,케일,86,1,0.012,2.0,86.0
비빔밥,브로콜리,86,1,0.012,2.0,86.0
비빔밥,고구마,86,1,0.012,2.0,86.0
비빔밥,기름,86,1,0.012,2.0,86.0
비빔밥,들깨,86,1,0.012,2.0,86.0
비빔밥,명절나물,86,1,0.012,2.0,86.0
비빔밥,새싹야채,86,1,0.012,2.0,86.0
비빔밥,햄,86,1,0.012,2.0,86.0
비빔밥,양상추,86,1,0.012,2.0,86.0
비빔밥,고비나물,86,1,0.012,2.0,86.0
비빔밥,토란대,86,1,0.012,2.0,86.0
비빔밥,고춧잎,86,1,0.012,2.0,86.0
비빔밥,갈빗살,86,1,0.012,2.0,86.0
비빔밥,비빔장,86,1,0.012,2.0,86.0
비빔밥,참나물,86,1,0.012,2.0,86.0
비빔밥,질경이,86,1,0.012,2.0,86.0
비빔밥,남는반찬들,86,1,0.012,2.0,86.0
비빔밥,만두,86,1,0.012,2.0,86.0
비빔밥,새우,86,1,0.012,2.0,86.0
비빔밥,치즈,86,1,0.012,2.0,86.0
삼겹살,돼지고기,120,113,0.942,114.0,8.0
삼겹살,마늘,120,91,0.758,92.0,30.0
삼겹살,간장,120,77,0.642,78.0,44.0
삼겹살,설탕,120,75,0.625,76.0,46.0
삼겹살,후춧가루,120,71,0.592,72.0,50.0
삼겹살,맛술,120,65,0.542,66.0,56.0
삼겹살,양파,120,63,0.525,64.0,58.0
삼겹살,대파,120,62,0.517,63.0,59.0
삼겹살,고춧가루,120,42,0.35,43.0,79.0
삼겹살,참기름,120,42,0.35,43.0,79.0
삼겹살,올리고당,120,40,0.333,41.0,81.0
삼겹살,소금,120,40,0.333,41.0,81.0
삼겹살,생강,120,37,0.308,38.0,84.0
삼겹살,통깨,120,36,0.3,37.0,85.0
삼겹살,물,120,36,0.3,37.0,85.0
삼겹살,고추,120,31,0.258,32.0,90.0
삼겹살,고추장,120,28,0.233,29.0,93.0
삼겹살,청양고추,120,25,0.208,26.0,96.0
삼겹살,식용유,120,25,0.208,26.0,96.0
삼겹살,식초,120,23,0.192,24.0,98.0
삼겹살,굴소스,120,22,0.183,23.0,99.0
삼겹살,된장,120,19,0.158,20.0,102.0
삼겹살,월계수잎,120,14,0.117,15.0,107.0
삼겹살,배추김치,120,14,0.117,15.0,107.0
삼겹살,쪽파,120,11,0.092,12.0,110.0
삼겹살,깻잎,120,11,0.092,12.0,110.0
삼겹살,닭고기,120,9,0.075,10.0,112.0
삼겹살,양배추,120,8,0.067,9.0,113.0
삼겹살,부추,120,8,0.067,9.0,113.0
삼겹살,매실액,120,8,0.067,9.0,113.0
삼겹살,밥,120,7,0.058,8.0,114.0
삼겹살,계란,120,7,0.058,8.0,114.0
삼겹살,파프리카,120,7,0.058,8.0,114.0
삼겹살,당근,120,7,0.058,8.0,114.0
삼겹살,오이,120,7,0.058,8.0,114.0
삼겹살,밀가루,120,7,0.058,8.0,114.0
삼겹살,팽이버섯,120,6,0.05,7.0,115.0
삼겹살,와인,120,6,0.05,7.0,115.0
삼겹살,무,120,6,0.05,7.0,115.0
삼겹살,겨자,120,6,0.05,7.0,115.0
삼겹살,레몬,120,6,0.05,7.0,115.0
삼겹살,숙주,120,6,0.05,7.0,115.0
삼겹살,고추기름,120,6,0.05,7.0,115.0
삼겹살,두부,120,6,0.05,7.0,115.0
삼겹살,멸치액젓,120,6,0.05,7.0,115.0
삼겹살,장조림소스,120,5,0.042,6.0,116.0
삼겹살,꿀,120,5,0.042,6.0,116.0
삼겹살,사과,120,5,0.042,6.0,116.0
삼겹살,새송이버섯,120,5,0.042,6.0,116.0
삼겹살,전분,120,5,0.042,6.0,116.0
삼겹살,상추,120,4,0.033,5.0,117.0
삼겹살,배추,120,4,0.033,5.0,117.0
삼겹살,멸치,120,4,0.033,5.0,117.0
삼겹살,콩나물,120,4,0.033,5.0,117.0
삼겹살,표고버섯,120,4,0.033,5.0,117.0
삼겹살,새우,120,4,0.033,5.0,117.0
삼겹살,버터,120,3,0.025,4.0,118.0
삼겹살,파슬리,120,3,0.025,4.0,118.0
삼겹살,감자,120,3,0.025,4.0,118.0
삼겹살,쭈꾸미,120,3,0.025,4.0,118.0
삼겹살,애호박,120,3,0.025,4.0,118.0
삼겹살,우유,120,3,0.025,4.0,118.0
삼겹살,연유,120,3,0.025,4.0,118.0
삼겹살,총장즙,120,3,0.025,4.0,118.0
삼겹살,바질,120,3,0.025,4.0,118.0
삼겹살,채소,120,3,0.025,4.0,118.0
삼겹살,쌀국수,120,2,0.017,3.0,119.0
삼겹살,김,120,2,0.017,3.0,119.0
삼겹살,우엉,120,2,0.017,3.0,119.0
삼겹살,유자청,120,2,0.017,3.0,119.0
삼겹살,젓갈,120,2,0.017,3.0,119.0
삼겹살,느타리버섯,120,2,0.017,3.0,119.0
삼겹살,치즈,120,2,0.017,3.0,119.0
삼겹살,죽순,120,2,0.017,3.0,119.0
삼겹살,양상추,120,2,0.017,3.0,119.0
삼겹살,시금치,120,2,0.017,3.0,119.0
삼겹살,가지,120,2,0.017,3.0,119.0
삼겹살,팔각,120,2,0.017,3.0,119.0
삼겹살,로즈마리,120,2,0.017,3.0,119.0
삼겹살,생크림,120,2,0.017,3.0,119.0
삼겹살,샤미,120,2,0.017,3.0,119.0
삼겹살,땅콩,120,2,0.017,3.0,119.0
삼겹살,오징어,120,2,0.017,3.0,119.0
삼겹살,술,120,2,0.017,3.0,119.0
삼겹살,피쉬소스,120,2,0.017,3.0,119.0
삼겹살,소주,120,2,0.017,3.0,119.0
삼겹살,세발나물,120,1,0.008,2.0,120.0
삼겹살,단무지,120,1,0.008,2.0,120.0
삼겹살,더덕,120,1,0.008,2.0,120.0
삼겹살,샬롯,120,1,0.008,2.0,120.0
삼겹살,타임,120,1,0.008,2.0,120.0
삼겹살,마요네즈,120,1,0.008,2.0,120.0
삼겹살,쯔유,120,1,0.008,2.0,120.0
삼겹살,고사리,120,1,0.008,2.0,120.0
삼겹살,미나리,120,1,0.008,2.0,120.0
삼겹살,쌀뜨물,120,1,0.008,2.0,120.0
삼겹살,춘장,120,1,0.008,2.0,120.0
삼겹살,해선장,120,1,0.008,2.0,120.0
삼겹살,색깔야채,120,1,0.008,2.0,120.0
삼겹살,청경채,120,1,0.008,2.0,120.0
삼겹살,페페론치노,120,1,0.008,2.0,120.0
삼겹살,국수,120,1,0.008,2.0,120.0
삼겹살,버섯,120,1,0.008,2.0,120.0
삼겹살,피망,120,1,0.008,2.0,120.0
삼겹살,샐러드믹스,120,1,0.008,2.0,120.0
삼겹살,가쓰오부시,120,1,0.008,2.0,120.0
삼겹살,깍두기,120,1,0.008,2.0,120.0
삼겹살,깍두기국물,120,1,0.008,2.0,120.0
삼겹살,오렌지,120,1,0.008,2.0,120.0
삼겹살,엑스트라버진,120,1,0.008,2.0,120.0
삼겹살,소렐,120,1,0.008,2.0,120.0
삼겹살,판젤라틴,120,1,0.008,2.0,120.0
삼겹살,두반장,120,1,0.008,2.0,120.0
삼겹살,적채,120,1,0.008,2.0,120.0
삼겹살,밀전분,120,1,0.008,2.0,120.0
삼겹살,이스트,120,1,0.008,2.0,120.0
삼겹살,파스타면,120,1,0.008,2.0,120.0
삼겹살,양송이버섯,120,1,0.008,2.0,120.0
삼겹살,아스파라거스,120,1,0.008,2.0,120.0
삼겹살,허브가루,120,1,0.008,2.0,120.0
삼겹살,명란젓,120,1,0.008,2.0,120.0
삼겹살,머스터드소스,120,1,0.008,2.0,120.0
삼겹살,배즙,120,1,0.008,2.0,120.0
삼겹살,라임,120,1,0.008,2.0,120.0
삼겹살,고수,120,1,0.008,2.0,120.0
삼겹살,굴,120,1,0.008,2.0,120.0
삼겹살,반쎄오가루,120,1,0.008,2.0,120.0
삼겹살,허브솔트,120,1,0.008,2.0,120.0
삼겹살,소면,120,1,0.008,2.0,120.0
삼겹살,사골,120,1,0.008,2.0,120.0
삼겹살,부침가루,120,1,0.008,2.0,120.0
삼겹살,튀김가루,120,1,0.008,2.0,120.0
삼겹살,케첩,120,1,0.008,2.0,120.0
삼겹살,참치액,120,1,0.008,2.0,120.0
삼겹살,배,120,1,0.008,2.0,120.0
삼겹살,육수,120,1,0.008,2.0,120.0
삼겹살,들기름,120,1,0.008,2.0,120.0
삼겹살,모듬쌈,120,1,0.008,2.0,120.0
삼겹살,떡,120,1,0.008,2.0,120.0
삼겹살,카레가루,120,1,0.008,2.0,120.0
삼겹살,리퀴드스모크플레이버,120,1,0.008,2.0,120.0
삼계탕,닭고기,67,66,0.985,67.0,2.0
삼계탕,마늘,67,59,0.881,60.0,9.0
삼계탕,찹쌀,67,47,0.701,48.0,21.0
삼계탕,대파,67,42,0.627,43.0,26.0
삼계탕,소금,67,38,0.567,39.0,30.0
삼계탕,대추,67,37,0.552,38.0,31.0
삼계탕,물,67,26,0.388,27.0,42.0
삼계탕,후춧가루,67,25,0.373,26.0,43.0
삼계탕,인삼,67,21,0.313,22.0,47.0
삼계탕,양파,67,18,0.269,19.0,50.0
삼계탕,황기,67,16,0.239,17.0,52.0
삼계탕,밤,67,12,0.179,13.0,56.0
삼계탕,은행,67,10,0.149,11.0,58.0
삼계탕,맛술,67,9,0.134,10.0,59.0
삼계탕,간장,67,9,0.134,10.0,59.0
삼계탕,생강,67,8,0.119,9.0,60.0
삼계탕,전복,67,7,0.104,8.0,61.0
삼계탕,고춧가루,67,6,0.09,7.0,62.0
삼계탕,당근,67,6,0.09,7.0,62.0
삼계탕,부추,67,6,0.09,7.0,62.0
삼계탕,육수,67,5,0.075,6.0,63.0
삼계탕,겨자,67,5,0.075,6.0,63.0
삼계탕,표고버섯,67,5,0.075,6.0,63.0
삼계탕,설탕,67,4,0.06,5.0,64.0
삼계탕,식초,67,4,0.06,5.0,64.0
삼계탕,당귀,67,4,0.06,5.0,64.0
삼계탕,엄나무,67,4,0.06,5.0,64.0
삼계탕,소주,67,4,0.06,5.0,64.0
삼계탕,월계수잎,67,4,0.06,5.0,64.0
삼계탕,애호박,67,3,0.045,4.0,65.0
삼계탕,삼계탕재료,67,3,0.045,4.0,65.0
삼계탕,삼계탕용약재,67,3,0.045,4.0,65.0
삼계탕,삼계탕약재,67,3,0.045,4.0,65.0
삼계탕,참기름,67,2,0.03,3.0,66.0
삼계탕,미삼,67,2,0.03,3.0,66.0
삼계탕,통깨,67,2,0.03,3.0,66.0
삼계탕,쌀,67,2,0.03,3.0,66.0
삼계탕,헛개나무,67,2,0.03,3.0,66.0
삼계탕,오가피,67,2,0.03,3.0,66.0
삼계탕,멸치액젓,67,2,0.03,3.0,66.0
삼계탕,삼계탕용,67,2,0.03,3.0,66.0
삼계탕,삼계탕재료팩,67,2,0.03,3.0,66.0
삼계탕,버섯,67,2,0.03,3.0,66.0
삼계탕,감자,67,2,0.03,3.0,66.0
삼계탕,연두,67,1,0.015,2.0,67.0
삼계탕,황태,67,1,0.015,2.0,67.0
삼계탕,녹두,67,1,0.015,2.0,67.0
삼계탕,무,67,1,0.015,2.0,67.0
삼계탕,누룽지,67,1,0.015,2.0,67.0
삼계탕,한방팩,67,1,0.015,2.0,67.0
삼계탕,삼계탕재료용한방약재,67,1,0.015,2.0,67.0
삼계탕,잣,67,1,0.015,2.0,67.0
삼계탕,삼계탕용팩,67,1,0.015,2.0,67.0
삼계탕,양배추,67,1,0.015,2.0,67.0
삼계탕,한약티백,67,1,0.015,2.0,67.0
삼계탕,삼계탕재료셋트,67,1,0.015,2.0,67.0
삼계탕,밀가루,67,1,0.015,2.0,67.0
삼계탕,계란,67,1,0.015,2.0,67.0
삼계탕,벌나무,67,1,0.015,2.0,67.0
삼계탕,산사열매,67,1,0.015,2.0,67.0
삼계탕,고추냉이,67,1,0.015,2.0,67.0
삼계탕,산양삼,67,1,0.015,2.0,67.0
삼계탕,매실액,67,1,0.015,2.0,67.0
삼계탕,삼,67,1,0.015,2.0,67.0
삼계탕,그라비올라잎,67,1,0.015,2.0,67.0
삼계탕,다시다,67,1,0.015,2.0,67.0
삼계탕,삼계탕한방재료,67,1,0.015,2.0,67.0
삼계탕,한약재,67,1,0.015,2.0,67.0
삼계탕,시중에판매하는삼계탕용티백,67,1,0.015,2.0,67.0
삼계탕,새우,67,1,0.015,2.0,67.0
삼계탕,청양고추,67,1,0.015,2.0,67.0
삼계탕,헛개,67,1,0.015,2.0,67.0
삼계탕,한약재료,67,1,0.015,2.0,67.0
삼계탕,밀싹,67,1,0.015,2.0,67.0
삼계탕,쪽파,67,1,0.015,2.0,67.0
삼계탕,삼계탕티백세트,67,1,0.015,2.0,67.0
삼계탕,약제57g티백,67,1,0.015,2.0,67.0
삼계탕,시중삼계탕재료,67,1,0.015,2.0,67.0
삼계탕,고추,67,1,0.015,2.0,67.0
삼계탕,쌀뜨물,67,1,0.015,2.0,67.0
삼계탕,삼계탕한약재료,67,1,0.015,2.0,67.0
삼계탕,숙주,67,1,0.015,2.0,67.0
삼계탕,느타리버섯,67,1,0.015,2.0,67.0
삼계탕,식용유,67,1,0.015,2.0,67.0
삼계탕,가시오가피,67,1,0.015,2.0,67.0
삼계탕,들깨,67,1,0.015,2.0,67.0
삼계탕,삼계탕용한약재,67,1,0.015,2.0,67.0
삼계탕,술,67,1,0.015,2.0,67.0
삼계탕,히말라야솔트,67,1,0.015,2.0,67.0
삼계탕,올리고당,67,1,0.015,2.0,67.0
삼계탕,아몬드,67,1,0.015,2.0,67.0
삼계탕,뽕나무,67,1,0.015,2.0,67.0
삼계탕,백숙용티백,67,1,0.015,2.0,67.0
삼계탕,엄나무티백,67,1,0.015,2.0,67.0
삼계탕,도라지,67,1,0.015,2.0,67.0
삼계탕,감초,67,1,0.015,2.0,67.0
새우튀김,새우,62,61,0.984,62.0,2.0
새우튀김,튀김가루,62,45,0.726,46.0,18.0
새우튀김,식용유,62,40,0.645,41.0,23.0
새우튀김,소금,62,30,0.484,31.0,33.0
새우튀김,후춧가루,62,29,0.468,30.0,34.0
새우튀김,계란,62,29,0.468,30.0,34.0
새우튀김,빵가루,62,27,0.435,28.0,36.0
새우튀김,물,62,25,0.403,26.0,38.0
새우튀김,밀가루,62,18,0.29,19.0,45.0
새우튀김,맛술,62,12,0.194,13.0,51.0
새우튀김,마요네즈,62,9,0.145,10.0,54.0
새우튀김,설탕,62,8,0.129,9.0,55.0
새우튀김,파슬리,62,8,0.129,9.0,55.0
새우튀김,양파,62,7,0.113,8.0,56.0
새우튀김,식초,62,7,0.113,8.0,56.0
새우튀김,간장,62,6,0.097,7.0,57.0
새우튀김,전분,62,4,0.065,5.0,59.0
새우튀김,마늘,62,4,0.065,5.0,59.0
새우튀김,기름,62,4,0.065,5.0,59.0
새우튀김,레몬,62,4,0.065,5.0,59.0
새우튀김,우유,62,3,0.048,4.0,60.0
새우튀김,칠리소스,62,3,0.048,4.0,60.0
새우튀김,피클,62,3,0.048,4.0,60.0
새우튀김,케첩,62,3,0.048,4.0,60.0
새우튀김,올리고당,62,3,0.048,4.0,60.0
새우튀김,다시마,62,2,0.032,3.0,61.0
새우튀김,대파,62,2,0.032,3.0,61.0
새우튀김,김,62,2,0.032,3.0,61.0
새우튀김,버터,62,2,0.032,3.0,61.0
새우튀김,머스터드소스,62,2,0.032,3.0,61.0
새우튀김,치즈,62,2,0.032,3.0,61.0
새우튀김,카레가루,62,2,0.032,3.0,61.0
새우튀김,꿀,62,2,0.032,3.0,61.0
새우튀김,오이,62,2,0.032,3.0,61.0
새우튀김,통깨,62,2,0.032,3.0,61.0
새우튀김,당근,62,2,0.032,3.0,61.0
새우튀김,표고버섯,62,1,0.016,2.0,62.0
새우튀김,메밀면,62,1,0.016,2.0,62.0
새우튀김,무,62,1,0.016,2.0,62.0
새우튀김,멸치,62,1,0.016,2.0,62.0
새우튀김,가쓰오부시,62,1,0.016,2.0,62.0
새우튀김,고추,62,1,0.016,2.0,62.0
새우튀김,산초가루,62,1,0.016,2.0,62.0
새우튀김,닭고기,62,1,0.016,2.0,62.0
새우튀김,코코넛슬라이스,62,1,0.016,2.0,62.0
새우튀김,라임,62,1,0.016,2.0,62.0
새우튀김,부침가루,62,1,0.016,2.0,62.0
새우튀김,허브맛솔트,62,1,0.016,2.0,62.0
새우튀김,라이스페이퍼,62,1,0.016,2.0,62.0
새우튀김,강황가루,62,1,0.016,2.0,62.0
새우튀김,쪽파,62,1,0.016,2.0,62.0
새우튀김,고춧가루,62,1,0.016,2.0,62.0
새우튀김,소주,62,1,0.016,2.0,62.0
새우튀김,치자우린물,62,1,0.016,2.0,62.0
새우튀김,폰즈소스,62,1,0.016,2.0,62.0
새우튀김,튀김,62,1,0.016,2.0,62.0
새우튀김,치자가루,62,1,0.016,2.0,62.0
새우튀김,치자,62,1,0.016,2.0,62.0
새우튀김,고구마,62,1,0.016,2.0,62.0
새우튀김,만두,62,1,0.016,2.0,62.0
새우튀김,타르타르소스,62,1,0.016,2.0,62.0
새우튀김,요구르트,62,1,0.016,2.0,62.0
새우튀김,유자청,62,1,0.016,2.0,62.0
새우튀김,겨자,62,1,0.016,2.0,62.0
새우튀김,탄산수,62,1,0.016,2.0,62.0
새우튀김,생강,62,1,0.016,2.0,62.0
새우튀김,중하,62,1,0.016,2.0,62.0
새우튀김,파프리카,62,1,0.016,2.0,62.0
새우튀김,문어,62,1,0.016,2.0,62.0
새우튀김,베이킹소다,62,1,0.016,2.0,62.0
새우튀김,밥,62,1,0.016,2.0,62.0
새우튀김,참기름,62,1,0.016,2.0,62.0
새우튀김,단무지,62,1,0.016,2.0,62.0
새우튀김,깻잎,62,1,0.016,2.0,62.0
새우튀김,감자,62,1,0.016,2.0,62.0
새우튀김,술,62,1,0.016,2.0,62.0
새우튀김,애호박,62,1,0.016,2.0,62.0
새우튀김,피망,62,1,0.016,2.0,62.0
새우튀김,옥수수,62,1,0.016,2.0,62.0
새우튀김,토마토,62,1,0.016,2.0,62.0
생선전,소금,54,39,0.722,40.0,16.0
생선전,계란,54,37,0.685,38.0,18.0
생선전,후춧가루,54,31,0.574,32.0,24.0
생선전,부침가루,54,23,0.426,24.0,32.0
생선전,밀가루,54,19,0.352,20.0,36.0
생선전,식용유,54,18,0.333,19.0,37.0
생선전,동태,54,16,0.296,17.0,39.0
생선전,청양고추,54,15,0.278,16.0,40.0
생선전,양파,54,14,0.259,15.0,41.0
생선전,당근,54,11,0.204,12.0,44.0
생선전,생선,54,10,0.185,11.0,45.0
생선전,고추,54,9,0.167,10.0,46.0
생선전,물,54,7,0.13,8.0,48.0
생선전,애호박,54,7,0.13,8.0,48.0
생선전,튀김가루,54,6,0.111,7.0,49.0
생선전,쑥갓,54,6,0.111,7.0,49.0
생선전,맛술,54,6,0.111,7.0,49.0
생선전,간장,54,6,0.111,7.0,49.0
생선전,식초,54,6,0.111,7.0,49.0
생선전,기름,54,5,0.093,6.0,50.0
생선전,대파,54,5,0.093,6.0,50.0
생선전,마늘,54,5,0.093,6.0,50.0
생선전,참기름,54,5,0.093,6.0,50.0
생선전,참치,54,5,0.093,6.0,50.0
생선전,전분,54,4,0.074,5.0,51.0
생선전,설탕,54,4,0.074,5.0,51.0
생선전,부추,54,4,0.074,5.0,51.0
생선전,감자,54,3,0.056,4.0,52.0
생선전,배추김치,54,3,0.056,4.0,52.0
생선전,쪽파,54,3,0.056,4.0,52.0
생선전,파프리카,54,2,0.037,3.0,53.0
생선전,오징어,54,2,0.037,3.0,53.0
생선전,멸치액젓,54,2,0.037,3.0,53.0
생선전,고춧가루,54,2,0.037,3.0,53.0
생선전,통깨,54,2,0.037,3.0,53.0
생선전,삼치,54,2,0.037,3.0,53.0
생선전,빵,54,2,0.037,3.0,53.0
생선전,스테이크소스,54,2,0.037,3.0,53.0
생선전,매실액,54,2,0.037,3.0,53.0
생선전,두부,54,2,0.037,3.0,53.0
생선전,피망,54,2,0.037,3.0,53.0
생선전,치즈,54,2,0.037,3.0,53.0
생선전,바사,54,1,0.019,2.0,54.0
생선전,굴,54,1,0.019,2.0,54.0
생선전,배추,54,1,0.019,2.0,54.0
생선전,탄산수,54,1,0.019,2.0,54.0
생선전,홍초,54,1,0.019,2.0,54.0
생선전,마요네즈,54,1,0.019,2.0,54.0
생선전,토마토,54,1,0.019,2.0,54.0
생선전,피클,54,1,0.019,2.0,54.0
생선전,양배추,54,1,0.019,2.0,54.0
생선전,타르타르소스,54,1,0.019,2.0,54.0
생선전,머스터드소스,54,1,0.019,2.0,54.0
생선전,강황가루,54,1,0.019,2.0,54.0
생선전,파슬리,54,1,0.019,2.0,54.0
생선전,새우,54,1,0.019,2.0,54.0
생선전,멸치,54,1,0.019,2.0,54.0
생선전,된장,54,1,0.019,2.0,54.0
생선전,들기름,54,1,0.019,2.0,54.0
생선전,깻잎,54,1,0.019,2.0,54.0
생선전,현미,54,1,0.019,2.0,54.0
생선전,미나리,54,1,0.019,2.0,54.0
생선전,느타리버섯,54,1,0.019,2.0,54.0
생선전,맛살,54,1,0.019,2.0,54.0
생선전,돼지고기,54,1,0.019,2.0,54.0
생선전,닭고기,54,1,0.019,2.0,54.0
생선전,고추기름,54,1,0.019,2.0,54.0
생선전,칠리소스,54,1,0.019,2.0,54.0
생선전,팽이버섯,54,1,0.019,2.0,54.0
생선전,옥수수,54,1,0.019,2.0,54.0
생선전,순살참조기,54,1,0.019,2.0,54.0
생선전,볼락살,54,1,0.019,2.0,54.0
생선전,케첩,54,1,0.019,2.0,54.0
설렁탕,소금,54,44,0.815,45.0,11.0
설렁탕,고춧가루,54,42,0.778,43.0,13.0
설렁탕,마늘,54,42,0.778,43.0,13.0
설렁탕,무,54,39,0.722,40.0,16.0
설렁탕,멸치액젓,54,37,0.685,38.0,18.0
설렁탕,새우젓,54,33,0.611,34.0,22.0
설렁탕,양파,54,31,0.574,32.0,24.0
설렁탕,설탕,54,27,0.5,28.0,28.0
설렁탕,대파,54,26,0.481,27.0,29.0
설렁탕,생강,54,25,0.463,26.0,30.0
설렁탕,물,54,19,0.352,20.0,36.0
설렁탕,매실액,54,17,0.315,18.0,38.0
설렁탕,쪽파,54,15,0.278,16.0,40.0
설렁탕,사이다,54,15,0.278,16.0,40.0
설렁탕,요구르트,54,14,0.259,15.0,41.0
설렁탕,사과,54,11,0.204,12.0,44.0
설렁탕,배,54,10,0.185,11.0,45.0
설렁탕,뉴슈가,54,9,0.167,10.0,46.0
설렁탕,밥,54,8,0.148,9.0,47.0
설렁탕,고추,54,7,0.13,8.0,48.0
설렁탕,후춧가루,54,6,0.111,7.0,49.0
설렁탕,찹쌀가루,54,6,0.111,7.0,49.0
설렁탕,밀가루,54,6,0.111,7.0,49.0
설렁탕,사골,54,5,0.093,6.0,50.0
설렁탕,멸치,54,5,0.093,6.0,50.0
설렁탕,소주,54,4,0.074,5.0,51.0
설렁탕,통깨,54,4,0.074,5.0,51.0
설렁탕,소고기,54,3,0.056,4.0,52.0
설렁탕,소면,54,3,0.056,4.0,52.0
설렁탕,찹쌀풀,54,3,0.056,4.0,52.0
설렁탕,청양고추,54,3,0.056,4.0,52.0
설렁탕,배추,54,3,0.056,4.0,52.0
설렁탕,설렁탕,54,3,0.056,4.0,52.0
설렁탕,식초,54,3,0.056,4.0,52.0
설렁탕,떡,54,3,0.056,4.0,52.0
설렁탕,육수,54,3,0.056,4.0,52.0
설렁탕,계란,54,3,0.056,4.0,52.0
설렁탕,다시마,54,3,0.056,4.0,52.0
설렁탕,돼지고기,54,2,0.037,3.0,53.0
설렁탕,닭고기,54,2,0.037,3.0,53.0
설렁탕,배즙,54,2,0.037,3.0,53.0
설렁탕,올리고당,54,2,0.037,3.0,53.0
설렁탕,부추,54,2,0.037,3.0,53.0
설렁탕,다시다,54,2,0.037,3.0,53.0
설렁탕,만두,54,2,0.037,3.0,53.0
설렁탕,어묵,54,2,0.037,3.0,53.0
설렁탕,삼각살,54,1,0.019,2.0,54.0
설렁탕,쑥,54,1,0.019,2.0,54.0
설렁탕,당근,54,1,0.019,2.0,54.0
설렁탕,감자,54,1,0.019,2.0,54.0
설렁탕,숙주,54,1,0.019,2.0,54.0
설렁탕,양념장,54,1,0.019,2.0,54.0
설렁탕,쌀뜨물,54,1,0.019,2.0,54.0
설렁탕,당면,54,1,0.019,2.0,54.0
설렁탕,간장,54,1,0.019,2.0,54.0
설렁탕,본설렁탕,54,1,0.019,2.0,54.0
설렁탕,전복,54,1,0.019,2.0,54.0
설렁탕,낙지,54,1,0.019,2.0,54.0
설렁탕,미나리,54,1,0.019,2.0,54.0
설렁탕,표고버섯,54,1,0.019,2.0,54.0
설렁탕,맛술,54,1,0.019,2.0,54.0
설렁탕,참기름,54,1,0.019,2.0,54.0
설렁탕,천일념,54,1,0.019,2.0,54.0
설렁탕,갓,54,1,0.019,2.0,54.0
설렁탕,젓갈,54,1,0.019,2.0,54.0
설렁탕,삼계탕용재료,54,1,0.019,2.0,54.0
설렁탕,파스타면,54,1,0.019,2.0,54.0
설렁탕,바지락,54,1,0.019,2.0,54.0
설렁탕,와인,54,1,0.019,2.0,54.0
설렁탕,페페론치노,54,1,0.019,2.0,54.0
설렁탕,식용유,54,1,0.019,2.0,54.0
설렁탕,파슬리,54,1,0.019,2.0,54.0
설렁탕,시판설렁탕,54,1,0.019,2.0,54.0
설렁탕,배추김치,54,1,0.019,2.0,54.0
설렁탕,양패,54,1,0.019,2.0,54.0
설렁탕,뉴슈거,54,1,0.019,2.0,54.0
설렁탕,참치액,54,1,0.019,2.0,54.0
설렁탕,고구마,54,1,0.019,2.0,54.0
설렁탕,꽃게,54,1,0.019,2.0,54.0
설렁탕,비비고설렁탕,54,1,0.019,2.0,54.0
설렁탕,치즈,54,1,0.019,2.0,54.0
설렁탕,고추장,54,1,0.019,2.0,54.0
설렁탕,알룰로스,54,1,0.019,2.0,54.0
설렁탕,굴소스,54,1,0.019,2.0,54.0
설렁탕,꿀,54,1,0.019,2.0,54.0
송편,통깨,55,37,0.673,38.0,19.0
송편,설탕,55,35,0.636,36.0,21.0
송편,멥쌀가루,55,33,0.6,34.0,23.0
송편,물,55,29,0.527,30.0,27.0
송편,소금,55,27,0.491,28.0,29.0
송편,참기름,55,23,0.418,24.0,33.0
송편,송편,55,14,0.255,15.0,42.0
송편,애호박,55,13,0.236,14.0,43.0
송편,꿀,55,11,0.2,12.0,45.0
송편,식용유,55,10,0.182,11.0,46.0
송편,녹차가루,55,9,0.164,10.0,47.0
송편,콩,55,7,0.127,8.0,49.0
송편,고구마,55,7,0.127,8.0,49.0
송편,쌀,55,7,0.127,8.0,49.0
송편,올리고당,55,6,0.109,7.0,50.0
송편,쑥,55,6,0.109,7.0,50.0
송편,콩가루,55,6,0.109,7.0,50.0
송편,간장,55,4,0.073,5.0,52.0
송편,밤,55,4,0.073,5.0,52.0
송편,비트,55,4,0.073,5.0,52.0
송편,솔잎,55,4,0.073,5.0,52.0
송편,찹쌀가루,55,4,0.073,5.0,52.0
송편,팥,55,4,0.073,5.0,52.0
송편,백년초가루,55,3,0.055,4.0,53.0
송편,기름,55,3,0.055,4.0,53.0
송편,딸기가루,55,3,0.055,4.0,53.0
송편,양파,55,2,0.036,3.0,54.0
송편,병아리콩,55,2,0.036,3.0,54.0
송편,마늘,55,2,0.036,3.0,54.0
송편,당근,55,2,0.036,3.0,54.0
송편,아로니아가루,55,2,0.036,3.0,54.0
송편,강낭콩,55,2,0.036,3.0,54.0
송편,호두,55,2,0.036,3.0,54.0
송편,치자가루,55,2,0.036,3.0,54.0
송편,버터,55,2,0.036,3.0,54.0
송편,완두콩,55,2,0.036,3.0,54.0
송편,전분,55,2,0.036,3.0,54.0
송편,치즈,55,1,0.018,2.0,55.0
송편,베이컨,55,1,0.018,2.0,55.0
송편,토마토,55,1,0.018,2.0,55.0
송편,소시지,55,1,0.018,2.0,55.0
송편,꼬치,55,1,0.018,2.0,55.0
송편,칠리소스,55,1,0.018,2.0,55.0
송편,고추장,55,1,0.018,2.0,55.0
송편,실온물,55,1,0.018,2.0,55.0
송편,백년초,55,1,0.018,2.0,55.0
송편,앙금,55,1,0.018,2.0,55.0
송편,비타민열매가루,55,1,0.018,2.0,55.0
송편,가지,55,1,0.018,2.0,55.0
송편,백년초가루또는천년초가루,55,1,0.018,2.0,55.0
송편,배추,55,1,0.018,2.0,55.0
송편,레몬,55,1,0.018,2.0,55.0
송편,청양고추,55,1,0.018,2.0,55.0
송편,양송이버섯,55,1,0.018,2.0,55.0
송편,우유,55,1,0.018,2.0,55.0
송편,생크림,55,1,0.018,2.0,55.0
송편,대파,55,1,0.018,2.0,55.0
송편,고추기름,55,1,0.018,2.0,55.0
송편,후춧가루,55,1,0.018,2.0,55.0
송편,모싯잎가루,55,1,0.018,2.0,55.0
송편,적두,55,1,0.018,2.0,55.0
송편,생율,55,1,0.018,2.0,55.0
송편,백태,55,1,0.018,2.0,55.0
송편,라이스페이퍼,55,1,0.018,2.0,55.0
송편,머스터드소스,55,1,0.018,2.0,55.0
송편,겨자,55,1,0.018,2.0,55.0
송편,흑미가루,55,1,0.018,2.0,55.0
송편,석류착즙,55,1,0.018,2.0,55.0
송편,팜슈가,55,1,0.018,2.0,55.0
송편,파프리카,55,1,0.018,2.0,55.0
송편,오미자청,55,1,0.018,2.0,55.0
송편,식초,55,1,0.018,2.0,55.0
송편,도토리가루,55,1,0.018,2.0,55.0
송편,딸기가루동결건조분말,55,1,0.018,2.0,55.0
송편,복분자즙,55,1,0.018,2.0,55.0
송편,울금가루,55,1,0.018,2.0,55.0
송편,치자물,55,1,0.018,2.0,55.0
송편,반죽용물,55,1,0.018,2.0,55.0
송편,찜용물,55,1,0.018,2.0,55.0
송편,블루베리파우더,55,1,0.018,2.0,55.0
송편,땅콩,55,1,0.018,2.0,55.0
송편,아이스크림,55,1,0.018,2.0,55.0
송편,계피,55,1,0.018,2.0,55.0
송편,천연색소,55,1,0.018,2.0,55.0
송편,딸기반죽,55,1,0.018,2.0,55.0
송편,녹차반죽,55,1,0.018,2.0,55.0
송편,연유,55,1,0.018,2.0,55.0
송편,천연파우더,55,1,0.018,2.0,55.0
송편,강황가루,55,1,0.018,2.0,55.0
송편,포도,55,1,0.018,2.0,55.0
송편,치자,55,1,0.018,2.0,55.0
송편,견과류,55,1,0.018,2.0,55.0
송편,슈가파우더,55,1,0.018,2.0,55.0
송편,감자,55,1,0.018,2.0,55.0
송편,떡,55,1,0.018,2.0,55.0
수정과,생강,53,52,0.981,53.0,2.0
수정과,계피,53,52,0.981,53.0,2.0
수정과,설탕,53,49,0.925,50.0,5.0
수정과,물,53,44,0.83,45.0,10.0
수정과,곶감,53,26,0.491,27.0,28.0
수정과,잣,53,25,0.472,26.0,29.0
수정과,대추,53,21,0.396,22.0,33.0
수정과,호두,53,10,0.189,11.0,44.0
수정과,후춧가루,53,6,0.113,7.0,48.0
수정과,꿀,53,3,0.057,4.0,51.0
수정과,소금,53,2,0.038,3.0,52.0
수정과,땅콩,53,1,0.019,2.0,53.0
수정과,올리고당,53,1,0.019,2.0,53.0
수정과,원당,53,1,0.019,2.0,53.0
수정과,타가토스,53,1,0.019,2.0,53.0
수정과,반건시,53,1,0.019,2.0,53.0
수정과,사과,53,1,0.019,2.0,53.0
수정과,유자청,53,1,0.019,2.0,53.0
순대,순대,60,52,0.867,53.0,9.0
순대,마늘,60,52,0.867,53.0,9.0
순대,고춧가루,60,43,0.717,44.0,18.0
순대,양파,60,39,0.65,40.0,22.0
순대,후춧가루,60,38,0.633,39.0,23.0
순대,대파,60,37,0.617,38.0,24.0
순대,깻잎,60,34,0.567,35.0,27.0
순대,간장,60,34,0.567,35.0,27.0
순대,고추장,60,32,0.533,33.0,29.0
순대,들깨,60,31,0.517,32.0,30.0
순대,양배추,60,27,0.45,28.0,34.0
순대,설탕,60,25,0.417,26.0,36.0
순대,소금,60,24,0.4,25.0,37.0
순대,청양고추,60,23,0.383,24.0,38.0
순대,올리고당,60,22,0.367,23.0,39.0
순대,참기름,60,21,0.35,22.0,40.0
순대,맛술,60,19,0.317,20.0,42.0
순대,당근,60,19,0.317,20.0,42.0
순대,통깨,60,17,0.283,18.0,44.0
순대,물,60,13,0.217,14.0,48.0
순대,식용유,60,11,0.183,12.0,50.0
순대,고추,60,10,0.167,11.0,51.0
순대,떡,60,9,0.15,10.0,52.0
순대,돼지고기,60,8,0.133,9.0,53.0
순대,부추,60,8,0.133,9.0,53.0
순대,생강,60,8,0.133,9.0,53.0
순대,매실액,60,8,0.133,9.0,53.0
순대,사골,60,8,0.133,9.0,53.0
순대,들기름,60,8,0.133,9.0,53.0
순대,당면,60,7,0.117,8.0,54.0
순대,굴소스,60,7,0.117,8.0,54.0
순대,새우젓,60,7,0.117,8.0,54.0
순대,새송이버섯,60,5,0.083,6.0,56.0
순대,콩나물,60,5,0.083,6.0,56.0
순대,멸치액젓,60,4,0.067,5.0,57.0
순대,두부,60,3,0.05,4.0,58.0
순대,계란,60,3,0.05,4.0,58.0
순대,표고버섯,60,3,0.05,4.0,58.0
순대,카레가루,60,3,0.05,4.0,58.0
순대,가지,60,3,0.05,4.0,58.0
순대,밥,60,3,0.05,4.0,58.0
순대,된장,60,3,0.05,4.0,58.0
순대,치즈,60,3,0.05,4.0,58.0
순대,오징어,60,2,0.033,3.0,59.0
순대,밀가루,60,2,0.033,3.0,59.0
순대,식초,60,2,0.033,3.0,59.0
순대,쪽파,60,2,0.033,3.0,59.0
순대,팽이버섯,60,2,0.033,3.0,59.0
순대,버섯,60,2,0.033,3.0,59.0
순대,찹쌀,60,2,0.033,3.0,59.0
순대,케첩,60,2,0.033,3.0,59.0
순대,배추,60,2,0.033,3.0,59.0
순대,고추기름,60,2,0.033,3.0,59.0
순대,생각,60,1,0.017,2.0,60.0
순대,전분,60,1,0.017,2.0,60.0
순대,메밀가루,60,1,0.017,2.0,60.0
순대,깻순,60,1,0.017,2.0,60.0
순대,곰탕,60,1,0.017,2.0,60.0
순대,찹쌀가루,60,1,0.017,2.0,60.0
순대,다시마,60,1,0.017,2.0,60.0
순대,멸치,60,1,0.017,2.0,60.0
순대,느타리버섯,60,1,0.017,2.0,60.0
순대,컬러밀,60,1,0.017,2.0,60.0
순대,아라비아따,60,1,0.017,2.0,60.0
순대,어묵,60,1,0.017,2.0,60.0
순대,사과,60,1,0.017,2.0,60.0
순대,버터,60,1,0.017,2.0,60.0
순대,튀김가루,60,1,0.017,2.0,60.0
순대,채소,60,1,0.017,2.0,60.0
순대,양념소스,60,1,0.017,2.0,60.0
순대,생크림,60,1,0.017,2.0,60.0
순대,우유,60,1,0.017,2.0,60.0
순대,닭고기,60,1,0.017,2.0,60.0
순대,고기,60,1,0.017,2.0,60.0
순대,소고기,60,1,0.017,2.0,60.0
순대,라면,60,1,0.017,2.0,60.0
순대,우동면,60,1,0.017,2.0,60.0
순대,소주,60,1,0.017,2.0,60.0
순두부찌개,두부,69,68,0.986,69.0,2.0
순두부찌개,대파,69,64,0.928,65.0,6.0
순두부찌개,마늘,69,59,0.855,60.0,11.0
순두부찌개,고춧가루,69,57,0.826,58.0,13.0
순두부찌개,양파,69,53,0.768,54.0,17.0
순두부찌개,간장,69,48,0.696,49.0,22.0
순두부찌개,계란,69,39,0.565,40.0,31.0
순두부찌개,청양고추,69,33,0.478,34.0,37.0
순두부찌개,소금,69,32,0.464,33.0,38.0
순두부찌개,참기름,69,26,0.377,27.0,44.0
순두부찌개,애호박,69,25,0.362,26.0,45.0
순두부찌개,후춧가루,69,25,0.362,26.0,45.0
순두부찌개,돼지고기,69,20,0.29,21.0,50.0
순두부찌개,멸치,69,19,0.275,20.0,51.0
순두부찌개,물,69,18,0.261,19.0,52.0
순두부찌개,식용유,69,18,0.261,19.0,52.0
순두부찌개,설탕,69,18,0.261,19.0,52.0
순두부찌개,새우젓,69,17,0.246,18.0,53.0
순두부찌개,고추기름,69,13,0.188,14.0,57.0
순두부찌개,맛술,69,13,0.188,14.0,57.0
순두부찌개,바지락,69,12,0.174,13.0,58.0
순두부찌개,배추김치,69,12,0.174,13.0,58.0
순두부찌개,고추,69,12,0.174,13.0,58.0
순두부찌개,들기름,69,6,0.087,7.0,64.0
순두부찌개,새우,69,6,0.087,7.0,64.0
순두부찌개,느타리버섯,69,6,0.087,7.0,64.0
순두부찌개,팽이버섯,69,5,0.072,6.0,65.0
순두부찌개,멸치액젓,69,5,0.072,6.0,65.0
순두부찌개,햄,69,5,0.072,6.0,65.0
순두부찌개,참치액,69,5,0.072,6.0,65.0
순두부찌개,버섯,69,4,0.058,5.0,66.0
순두부찌개,표고버섯,69,4,0.058,5.0,66.0
순두부찌개,다시마,69,4,0.058,5.0,66.0
순두부찌개,굴소스,69,4,0.058,5.0,66.0
순두부찌개,소고기,69,4,0.058,5.0,66.0
순두부찌개,육수,69,4,0.058,5.0,66.0
순두부찌개,생강,69,4,0.058,5.0,66.0
순두부찌개,고추장,69,4,0.058,5.0,66.0
순두부찌개,연두,69,3,0.043,4.0,67.0
순두부찌개,참치,69,3,0.043,4.0,67.0
순두부찌개,쪽파,69,3,0.043,4.0,67.0
순두부찌개,해물,69,2,0.029,3.0,68.0
순두부찌개,고기,69,2,0.029,3.0,68.0
순두부찌개,올리고당,69,2,0.029,3.0,68.0
순두부찌개,양념장,69,2,0.029,3.0,68.0
순두부찌개,무,69,1,0.014,2.0,69.0
순두부찌개,굴,69,1,0.014,2.0,69.0
순두부찌개,식초,69,1,0.014,2.0,69.0
순두부찌개,오징어,69,1,0.014,2.0,69.0
순두부찌개,당면,69,1,0.014,2.0,69.0
순두부찌개,다시다,69,1,0.014,2.0,69.0
순두부찌개,해산물,69,1,0.014,2.0,69.0
순두부찌개,새송이버섯,69,1,0.014,2.0,69.0
순두부찌개,다시물,69,1,0.014,2.0,69.0
순두부찌개,김치국물,69,1,0.014,2.0,69.0
순두부찌개,꼬막,69,1,0.014,2.0,69.0
순두부찌개,쌀뜨물,69,1,0.014,2.0,69.0
순두부찌개,만두,69,1,0.014,2.0,69.0
순두부찌개,명란젓,69,1,0.014,2.0,69.0
순두부찌개,소주,69,1,0.014,2.0,69.0
순두부찌개,잣,69,1,0.014,2.0,69.0
순두부찌개,들깨,69,1,0.014,2.0,69.0
순두부찌개,통깨,69,1,0.014,2.0,69.0
순두부찌개,된장,69,1,0.014,2.0,69.0
순두부찌개,감자,69,1,0.014,2.0,69.0
순두부찌개,베이컨,69,1,0.014,2.0,69.0
순두부찌개,기름,69,1,0.014,2.0,69.0
슈크림 붕어빵,설탕,54,33,0.611,34.0,22.0
슈크림 붕어빵,우유,54,31,0.574,32.0,24.0
슈크림 붕어빵,계란,54,30,0.556,31.0,25.0
슈크림 붕어빵,버터,54,27,0.5,28.0,28.0
슈크림 붕어빵,밀가루,54,26,0.481,27.0,29.0
슈크림 붕어빵,소금,54,23,0.426,24.0,32.0
슈크림 붕어빵,치즈,54,22,0.407,23.0,33.0
슈크림 붕어빵,물,54,16,0.296,17.0,39.0
슈크림 붕어빵,양파,54,12,0.222,13.0,43.0
슈크림 붕어빵,식용유,54,11,0.204,12.0,44.0
슈크림 붕어빵,베이킹파우더,54,11,0.204,12.0,44.0
슈크림 붕어빵,바닐라빈,54,11,0.204,12.0,44.0
슈크림 붕어빵,생크림,54,11,0.204,12.0,44.0
슈크림 붕어빵,후춧가루,54,11,0.204,12.0,44.0
슈크림 붕어빵,마늘,54,10,0.185,11.0,45.0
슈크림 붕어빵,베이컨,54,9,0.167,10.0,46.0
슈크림 붕어빵,팥,54,6,0.111,7.0,49.0
슈크림 붕어빵,파스타면,54,6,0.111,7.0,49.0
슈크림 붕어빵,새우,54,6,0.111,7.0,49.0
슈크림 붕어빵,파슬리,54,6,0.111,7.0,49.0
슈크림 붕어빵,커스터드크림,54,5,0.093,6.0,50.0
슈크림 붕어빵,전분,54,4,0.074,5.0,51.0
슈크림 붕어빵,커피가루,54,4,0.074,5.0,51.0
슈크림 붕어빵,아몬드,54,3,0.056,4.0,52.0
슈크림 붕어빵,양송이버섯,54,3,0.056,4.0,52.0
슈크림 붕어빵,대파,54,3,0.056,4.0,52.0
슈크림 붕어빵,코코아가루,54,3,0.056,4.0,52.0
슈크림 붕어빵,간장,54,3,0.056,4.0,52.0
슈크림 붕어빵,케첩,54,3,0.056,4.0,52.0
슈크림 붕어빵,마요네즈,54,3,0.056,4.0,52.0
슈크림 붕어빵,식초,54,3,0.056,4.0,52.0
슈크림 붕어빵,올리고당,54,2,0.037,3.0,53.0
슈크림 붕어빵,찹쌀가루,54,2,0.037,3.0,53.0
슈크림 붕어빵,핫케이크가루,54,2,0.037,3.0,53.0
슈크림 붕어빵,빵,54,2,0.037,3.0,53.0
슈크림 붕어빵,옥수수,54,2,0.037,3.0,53.0
슈크림 붕어빵,고구마,54,2,0.037,3.0,53.0
슈크림 붕어빵,기름,54,2,0.037,3.0,53.0
슈크림 붕어빵,카스테라,54,2,0.037,3.0,53.0
슈크림 붕어빵,이스트,54,2,0.037,3.0,53.0
슈크림 붕어빵,호두,54,2,0.037,3.0,53.0
슈크림 붕어빵,슈가파우더,54,2,0.037,3.0,53.0
슈크림 붕어빵,돼지고기,54,2,0.037,3.0,53.0
슈크림 붕어빵,맛술,54,2,0.037,3.0,53.0
슈크림 붕어빵,햄,54,2,0.037,3.0,53.0
슈크림 붕어빵,레몬,54,2,0.037,3.0,53.0
슈크림 붕어빵,감자,54,2,0.037,3.0,53.0
슈크림 붕어빵,튀김가루,54,2,0.037,3.0,53.0
슈크림 붕어빵,에리스리톨,54,1,0.019,2.0,54.0
슈크림 붕어빵,애로루트가루,54,1,0.019,2.0,54.0
슈크림 붕어빵,코코넛가루,54,1,0.019,2.0,54.0
슈크림 붕어빵,백색앙금,54,1,0.019,2.0,54.0
슈크림 붕어빵,새송이버섯,54,1,0.019,2.0,54.0
슈크림 붕어빵,밥,54,1,0.019,2.0,54.0
슈크림 붕어빵,버섯,54,1,0.019,2.0,54.0
슈크림 붕어빵,인절미,54,1,0.019,2.0,54.0
슈크림 붕어빵,배추,54,1,0.019,2.0,54.0
슈크림 붕어빵,당면,54,1,0.019,2.0,54.0
슈크림 붕어빵,카레가루,54,1,0.019,2.0,54.0
슈크림 붕어빵,쯔유,54,1,0.019,2.0,54.0
슈크림 붕어빵,부침가루,54,1,0.019,2.0,54.0
슈크림 붕어빵,양상추,54,1,0.019,2.0,54.0
슈크림 붕어빵,애호박,54,1,0.019,2.0,54.0
슈크림 붕어빵,밀크초콜릿,54,1,0.019,2.0,54.0
슈크림 붕어빵,녹차가루,54,1,0.019,2.0,54.0
슈크림 붕어빵,복숭아,54,1,0.019,2.0,54.0
슈크림 붕어빵,키위,54,1,0.019,2.0,54.0
슈크림 붕어빵,블루베리,54,1,0.019,2.0,54.0
슈크림 붕어빵,고춧가루,54,1,0.019,2.0,54.0
슈크림 붕어빵,닭고기,54,1,0.019,2.0,54.0
슈크림 붕어빵,꿀,54,1,0.019,2.0,54.0
슈크림 붕어빵,슈물,54,1,0.019,2.0,54.0
슈크림 붕어빵,술,54,1,0.019,2.0,54.0
슈크림 붕어빵,두유,54,1,0.019,2.0,54.0
슈크림 붕어빵,우동면,54,1,0.019,2.0,54.0
슈크림 붕어빵,허브솔트,54,1,0.019,2.0,54.0
슈크림 붕어빵,백앙금,54,1,0.019,2.0,54.0
슈크림 붕어빵,누텔라,54,1,0.019,2.0,54.0
슈크림 붕어빵,땅콩,54,1,0.019,2.0,54.0
슈크림 붕어빵,느타리버섯,54,1,0.019,2.0,54.0
슈크림 붕어빵,딸기,54,1,0.019,2.0,54.0
슈크림 붕어빵,연유,54,1,0.019,2.0,54.0
슈크림 붕어빵,애플민트,54,1,0.019,2.0,54.0
슈크림 붕어빵,피망,54,1,0.019,2.0,54.0
슈크림 붕어빵,토마토,54,1,0.019,2.0,54.0
슈크림 붕어빵,브로컬리,54,1,0.019,2.0,54.0
시금치나물,시금치,64,63,0.984,64.0,2.0
시금치나물,마늘,64,46,0.719,47.0,19.0
시금치나물,소금,64,45,0.703,46.0,20.0
시금치나물,통깨,64,37,0.578,38.0,28.0
시금치나물,참기름,64,30,0.469,31.0,35.0
시금치나물,대파,64,28,0.438,29.0,37.0
시금치나물,간장,64,23,0.359,24.0,42.0
시금치나물,된장,64,17,0.266,18.0,48.0
시금치나물,계란,64,11,0.172,12.0,54.0
시금치나물,설탕,64,10,0.156,11.0,55.0
시금치나물,고추장,64,8,0.125,9.0,57.0
시금치나물,식용유,64,8,0.125,9.0,57.0
시금치나물,들기름,64,8,0.125,9.0,57.0
시금치나물,멸치,64,8,0.125,9.0,57.0
시금치나물,청양고추,64,8,0.125,9.0,57.0
시금치나물,양파,64,8,0.125,9.0,57.0
시금치나물,고춧가루,64,7,0.109,8.0,58.0
시금치나물,후춧가루,64,7,0.109,8.0,58.0
시금치나물,우유,64,6,0.094,7.0,59.0
시금치나물,멸치액젓,64,5,0.078,6.0,60.0
시금치나물,다시마,64,5,0.078,6.0,60.0
시금치나물,쌀뜨물,64,5,0.078,6.0,60.0
시금치나물,물,64,5,0.078,6.0,60.0
시금치나물,매실액,64,4,0.062,5.0,61.0
시금치나물,새우,64,4,0.062,5.0,61.0
시금치나물,연두,64,3,0.047,4.0,62.0
시금치나물,밥,64,3,0.047,4.0,62.0
시금치나물,두부,64,3,0.047,4.0,62.0
시금치나물,굴소스,64,3,0.047,4.0,62.0
시금치나물,식초,64,3,0.047,4.0,62.0
시금치나물,소시지,64,3,0.047,4.0,62.0
시금치나물,베이컨,64,3,0.047,4.0,62.0
시금치나물,고사리,64,2,0.031,3.0,63.0
시금치나물,김,64,2,0.031,3.0,63.0
시금치나물,파스타면,64,2,0.031,3.0,63.0
시금치나물,당근,64,2,0.031,3.0,63.0
시금치나물,바지락,64,2,0.031,3.0,63.0
시금치나물,돼지고기,64,2,0.031,3.0,63.0
시금치나물,토마토,64,2,0.031,3.0,63.0
시금치나물,들깨,64,2,0.031,3.0,63.0
시금치나물,치즈,64,2,0.031,3.0,63.0
시금치나물,파프리카,64,2,0.031,3.0,63.0
시금치나물,햄,64,2,0.031,3.0,63.0
시금치나물,콩나물,64,1,0.016,2.0,64.0
시금치나물,기름,64,1,0.016,2.0,64.0
시금치나물,올리고당,64,1,0.016,2.0,64.0
시금치나물,도라지,64,1,0.016,2.0,64.0
시금치나물,버섯,64,1,0.016,2.0,64.0
시금치나물,느타리버섯,64,1,0.016,2.0,64.0
시금치나물,다시다,64,1,0.016,2.0,64.0
시금치나물,고추,64,1,0.016,2.0,64.0
시금치나물,새송이버섯,64,1,0.016,2.0,64.0
시금치나물,생크림,64,1,0.016,2.0,64.0
시금치나물,맛살,64,1,0.016,2.0,64.0
시금치나물,맛술,64,1,0.016,2.0,64.0
시금치나물,봄동,64,1,0.016,2.0,64.0
시금치나물,카레가루,64,1,0.016,2.0,64.0
식혜,설탕,57,56,0.982,57.0,2.0
식혜,물,57,48,0.842,49.0,10.0
식혜,엿기름,57,47,0.825,48.0,11.0
식혜,밥,57,33,0.579,34.0,25.0
식혜,쌀,57,23,0.404,24.0,35.0
식혜,생강,57,19,0.333,20.0,39.0
식혜,잣,57,10,0.175,11.0,48.0
식혜,대추,57,8,0.14,9.0,50.0
식혜,찹쌀,57,5,0.088,6.0,53.0
식혜,소금,57,4,0.07,5.0,54.0
식혜,애호박,57,3,0.053,4.0,55.0
식혜,올리고당,57,2,0.035,3.0,56.0
식혜,만두,57,1,0.018,2.0,57.0
식혜,감초,57,1,0.018,2.0,57.0
식혜,곶감,57,1,0.018,2.0,57.0
식혜,엿질금,57,1,0.018,2.0,57.0
식혜,햇반,57,1,0.018,2.0,57.0
식혜,베주머니,57,1,0.018,2.0,57.0
식혜,유자청,57,1,0.018,2.0,57.0
식혜,뉴슈가,57,1,0.018,2.0,57.0
식혜,인삼,57,1,0.018,2.0,57.0
애호박전,애호박,65,65,1.0,66.0,1.0
애호박전,계란,65,45,0.692,46.0,21.0
애호박전,소금,65,44,0.677,45.0,22.0
애호박전,부침가루,65,35,0.538,36.0,31.0
애호박전,식용유,65,33,0.508,34.0,33.0
애호박전,청양고추,65,19,0.292,20.0,47.0
애호박전,간장,65,19,0.292,20.0,47.0
애호박전,고추,65,18,0.277,19.0,48.0
애호박전,밀가루,65,18,0.277,19.0,48.0
애호박전,양파,65,14,0.215,15.0,52.0
애호박전,식초,65,14,0.215,15.0,52.0
애호박전,고춧가루,65,12,0.185,13.0,54.0
애호박전,당근,65,11,0.169,12.0,55.0
애호박전,물,65,11,0.169,12.0,55.0
애호박전,새우,65,11,0.169,12.0,55.0
애호박전,전분,65,11,0.169,12.0,55.0
애호박전,통깨,65,10,0.154,11.0,56.0
애호박전,참기름,65,8,0.123,9.0,58.0
애호박전,후춧가루,65,7,0.108,8.0,59.0
애호박전,대파,65,5,0.077,6.0,61.0
애호박전,튀김가루,65,5,0.077,6.0,61.0
애호박전,연두,65,3,0.046,4.0,63.0
애호박전,돼지고기,65,2,0.031,3.0,64.0
애호박전,마늘,65,2,0.031,3.0,64.0
애호박전,쑥갓,65,2,0.031,3.0,64.0
애호박전,맛살,65,2,0.031,3.0,64.0
애호박전,소시지,65,2,0.031,3.0,64.0
애호박전,부침유,65,2,0.031,3.0,64.0
애호박전,팽이버섯,65,2,0.031,3.0,64.0
애호박전,기름,65,2,0.031,3.0,64.0
애호박전,쪽파,65,2,0.031,3.0,64.0
애호박전,맛술,65,2,0.031,3.0,64.0
애호박전,생강,65,1,0.015,2.0,65.0
애호박전,깻잎,65,1,0.015,2.0,65.0
애호박전,두부,65,1,0.015,2.0,65.0
애호박전,굴,65,1,0.015,2.0,65.0
애호박전,빵가루,65,1,0.015,2.0,65.0
애호박전,참치,65,1,0.015,2.0,65.0
애호박전,크린백,65,1,0.015,2.0,65.0
애호박전,멸치액젓,65,1,0.015,2.0,65.0
애호박전,위생봉지,65,1,0.015,2.0,65.0
애호박전,올리고당,65,1,0.015,2.0,65.0
애호박전,새우젓,65,1,0.015,2.0,65.0
애호박전,설탕,65,1,0.015,2.0,65.0
애호박전,울금가루,65,1,0.015,2.0,65.0
애호박전,매실액,65,1,0.015,2.0,65.0
애호박전,파프리카,65,1,0.015,2.0,65.0
애호박전,비닐팩,65,1,0.015,2.0,65.0
애호박전,허브쏠트,65,1,0.015,2.0,65.0
애호박전,허브솔트,65,1,0.015,2.0,65.0
애호박전,유자폰즈소스,65,1,0.015,2.0,65.0
약과,밀가루,37,25,0.676,26.0,13.0
약과,물,37,25,0.676,26.0,13.0
약과,소금,37,24,0.649,25.0,14.0
약과,계피,37,22,0.595,23.0,16.0
약과,올리고당,37,22,0.595,23.0,16.0
약과,설탕,37,22,0.595,23.0,16.0
약과,생강,37,19,0.514,20.0,19.0
약과,참기름,37,18,0.486,19.0,20.0
약과,후춧가루,37,16,0.432,17.0,22.0
약과,꿀,37,14,0.378,15.0,24.0
약과,식용유,37,12,0.324,13.0,26.0
약과,잣,37,9,0.243,10.0,29.0
약과,계란,37,9,0.243,10.0,29.0
약과,약과,37,8,0.216,9.0,30.0
약과,소주,37,8,0.216,9.0,30.0
약과,맛술,37,7,0.189,8.0,31.0
약과,대추,37,6,0.162,7.0,32.0
약과,집청,37,5,0.135,6.0,33.0
약과,아몬드,37,5,0.135,6.0,33.0
약과,베이킹파우더,37,5,0.135,6.0,33.0
약과,버터,37,5,0.135,6.0,33.0
약과,견과류,37,4,0.108,5.0,34.0
약과,알룰로스,37,3,0.081,4.0,35.0
약과,찹쌀가루,37,3,0.081,4.0,35.0
약과,바닐라빈,37,3,0.081,4.0,35.0
약과,우유,37,3,0.081,4.0,35.0
약과,아이스크림,37,2,0.054,3.0,36.0
약과,기름,37,2,0.054,3.0,36.0
약과,베이킹소다,37,2,0.054,3.0,36.0
약과,애호박,37,2,0.054,3.0,36.0
약과,통깨,37,2,0.054,3.0,36.0
약과,인삼,37,2,0.054,3.0,36.0
약과,전분,37,2,0.054,3.0,36.0
약과,고추,37,2,0.054,3.0,36.0
약과,간장,37,2,0.054,3.0,36.0
약과,요구르트,37,2,0.054,3.0,36.0
약과,커피가루,37,2,0.054,3.0,36.0
약과,생크림,37,2,0.054,3.0,36.0
약과,멥쌀가루,37,2,0.054,3.0,36.0
약과,땅콩,37,1,0.027,2.0,37.0
약과,식소다,37,1,0.027,2.0,37.0
약과,집청시럽,37,1,0.027,2.0,37.0
약과,스테비아,37,1,0.027,2.0,37.0
약과,두유,37,1,0.027,2.0,37.0
약과,레몬,37,1,0.027,2.0,37.0
약과,감시럽,37,1,0.027,2.0,37.0
약과,요리유,37,1,0.027,2.0,37.0
약과,해바라기씨,37,1,0.027,2.0,37.0
약과,매실,37,1,0.027,2.0,37.0
약과,콩가루,37,1,0.027,2.0,37.0
약과,슈가파우더,37,1,0.027,2.0,37.0
약과,쭈꾸미,37,1,0.027,2.0,37.0
약과,양배추,37,1,0.027,2.0,37.0
약과,떡,37,1,0.027,2.0,37.0
약과,청양고추,37,1,0.027,2.0,37.0
약과,고추장,37,1,0.027,2.0,37.0
약과,마늘,37,1,0.027,2.0,37.0
약과,대파,37,1,0.027,2.0,37.0
약과,당근,37,1,0.027,2.0,37.0
약과,귀리,37,1,0.027,2.0,37.0
약과,치즈,37,1,0.027,2.0,37.0
약과,분당,37,1,0.027,2.0,37.0
약과,감자,37,1,0.027,2.0,37.0
약과,베주머니,37,1,0.027,2.0,37.0
약과,강판,37,1,0.027,2.0,37.0
약과,닭고기,37,1,0.027,2.0,37.0
약과,고구마,37,1,0.027,2.0,37.0
약과,캐롭파우더,37,1,0.027,2.0,37.0
약과,메추리알,37,1,0.027,2.0,37.0
약과,곤약,37,1,0.027,2.0,37.0
약과,마스코바도,37,1,0.027,2.0,37.0
약과,대봉시,37,1,0.027,2.0,37.0
약과,블루베리,37,1,0.027,2.0,37.0
약과,딸기,37,1,0.027,2.0,37.0
약과,시리얼,37,1,0.027,2.0,37.0
약과,콩,37,1,0.027,2.0,37.0
약과,과자,37,1,0.027,2.0,37.0
양념게장,마늘,105,95,0.905,96.0,11.0
양념게장,간장,105,87,0.829,88.0,19.0
양념게장,고춧가루,105,85,0.81,86.0,21.0
양념게장,통깨,105,71,0.676,72.0,35.0
양념게장,올리고당,105,64,0.61,65.0,42.0
양념게장,생강,105,63,0.6,64.0,43.0
양념게장,꽃게,105,60,0.571,61.0,46.0
양념게장,설탕,105,60,0.571,61.0,46.0
양념게장,양파,105,53,0.505,54.0,53.0
양념게장,맛술,105,50,0.476,51.0,56.0
양념게장,대파,105,46,0.438,47.0,60.0
양념게장,참기름,105,45,0.429,46.0,61.0
양념게장,청양고추,105,36,0.343,37.0,70.0
양념게장,매실액,105,32,0.305,33.0,74.0
양념게장,멸치액젓,105,32,0.305,33.0,74.0
양념게장,후춧가루,105,30,0.286,31.0,76.0
양념게장,고추,105,29,0.276,30.0,77.0
양념게장,고추장,105,28,0.267,29.0,78.0
양념게장,소금,105,20,0.19,21.0,86.0
양념게장,쪽파,105,18,0.171,19.0,88.0
양념게장,물,105,18,0.171,19.0,88.0
양념게장,식초,105,16,0.152,17.0,90.0
양념게장,소주,105,9,0.086,10.0,97.0
양념게장,식용유,105,8,0.076,9.0,98.0
양념게장,사과,105,7,0.067,8.0,99.0
양념게장,굴소스,105,7,0.067,8.0,99.0
양념게장,당근,105,7,0.067,8.0,99.0
양념게장,부추,105,6,0.057,7.0,100.0
양념게장,배,105,6,0.057,7.0,100.0
양념게장,다시마,105,5,0.048,6.0,101.0
양념게장,밥,105,5,0.048,6.0,101.0
양념게장,레몬,105,4,0.038,5.0,102.0
양념게장,술,105,4,0.038,5.0,102.0
양념게장,가지,105,4,0.038,5.0,102.0
양념게장,돼지고기,105,4,0.038,5.0,102.0
양념게장,꿀,105,4,0.038,5.0,102.0
양념게장,오이,105,4,0.038,5.0,102.0
양념게장,쌀,105,4,0.038,5.0,102.0
양념게장,참치액,105,4,0.038,5.0,102.0
양념게장,배추김치,105,3,0.029,4.0,103.0
양념게장,된장,105,3,0.029,4.0,103.0
양념게장,어묵,105,3,0.029,4.0,103.0
양념게장,멸치,105,3,0.029,4.0,103.0
양념게장,콩나물,105,3,0.029,4.0,103.0
양념게장,무,105,3,0.029,4.0,103.0
양념게장,다시다,105,3,0.029,4.0,103.0
양념게장,월계수잎,105,2,0.019,3.0,104.0
양념게장,생선,105,2,0.019,3.0,104.0
양념게장,황태,105,2,0.019,3.0,104.0
양념게장,깻잎,105,2,0.019,3.0,104.0
양념게장,달래,105,2,0.019,3.0,104.0
양념게장,두반장,105,2,0.019,3.0,104.0
양념게장,우엉,105,2,0.019,3.0,104.0
양념게장,전분,105,2,0.019,3.0,104.0
양념게장,떡,105,2,0.019,3.0,104.0
양념게장,들기름,105,2,0.019,3.0,104.0
양념게장,감자,105,2,0.019,3.0,104.0
양념게장,갓,105,2,0.019,3.0,104.0
양념게장,새우젓,105,2,0.019,3.0,104.0
양념게장,알룰로스,105,2,0.019,3.0,104.0
양념게장,매실,105,2,0.019,3.0,104.0
양념게장,게장,105,2,0.019,3.0,104.0
양념게장,가쓰오부시,105,1,0.01,2.0,105.0
양념게장,전복,105,1,0.01,2.0,105.0
양념게장,버터,105,1,0.01,2.0,105.0
양념게장,오징어,105,1,0.01,2.0,105.0
양념게장,야채,105,1,0.01,2.0,105.0
양념게장,오리고기,105,1,0.01,2.0,105.0
양념게장,헴프씨드,105,1,0.01,2.0,105.0
양념게장,채소,105,1,0.01,2.0,105.0
양념게장,고추냉이,105,1,0.01,2.0,105.0
양념게장,바지락,105,1,0.01,2.0,105.0
양념게장,페페론치노,105,1,0.01,2.0,105.0
양념게장,고추기름,105,1,0.01,2.0,105.0
양념게장,고수,105,1,0.01,2.0,105.0
양념게장,볼락,105,1,0.01,2.0,105.0
양념게장,양배추,105,1,0.01,2.0,105.0
양념게장,참치,105,1,0.01,2.0,105.0
양념게장,계란,105,1,0.01,2.0,105.0
양념게장,카레가루,105,1,0.01,2.0,105.0
양념게장,문어,105,1,0.01,2.0,105.0
양념게장,더덕,105,1,0.01,2.0,105.0
양념게장,봄동,105,1,0.01,2.0,105.0
양념게장,갈치,105,1,0.01,2.0,105.0
양념게장,미더덕,105,1,0.01,2.0,105.0
양념게장,미나리,105,1,0.01,2.0,105.0
양념게장,아보카도,105,1,0.01,2.0,105.0
양념게장,닭고기,105,1,0.01,2.0,105.0
양념게장,조리유,105,1,0.01,2.0,105.0
양념게장,파프리카,105,1,0.01,2.0,105.0
양념게장,피망,105,1,0.01,2.0,105.0
양념게장,표고버섯,105,1,0.01,2.0,105.0
양념게장,소고기,105,1,0.01,2.0,105.0
양념게장,버섯,105,1,0.01,2.0,105.0
양념게장,목이버섯,105,1,0.01,2.0,105.0
양념게장,잣,105,1,0.01,2.0,105.0
양념게장,톳,105,1,0.01,2.0,105.0
양념게장,도토리묵,105,1,0.01,2.0,105.0
양념게장,쑥갓,105,1,0.01,2.0,105.0
양념게장,가자미,105,1,0.01,2.0,105.0
양념게장,굴,105,1,0.01,2.0,105.0
양념게장,올리브,105,1,0.01,2.0,105.0
양념게장,발사믹,105,1,0.01,2.0,105.0
양념게장,연어,105,1,0.01,2.0,105.0
양념게장,날치알,105,1,0.01,2.0,105.0
양념게장,마요네즈,105,1,0.01,2.0,105.0
양념게장,칠리소스,105,1,0.01,2.0,105.0
양념게장,가리비,105,1,0.01,2.0,105.0
양념게장,도삭면,105,1,0.01,2.0,105.0
양념게장,땅콩,105,1,0.01,2.0,105.0
양념게장,족발,105,1,0.01,2.0,105.0
양념게장,겨자,105,1,0.01,2.0,105.0
양념게장,생상,105,1,0.01,2.0,105.0
양념게장,청양,105,1,0.01,2.0,105.0
양념게장,뉴슈가,105,1,0.01,2.0,105.0
양념게장,육수,105,1,0.01,2.0,105.0
양념게장,김,105,1,0.01,2.0,105.0
양념게장,파인애플즙,105,1,0.01,2.0,105.0
양념게장,찹쌀가루,105,1,0.01,2.0,105.0
양념게장,양념장,105,1,0.01,2.0,105.0
양념게장,파인애플슬라이스조각과국물,105,1,0.01,2.0,105.0
양념게장,메이플시럽,105,1,0.01,2.0,105.0
양념치킨,마늘,59,51,0.864,52.0,9.0
양념치킨,닭고기,59,50,0.847,51.0,10.0
양념치킨,올리고당,59,41,0.695,42.0,19.0
양념치킨,케첩,59,40,0.678,41.0,20.0
양념치킨,고추장,59,39,0.661,40.0,21.0
양념치킨,간장,59,38,0.644,39.0,22.0
양념치킨,설탕,59,36,0.61,37.0,24.0
양념치킨,후춧가루,59,29,0.492,30.0,31.0
양념치킨,고춧가루,59,29,0.492,30.0,31.0
양념치킨,물,59,29,0.492,30.0,31.0
양념치킨,소금,59,21,0.356,22.0,39.0
양념치킨,식용유,59,19,0.322,20.0,41.0
양념치킨,맛술,59,16,0.271,17.0,44.0
양념치킨,전분,59,11,0.186,12.0,49.0
양념치킨,굴소스,59,11,0.186,12.0,49.0
양념치킨,우유,59,10,0.169,11.0,50.0
양념치킨,튀김가루,59,10,0.169,11.0,50.0
양념치킨,양파,59,9,0.153,10.0,51.0
양념치킨,통깨,59,8,0.136,9.0,52.0
양념치킨,참기름,59,7,0.119,8.0,53.0
양념치킨,카레가루,59,7,0.119,8.0,53.0
양념치킨,매실액,59,7,0.119,8.0,53.0
양념치킨,생강,59,7,0.119,8.0,53.0
양념치킨,대파,59,7,0.119,8.0,53.0
양념치킨,청양고추,59,6,0.102,7.0,54.0
양념치킨,식초,59,5,0.085,6.0,55.0
양념치킨,기름,59,5,0.085,6.0,55.0
양념치킨,땅콩,59,5,0.085,6.0,55.0
양념치킨,레몬,59,4,0.068,5.0,56.0
양념치킨,꿀,59,4,0.068,5.0,56.0
양념치킨,견과류,59,4,0.068,5.0,56.0
양념치킨,밀가루,59,4,0.068,5.0,56.0
양념치킨,고추,59,4,0.068,5.0,56.0
양념치킨,마요네즈,59,3,0.051,4.0,57.0
양념치킨,호두,59,3,0.051,4.0,57.0
양념치킨,잼,59,3,0.051,4.0,57.0
양념치킨,떡,59,3,0.051,4.0,57.0
양념치킨,계란,59,2,0.034,3.0,58.0
양념치킨,핫소스,59,2,0.034,3.0,58.0
양념치킨,소주,59,2,0.034,3.0,58.0
양념치킨,허브솔트,59,2,0.034,3.0,58.0
양념치킨,연두,59,1,0.017,2.0,59.0
양념치킨,쪽파,59,1,0.017,2.0,59.0
양념치킨,할라피뇨,59,1,0.017,2.0,59.0
양념치킨,아이스크림,59,1,0.017,2.0,59.0
양념치킨,감자,59,1,0.017,2.0,59.0
양념치킨,콩가루,59,1,0.017,2.0,59.0
양념치킨,커피가루,59,1,0.017,2.0,59.0
양념치킨,쌀뜨물,59,1,0.017,2.0,59.0
양념치킨,밥,59,1,0.017,2.0,59.0
양념치킨,반숙후라이,59,1,0.017,2.0,59.0
양념치킨,만두,59,1,0.017,2.0,59.0
양념치킨,두부,59,1,0.017,2.0,59.0
양념치킨,로즈메리가루,59,1,0.017,2.0,59.0
양념치킨,표고버섯,59,1,0.017,2.0,59.0
양념치킨,너겟,59,1,0.017,2.0,59.0
양념치킨,당근,59,1,0.017,2.0,59.0
양념치킨,양배추,59,1,0.017,2.0,59.0
양념치킨,돼지고기,59,1,0.017,2.0,59.0
양념치킨,채소,59,1,0.017,2.0,59.0
양념치킨,버터,59,1,0.017,2.0,59.0
양념치킨,고추기름,59,1,0.017,2.0,59.0
양념치킨,알룰로스,59,1,0.017,2.0,59.0
양념치킨,튀김,59,1,0.017,2.0,59.0
양념치킨,타임,59,1,0.017,2.0,59.0
양념치킨,사과,59,1,0.017,2.0,59.0
양념치킨,파프리카,59,1,0.017,2.0,59.0
양념치킨,유자청,59,1,0.017,2.0,59.0
양념치킨,라임,59,1,0.017,2.0,59.0
양념치킨,데리야키,59,1,0.017,2.0,59.0
양념치킨,계피,59,1,0.017,2.0,59.0
양념치킨,술,59,1,0.017,2.0,59.0
양념치킨,로즈마리,59,1,0.017,2.0,59.0
양념치킨,바질,59,1,0.017,2.0,59.0
양념치킨,토마토,59,1,0.017,2.0,59.0
양념치킨,자일로스,59,1,0.017,2.0,59.0
양념치킨,라면,59,1,0.017,2.0,59.0
양념치킨,메추리알,59,1,0.017,2.0,59.0
양념치킨,멸치,59,1,0.017,2.0,59.0
양념치킨,탄산수,59,1,0.017,2.0,59.0
양념치킨,우스타소스,59,1,0.017,2.0,59.0
열무김치,열무,66,64,0.97,65.0,3.0
열무김치,마늘,66,62,0.939,63.0,5.0
열무김치,양파,66,53,0.803,54.0,14.0
열무김치,소금,66,53,0.803,54.0,14.0
열무김치,고춧가루,66,53,0.803,54.0,14.0
열무김치,고추,66,52,0.788,53.0,15.0
열무김치,멸치액젓,66,51,0.773,52.0,16.0
열무김치,생강,66,45,0.682,46.0,22.0
열무김치,물,66,32,0.485,33.0,35.0
열무김치,쪽파,66,31,0.47,32.0,36.0
열무김치,새우젓,66,30,0.455,31.0,37.0
열무김치,매실액,66,29,0.439,30.0,38.0
열무김치,설탕,66,26,0.394,27.0,41.0
열무김치,얼갈이,66,25,0.379,26.0,42.0
열무김치,대파,66,16,0.242,17.0,51.0
열무김치,밀가루,66,15,0.227,16.0,52.0
열무김치,청양고추,66,12,0.182,13.0,55.0
열무김치,밥,66,11,0.167,12.0,56.0
열무김치,사과,66,11,0.167,12.0,56.0
열무김치,찹쌀풀,66,10,0.152,11.0,57.0
열무김치,찹쌀가루,66,9,0.136,10.0,58.0
열무김치,감자,66,9,0.136,10.0,58.0
열무김치,멸치,66,8,0.121,9.0,59.0
열무김치,통깨,66,6,0.091,7.0,61.0
열무김치,무,66,6,0.091,7.0,61.0
열무김치,배,66,6,0.091,7.0,61.0
열무김치,다시마,66,5,0.076,6.0,62.0
열무김치,부추,66,5,0.076,6.0,62.0
열무김치,배즙,66,5,0.076,6.0,62.0
열무김치,배추,66,5,0.076,6.0,62.0
열무김치,식초,66,3,0.045,4.0,64.0
열무김치,오이,66,3,0.045,4.0,64.0
열무김치,당근,66,3,0.045,4.0,64.0
열무김치,국수,66,2,0.03,3.0,65.0
열무김치,계란,66,2,0.03,3.0,65.0
열무김치,쌀,66,2,0.03,3.0,65.0
열무김치,사이다,66,2,0.03,3.0,65.0
열무김치,젓갈,66,2,0.03,3.0,65.0
열무김치,육수,66,2,0.03,3.0,65.0
열무김치,참치액,66,2,0.03,3.0,65.0
열무김치,매실,66,2,0.03,3.0,65.0
열무김치,찹쌀,66,2,0.03,3.0,65.0
열무김치,소면,66,1,0.015,2.0,66.0
열무김치,연두,66,1,0.015,2.0,66.0
열무김치,고추장,66,1,0.015,2.0,66.0
열무김치,참기름,66,1,0.015,2.0,66.0
열무김치,토마토,66,1,0.015,2.0,66.0
열무김치,버섯,66,1,0.015,2.0,66.0
열무김치,식용유,66,1,0.015,2.0,66.0
열무김치,치즈,66,1,0.015,2.0,66.0
열무김치,후춧가루,66,1,0.015,2.0,66.0
열무김치,간장,66,1,0.015,2.0,66.0
열무김치,파프리카,66,1,0.015,2.0,66.0
열무김치,수박즙,66,1,0.015,2.0,66.0
열무김치,풀국,66,1,0.015,2.0,66.0
열무김치,고춧가추,66,1,0.015,2.0,66.0
열무김치,탄산수,66,1,0.015,2.0,66.0
열무김치,풀,66,1,0.015,2.0,66.0
열무김치,뉴슈가,66,1,0.015,2.0,66.0
열무김치,밑국물,66,1,0.015,2.0,66.0
열무김치,김,66,1,0.015,2.0,66.0
열무김치,총각무,66,1,0.015,2.0,66.0
열무김치,고구마,66,1,0.015,2.0,66.0
열무김치,피망,66,1,0.015,2.0,66.0
열무김치,표고버섯,66,1,0.015,2.0,66.0
열무김치,감미료,66,1,0.015,2.0,66.0
열무김치,오미자청,66,1,0.015,2.0,66.0
열무김치,장아찌원액,66,1,0.015,2.0,66.0
열무김치,복숭아,66,1,0.015,2.0,66.0
오이소박이,오이,64,64,1.0,65.0,1.0
오이소박이,고춧가루,64,64,1.0,65.0,1.0
오이소박이,부추,64,63,0.984,64.0,2.0
오이소박이,마늘,64,61,0.953,62.0,4.0
오이소박이,멸치액젓,64,56,0.875,57.0,9.0
오이소박이,소금,64,55,0.859,56.0,10.0
오이소박이,양파,64,44,0.688,45.0,21.0
오이소박이,새우젓,64,38,0.594,39.0,27.0
오이소박이,매실액,64,36,0.562,37.0,29.0
오이소박이,설탕,64,35,0.547,36.0,30.0
오이소박이,물,64,33,0.516,34.0,32.0
오이소박이,생강,64,32,0.5,33.0,33.0
오이소박이,당근,64,20,0.312,21.0,45.0
오이소박이,통깨,64,20,0.312,21.0,45.0
오이소박이,무,64,5,0.078,6.0,60.0
오이소박이,찹쌀풀,64,5,0.078,6.0,60.0
오이소박이,멸치,64,5,0.078,6.0,60.0
오이소박이,대파,64,5,0.078,6.0,60.0
오이소박이,밀가루,64,5,0.078,6.0,60.0
오이소박이,고추,64,4,0.062,5.0,61.0
오이소박이,쪽파,64,4,0.062,5.0,61.0
오이소박이,매실,64,4,0.062,5.0,61.0
오이소박이,올리고당,64,3,0.047,4.0,62.0
오이소박이,사과,64,2,0.031,3.0,63.0
오이소박이,찹쌀가루,64,2,0.031,3.0,63.0
오이소박이,파프리카,64,1,0.016,2.0,64.0
오이소박이,뉴슈가,64,1,0.016,2.0,64.0
오이소박이,쌀,64,1,0.016,2.0,64.0
오이소박이,호렴,64,1,0.016,2.0,64.0
오이소박이,절임물,64,1,0.016,2.0,64.0
오이소박이,배즙,64,1,0.016,2.0,64.0
오이소박이,청양고추,64,1,0.016,2.0,64.0
오이소박이,젓갈,64,1,0.016,2.0,64.0
오이소박이,배,64,1,0.016,2.0,64.0
오이소박이,야채,64,1,0.016,2.0,64.0
오이소박이,과일즙,64,1,0.016,2.0,64.0
오이소박이,식초,64,1,0.016,2.0,64.0
오징어 순대,오징어,121,119,0.983,120.0,3.0
오징어 순대,마늘,121,87,0.719,88.0,35.0
오징어 순대,소금,121,72,0.595,73.0,50.0
오징어 순대,후춧가루,121,70,0.579,71.0,52.0
오징어 순대,양파,121,61,0.504,62.0,61.0
오징어 순대,간장,121,55,0.455,56.0,67.0
오징어 순대,참기름,121,55,0.455,56.0,67.0
오징어 순대,대파,121,53,0.438,54.0,69.0
오징어 순대,계란,121,45,0.372,46.0,77.0
오징어 순대,당근,121,42,0.347,43.0,80.0
오징어 순대,맛술,121,41,0.339,42.0,81.0
오징어 순대,돼지고기,121,36,0.298,37.0,86.0
오징어 순대,설탕,121,36,0.298,37.0,86.0
오징어 순대,두부,121,35,0.289,36.0,87.0
오징어 순대,청양고추,121,35,0.289,36.0,87.0
오징어 순대,통깨,121,32,0.264,33.0,90.0
오징어 순대,물,121,32,0.264,33.0,90.0
오징어 순대,식용유,121,31,0.256,32.0,91.0
오징어 순대,고춧가루,121,31,0.256,32.0,91.0
오징어 순대,고추,121,28,0.231,29.0,94.0
오징어 순대,새우,121,28,0.231,29.0,94.0
오징어 순대,밀가루,121,27,0.223,28.0,95.0
오징어 순대,부추,121,25,0.207,26.0,97.0
오징어 순대,올리고당,121,24,0.198,25.0,98.0
오징어 순대,고추장,121,23,0.19,24.0,99.0
오징어 순대,표고버섯,121,22,0.182,23.0,100.0
오징어 순대,생강,121,20,0.165,21.0,102.0
오징어 순대,굴소스,121,19,0.157,20.0,103.0
오징어 순대,식초,121,18,0.149,19.0,104.0
오징어 순대,전분,121,17,0.14,18.0,105.0
오징어 순대,당면,121,16,0.132,17.0,106.0
오징어 순대,애호박,121,13,0.107,14.0,109.0
오징어 순대,깻잎,121,11,0.091,12.0,111.0
오징어 순대,청경채,121,11,0.091,12.0,111.0
오징어 순대,파프리카,121,11,0.091,12.0,111.0
오징어 순대,쪽파,121,9,0.074,10.0,113.0
오징어 순대,밥,121,9,0.074,10.0,113.0
오징어 순대,숙주,121,9,0.074,10.0,113.0
오징어 순대,파슬리,121,8,0.066,9.0,114.0
오징어 순대,치즈,121,8,0.066,9.0,114.0
오징어 순대,오이,121,8,0.066,9.0,114.0
오징어 순대,닭고기,121,8,0.066,9.0,114.0
오징어 순대,바지락,121,8,0.066,9.0,114.0
오징어 순대,소고기,121,8,0.066,9.0,114.0
오징어 순대,양배추,121,7,0.058,8.0,115.0
오징어 순대,무,121,7,0.058,8.0,115.0
오징어 순대,마요네즈,121,7,0.058,8.0,115.0
오징어 순대,레몬,121,7,0.058,8.0,115.0
오징어 순대,부침가루,121,7,0.058,8.0,115.0
오징어 순대,감자,121,6,0.05,7.0,116.0
오징어 순대,멸치,121,6,0.05,7.0,116.0
오징어 순대,토마토,121,6,0.05,7.0,116.0
오징어 순대,피망,121,6,0.05,7.0,116.0
오징어 순대,배추,121,6,0.05,7.0,116.0
오징어 순대,목이버섯,121,6,0.05,7.0,116.0
오징어 순대,다시마,121,5,0.041,6.0,117.0
오징어 순대,버터,121,5,0.041,6.0,117.0
오징어 순대,고추기름,121,5,0.041,6.0,117.0
오징어 순대,콩나물,121,5,0.041,6.0,117.0
오징어 순대,팽이버섯,121,5,0.041,6.0,117.0
오징어 순대,찹쌀,121,5,0.041,6.0,117.0
오징어 순대,홍합,121,5,0.041,6.0,117.0
오징어 순대,칼국수면,121,5,0.041,6.0,117.0
오징어 순대,쌀,121,4,0.033,5.0,118.0
오징어 순대,떡,121,4,0.033,5.0,118.0
오징어 순대,새송이버섯,121,4,0.033,5.0,118.0
오징어 순대,배추김치,121,4,0.033,5.0,118.0
오징어 순대,죽순,121,4,0.033,5.0,118.0
오징어 순대,만두,121,4,0.033,5.0,118.0
오징어 순대,튀김가루,121,3,0.025,4.0,119.0
오징어 순대,채소,121,3,0.025,4.0,119.0
오징어 순대,와인,121,3,0.025,4.0,119.0
오징어 순대,소주,121,3,0.025,4.0,119.0
오징어 순대,꿀,121,2,0.017,3.0,120.0
오징어 순대,메밀면,121,2,0.017,3.0,120.0
오징어 순대,술,121,2,0.017,3.0,120.0
오징어 순대,멸치액젓,121,2,0.017,3.0,120.0
오징어 순대,들기름,121,2,0.017,3.0,120.0
오징어 순대,우엉,121,2,0.017,3.0,120.0
오징어 순대,빵가루,121,2,0.017,3.0,120.0
오징어 순대,어묵,121,2,0.017,3.0,120.0
오징어 순대,고추냉이,121,2,0.017,3.0,120.0
오징어 순대,유자청,121,2,0.017,3.0,120.0
오징어 순대,달래,121,2,0.017,3.0,120.0
오징어 순대,조개,121,2,0.017,3.0,120.0
오징어 순대,참치액,121,2,0.017,3.0,120.0
오징어 순대,베이컨,121,2,0.017,3.0,120.0
오징어 순대,가쓰오부시,121,2,0.017,3.0,120.0
오징어 순대,미나리,121,2,0.017,3.0,120.0
오징어 순대,겨자,121,2,0.017,3.0,120.0
오징어 순대,땅콩,121,2,0.017,3.0,120.0
오징어 순대,새우젓,121,2,0.017,3.0,120.0
오징어 순대,올리브,121,2,0.017,3.0,120.0
오징어 순대,사골,121,2,0.017,3.0,120.0
오징어 순대,된장,121,2,0.017,3.0,120.0
오징어 순대,두반장,121,2,0.017,3.0,120.0
오징어 순대,매실액,121,2,0.017,3.0,120.0
오징어 순대,쑥갓,121,2,0.017,3.0,120.0
오징어 순대,양송이버섯,121,2,0.017,3.0,120.0
오징어 순대,찹쌀가루,121,2,0.017,3.0,120.0
오징어 순대,순대,121,1,0.008,2.0,121.0
오징어 순대,들깨,121,1,0.008,2.0,121.0
오징어 순대,메밀가루,121,1,0.008,2.0,121.0
오징어 순대,야채,121,1,0.008,2.0,121.0
오징어 순대,우동면,121,1,0.008,2.0,121.0
오징어 순대,오렌지,121,1,0.008,2.0,121.0
오징어 순대,카레가루,121,1,0.008,2.0,121.0
오징어 순대,단무지,121,1,0.008,2.0,121.0
오징어 순대,미역,121,1,0.008,2.0,121.0
오징어 순대,어린잎새싹,121,1,0.008,2.0,121.0
오징어 순대,율무,121,1,0.008,2.0,121.0
오징어 순대,소시지,121,1,0.008,2.0,121.0
오징어 순대,옥수수,121,1,0.008,2.0,121.0
오징어 순대,김,121,1,0.008,2.0,121.0
오징어 순대,파래,121,1,0.008,2.0,121.0
오징어 순대,연근,121,1,0.008,2.0,121.0
오징어 순대,비트,121,1,0.008,2.0,121.0
오징어 순대,파스타면,121,1,0.008,2.0,121.0
오징어 순대,면수,121,1,0.008,2.0,121.0
오징어 순대,라면,121,1,0.008,2.0,121.0
오징어 순대,연어,121,1,0.008,2.0,121.0
오징어 순대,바질,121,1,0.008,2.0,121.0
오징어 순대,관자,121,1,0.008,2.0,121.0
오징어 순대,해파리,121,1,0.008,2.0,121.0
오징어 순대,굴,121,1,0.008,2.0,121.0
오징어 순대,조갯살,121,1,0.008,2.0,121.0
오징어 순대,해물,121,1,0.008,2.0,121.0
오징어 순대,페페론치노,121,1,0.008,2.0,121.0
오징어 순대,마라소스,121,1,0.008,2.0,121.0
오징어 순대,느타리버섯,121,1,0.008,2.0,121.0
오징어 순대,춘장,121,1,0.008,2.0,121.0
오징어 순대,전복,121,1,0.008,2.0,121.0
오징어 순대,아마씨가루,121,1,0.008,2.0,121.0
오징어 순대,국수,121,1,0.008,2.0,121.0
오징어 순대,명란젓,121,1,0.008,2.0,121.0
오징어 순대,골뱅이,121,1,0.008,2.0,121.0
오징어 순대,소면,121,1,0.008,2.0,121.0
오징어 순대,통조림국물,121,1,0.008,2.0,121.0
오징어 순대,양장피,121,1,0.008,2.0,121.0
오징어 순대,맛살,121,1,0.008,2.0,121.0
오징어 순대,고기,121,1,0.008,2.0,121.0
오징어 순대,가지,121,1,0.008,2.0,121.0
오징어 순대,동그랑땡,121,1,0.008,2.0,121.0
오징어 순대,애기새송이,121,1,0.008,2.0,121.0
오징어 순대,꼬치,121,1,0.008,2.0,121.0
오징어 순대,느타리,121,1,0.008,2.0,121.0
오징어 순대,할라피뇨,121,1,0.008,2.0,121.0
오징어 순대,연잎효소,121,1,0.008,2.0,121.0
오징어 순대,실한천,121,1,0.008,2.0,121.0
오징어 순대,인삼,121,1,0.008,2.0,121.0
오징어 순대,오색미,121,1,0.008,2.0,121.0
오징어 순대,냉장고속야채,121,1,0.008,2.0,121.0
오징어 순대,중하,121,1,0.008,2.0,121.0
오징어 순대,완두콩,121,1,0.008,2.0,121.0
오징어 순대,생오레가노,121,1,0.008,2.0,121.0
오징어 순대,케이퍼,121,1,0.008,2.0,121.0
오징어 순대,브로콜리,121,1,0.008,2.0,121.0
오징어 순대,견과류,121,1,0.008,2.0,121.0
육개장,마늘,126,101,0.802,102.0,26.0
육개장,간장,126,97,0.77,98.0,30.0
육개장,대파,126,92,0.73,93.0,35.0
육개장,소고기,126,77,0.611,78.0,50.0
육개장,고춧가루,126,73,0.579,74.0,54.0
육개장,소금,126,73,0.579,74.0,54.0
육개장,후춧가루,126,69,0.548,70.0,58.0
육개장,물,126,58,0.46,59.0,69.0
육개장,고사리,126,54,0.429,55.0,73.0
육개장,참기름,126,54,0.429,55.0,73.0
육개장,식용유,126,51,0.405,52.0,76.0
육개장,양파,126,50,0.397,51.0,77.0
육개장,숙주,126,41,0.325,42.0,86.0
육개장,설탕,126,37,0.294,38.0,90.0
육개장,계란,126,29,0.23,30.0,98.0
육개장,맛술,126,28,0.222,29.0,99.0
육개장,느타리버섯,126,25,0.198,26.0,102.0
육개장,표고버섯,126,25,0.198,26.0,102.0
육개장,무,126,24,0.19,25.0,103.0
육개장,생강,126,24,0.19,25.0,103.0
육개장,청양고추,126,23,0.183,24.0,104.0
육개장,고추,126,18,0.143,19.0,109.0
육개장,토란대,126,17,0.135,18.0,110.0
육개장,고추기름,126,15,0.119,16.0,112.0
육개장,돼지고기,126,15,0.119,16.0,112.0
육개장,식초,126,15,0.119,16.0,112.0
육개장,다시마,126,13,0.103,14.0,114.0
육개장,고추장,126,13,0.103,14.0,114.0
육개장,당근,126,12,0.095,13.0,115.0
육개장,닭고기,126,11,0.087,12.0,116.0
육개장,애호박,126,10,0.079,11.0,117.0
육개장,버터,126,10,0.079,11.0,117.0
육개장,치즈,126,10,0.079,11.0,117.0
육개장,밥,126,10,0.079,11.0,117.0
육개장,통깨,126,9,0.071,10.0,118.0
육개장,굴소스,126,9,0.071,10.0,118.0
육개장,당면,126,8,0.063,9.0,119.0
육개장,토마토,126,8,0.063,9.0,119.0
육개장,멸치,126,8,0.063,9.0,119.0
육개장,우유,126,7,0.056,8.0,120.0
육개장,올리고당,126,7,0.056,8.0,120.0
육개장,사골,126,7,0.056,8.0,120.0
육개장,매실액,126,7,0.056,8.0,120.0
육개장,된장,126,6,0.048,7.0,121.0
육개장,감자,126,6,0.048,7.0,121.0
육개장,밀가루,126,5,0.04,6.0,122.0
육개장,파스타면,126,5,0.04,6.0,122.0
육개장,두부,126,5,0.04,6.0,122.0
육개장,마요네즈,126,5,0.04,6.0,122.0
육개장,들기름,126,5,0.04,6.0,122.0
육개장,콩나물,126,5,0.04,6.0,122.0
육개장,새우젓,126,5,0.04,6.0,122.0
육개장,참치액,126,5,0.04,6.0,122.0
육개장,육수,126,4,0.032,5.0,123.0
육개장,찹쌀가루,126,4,0.032,5.0,123.0
육개장,파슬리,126,4,0.032,5.0,123.0
육개장,배추,126,4,0.032,5.0,123.0
육개장,쌀,126,4,0.032,5.0,123.0
육개장,쪽파,126,4,0.032,5.0,123.0
육개장,채소,126,4,0.032,5.0,123.0
육개장,부추,126,4,0.032,5.0,123.0
육개장,생크림,126,4,0.032,5.0,123.0
육개장,칼국수면,126,3,0.024,4.0,124.0
육개장,깻잎,126,3,0.024,4.0,124.0
육개장,팽이버섯,126,3,0.024,4.0,124.0
육개장,쌀뜨물,126,3,0.024,4.0,124.0
육개장,전분,126,3,0.024,4.0,124.0
육개장,베이킹파우더,126,3,0.024,4.0,124.0
육개장,두반장,126,3,0.024,4.0,124.0
육개장,케첩,126,3,0.024,4.0,124.0
육개장,레몬,126,3,0.024,4.0,124.0
육개장,옥수수,126,3,0.024,4.0,124.0
육개장,월계수잎,126,3,0.024,4.0,124.0
육개장,양상추,126,3,0.024,4.0,124.0
육개장,멸치액젓,126,3,0.024,4.0,124.0
육개장,굴,126,3,0.024,4.0,124.0
육개장,양배추,126,3,0.024,4.0,124.0
육개장,꿀,126,3,0.024,4.0,124.0
육개장,머스터드소스,126,3,0.024,4.0,124.0
육개장,연두,126,2,0.016,3.0,125.0
육개장,라면,126,2,0.016,3.0,125.0
육개장,메밀가루,126,2,0.016,3.0,125.0
육개장,쑥갓,126,2,0.016,3.0,125.0
육개장,기름,126,2,0.016,3.0,125.0
육개장,국수,126,2,0.016,3.0,125.0
육개장,만두,126,2,0.016,3.0,125.0
육개장,죽순,126,2,0.016,3.0,125.0
육개장,빵,126,2,0.016,3.0,125.0
육개장,시금치,126,2,0.016,3.0,125.0
육개장,찹쌀,126,2,0.016,3.0,125.0
육개장,밤,126,2,0.016,3.0,125.0
육개장,샐러리,126,2,0.016,3.0,125.0
육개장,와인,126,2,0.016,3.0,125.0
육개장,배,126,2,0.016,3.0,125.0
육개장,고구마,126,2,0.016,3.0,125.0
육개장,떡,126,2,0.016,3.0,125.0
육개장,토르티야,126,2,0.016,3.0,125.0
육개장,딸기,126,2,0.016,3.0,125.0
육개장,치커리,126,2,0.016,3.0,125.0
육개장,새우,126,2,0.016,3.0,125.0
육개장,블루베리,126,2,0.016,3.0,125.0
육개장,아몬드,126,2,0.016,3.0,125.0
육개장,호두,126,2,0.016,3.0,125.0
육개장,빵가루,126,2,0.016,3.0,125.0
육개장,우엉,126,2,0.016,3.0,125.0
육개장,다시다,126,2,0.016,3.0,125.0
육개장,새송이버섯,126,2,0.016,3.0,125.0
육개장,버섯,126,2,0.016,3.0,125.0
육개장,연근,126,1,0.008,2.0,126.0
육개장,가지,126,1,0.008,2.0,126.0
육개장,페페론치노,126,1,0.008,2.0,126.0
육개장,차이브,126,1,0.008,2.0,126.0
육개장,엑스트라버진,126,1,0.008,2.0,126.0
육개장,루꼴라,126,1,0.008,2.0,126.0
육개장,메추리알,126,1,0.008,2.0,126.0
육개장,쯔유,126,1,0.008,2.0,126.0
육개장,이스트,126,1,0.008,2.0,126.0
육개장,피망,126,1,0.008,2.0,126.0
육개장,적채,126,1,0.008,2.0,126.0
육개장,곤드레나물,126,1,0.008,2.0,126.0
육개장,목이버섯,126,1,0.008,2.0,126.0
육개장,갈릭칠리페이스트,126,1,0.008,2.0,126.0
육개장,참마,126,1,0.008,2.0,126.0
육개장,파프리카,126,1,0.008,2.0,126.0
육개장,동그랑땡,126,1,0.008,2.0,126.0
육개장,오이,126,1,0.008,2.0,126.0
육개장,유부,126,1,0.008,2.0,126.0
육개장,고수,126,1,0.008,2.0,126.0
육개장,춘장,126,1,0.008,2.0,126.0
육개장,해선장,126,1,0.008,2.0,126.0
육개장,사과,126,1,0.008,2.0,126.0
육개장,허브가루,126,1,0.008,2.0,126.0
육개장,곤약,126,1,0.008,2.0,126.0
육개장,대추,126,1,0.008,2.0,126.0
육개장,바지락,126,1,0.008,2.0,126.0
육개장,햄,126,1,0.008,2.0,126.0
육개장,양송이버섯,126,1,0.008,2.0,126.0
육개장,파인애플,126,1,0.008,2.0,126.0
육개장,코코넛,126,1,0.008,2.0,126.0
육개장,마라소스,126,1,0.008,2.0,126.0
육개장,청경채,126,1,0.008,2.0,126.0
육개장,오징어,126,1,0.008,2.0,126.0
육개장,땅콩,126,1,0.008,2.0,126.0
육개장,건크랜베리,126,1,0.008,2.0,126.0
육개장,파르미지아노레지아노,126,1,0.008,2.0,126.0
육개장,부침가루,126,1,0.008,2.0,126.0
육개장,홍합,126,1,0.008,2.0,126.0
육개장,북어,126,1,0.008,2.0,126.0
육개장,누룽지,126,1,0.008,2.0,126.0
육개장,어묵,126,1,0.008,2.0,126.0
육개장,들깨,126,1,0.008,2.0,126.0
육개장,꼬막,126,1,0.008,2.0,126.0
육개장,카레가루,126,1,0.008,2.0,126.0
육개장,달래,126,1,0.008,2.0,126.0
육개장,소시지,126,1,0.008,2.0,126.0
육개장,맛살,126,1,0.008,2.0,126.0
육개장,단무지,126,1,0.008,2.0,126.0
육개장,김,126,1,0.008,2.0,126.0
육개장,요구르트,126,1,0.008,2.0,126.0
육개장,브로콜리,126,1,0.008,2.0,126.0
육개장,연유,126,1,0.008,2.0,126.0
육개장,토란나물,126,1,0.008,2.0,126.0
육개장,술,126,1,0.008,2.0,126.0
육개장,박나물,126,1,0.008,2.0,126.0
육개장,소주,126,1,0.008,2.0,126.0
육개장,토란대나물,126,1,0.008,2.0,126.0
육개장,느타리,126,1,0.008,2.0,126.0
육개장,박고지,126,1,0.008,2.0,126.0
육회,소고기,60,57,0.95,58.0,4.0
육회,참기름,60,57,0.95,58.0,4.0
육회,마늘,60,57,0.95,58.0,4.0
육회,통깨,60,47,0.783,48.0,14.0
육회,설탕,60,46,0.767,47.0,15.0
육회,계란,60,41,0.683,42.0,20.0
육회,배,60,40,0.667,41.0,21.0
육회,소금,60,40,0.667,41.0,21.0
육회,간장,60,39,0.65,40.0,22.0
육회,후춧가루,60,34,0.567,35.0,27.0
육회,대파,60,20,0.333,21.0,41.0
육회,잣,60,10,0.167,11.0,51.0
육회,고추장,60,10,0.167,11.0,51.0
육회,쪽파,60,7,0.117,8.0,54.0
육회,꿀,60,7,0.117,8.0,54.0
육회,매실액,60,6,0.1,7.0,55.0
육회,무,60,6,0.1,7.0,55.0
육회,올리고당,60,5,0.083,6.0,56.0
육회,맛술,60,5,0.083,6.0,56.0
육회,청양고추,60,5,0.083,6.0,56.0
육회,고추,60,4,0.067,5.0,57.0
육회,채소,60,3,0.05,4.0,58.0
육회,김,60,3,0.05,4.0,58.0
육회,치즈,60,3,0.05,4.0,58.0
육회,멸치액젓,60,3,0.05,4.0,58.0
육회,부추,60,2,0.033,3.0,59.0
육회,양파,60,2,0.033,3.0,59.0
육회,기름,60,2,0.033,3.0,59.0
육회,밤,60,2,0.033,3.0,59.0
육회,생강,60,2,0.033,3.0,59.0
육회,배즙,60,2,0.033,3.0,59.0
육회,마요네즈,60,2,0.033,3.0,59.0
육회,매실,60,2,0.033,3.0,59.0
육회,알룰로스,60,2,0.033,3.0,59.0
육회,꾸리살,60,2,0.033,3.0,59.0
육회,연두,60,1,0.017,2.0,60.0
육회,파스타면,60,1,0.017,2.0,60.0
육회,페페론치노,60,1,0.017,2.0,60.0
육회,파슬리,60,1,0.017,2.0,60.0
육회,닭고기,60,1,0.017,2.0,60.0
육회,차이브,60,1,0.017,2.0,60.0
육회,엑스트라버진,60,1,0.017,2.0,60.0
육회,루꼴라,60,1,0.017,2.0,60.0
육회,식용유,60,1,0.017,2.0,60.0
육회,꾸릿살,60,1,0.017,2.0,60.0
육회,와인,60,1,0.017,2.0,60.0
육회,새싹,60,1,0.017,2.0,60.0
육회,쌈야채,60,1,0.017,2.0,60.0
육회,쌀,60,1,0.017,2.0,60.0
육회,참나물,60,1,0.017,2.0,60.0
육회,들깨,60,1,0.017,2.0,60.0
육회,고추기름,60,1,0.017,2.0,60.0
육회,상추,60,1,0.017,2.0,60.0
육회,깻잎,60,1,0.017,2.0,60.0
육회,물,60,1,0.017,2.0,60.0
육회,식초,60,1,0.017,2.0,60.0
육회,소면,60,1,0.017,2.0,60.0
육회,메추리알,60,1,0.017,2.0,60.0
육회,낙지,60,1,0.017,2.0,60.0
육회,사과,60,1,0.017,2.0,60.0
육회,곰취,60,1,0.017,2.0,60.0
육회,굴소스,60,1,0.017,2.0,60.0
육회,설도,60,1,0.017,2.0,60.0
육회,호두,60,1,0.017,2.0,60.0
육회,콩나물,60,1,0.017,2.0,60.0
육회,고춧가루,60,1,0.017,2.0,60.0
육회,오이,60,1,0.017,2.0,60.0
육회,어린잎,60,1,0.017,2.0,60.0
육회,스테이크소스,60,1,0.017,2.0,60.0
육회,레몬,60,1,0.017,2.0,60.0
육회,고추냉이,60,1,0.017,2.0,60.0
육회,땅콩,60,1,0.017,2.0,60.0
잔치국수,간장,63,54,0.857,55.0,10.0
잔치국수,소면,63,48,0.762,49.0,16.0
잔치국수,애호박,63,47,0.746,48.0,17.0
잔치국수,멸치,63,46,0.73,47.0,18.0
잔치국수,마늘,63,45,0.714,46.0,19.0
잔치국수,계란,63,44,0.698,45.0,20.0
잔치국수,대파,63,42,0.667,43.0,22.0
잔치국수,참기름,63,41,0.651,42.0,23.0
잔치국수,당근,63,39,0.619,40.0,25.0
잔치국수,고춧가루,63,39,0.619,40.0,25.0
잔치국수,물,63,37,0.587,38.0,27.0
잔치국수,양파,63,34,0.54,35.0,30.0
잔치국수,통깨,63,31,0.492,32.0,33.0
잔치국수,소금,63,26,0.413,27.0,38.0
잔치국수,다시마,63,26,0.413,27.0,38.0
잔치국수,청양고추,63,23,0.365,24.0,41.0
잔치국수,설탕,63,22,0.349,23.0,42.0
잔치국수,배추김치,63,21,0.333,22.0,43.0
잔치국수,후춧가루,63,17,0.27,18.0,47.0
잔치국수,김,63,17,0.27,18.0,47.0
잔치국수,무,63,16,0.254,17.0,48.0
잔치국수,고추,63,15,0.238,16.0,49.0
잔치국수,표고버섯,63,11,0.175,12.0,53.0
잔치국수,국수,63,11,0.175,12.0,53.0
잔치국수,맛술,63,10,0.159,11.0,54.0
잔치국수,멸치액젓,63,7,0.111,8.0,57.0
잔치국수,쪽파,63,7,0.111,8.0,57.0
잔치국수,매실액,63,6,0.095,7.0,58.0
잔치국수,새우,63,6,0.095,7.0,58.0
잔치국수,부추,63,5,0.079,6.0,59.0
잔치국수,버섯,63,5,0.079,6.0,59.0
잔치국수,식용유,63,4,0.063,5.0,60.0
잔치국수,소고기,63,4,0.063,5.0,60.0
잔치국수,참치액,63,3,0.048,4.0,61.0
잔치국수,육수,63,3,0.048,4.0,61.0
잔치국수,올리고당,63,2,0.032,3.0,62.0
잔치국수,연두,63,1,0.016,2.0,63.0
잔치국수,유부,63,1,0.016,2.0,63.0
잔치국수,미나리,63,1,0.016,2.0,63.0
잔치국수,채수,63,1,0.016,2.0,63.0
잔치국수,배추,63,1,0.016,2.0,63.0
잔치국수,들기름,63,1,0.016,2.0,63.0
잔치국수,단무지,63,1,0.016,2.0,63.0
잔치국수,피쉬소스,63,1,0.016,2.0,63.0
잔치국수,다시다,63,1,0.016,2.0,63.0
잔치국수,칼국수면,63,1,0.016,2.0,63.0
잔치국수,생강,63,1,0.016,2.0,63.0
잔치국수,들깨,63,1,0.016,2.0,63.0
잔치국수,쌀국수,63,1,0.016,2.0,63.0
잔치국수,어묵,63,1,0.016,2.0,63.0
잔치국수,지단,63,1,0.016,2.0,63.0
잔치국수,사골,63,1,0.016,2.0,63.0
잔치국수,닭고기,63,1,0.016,2.0,63.0
잔치국수,새우젓,63,1,0.016,2.0,63.0
잔치국수,밥,63,1,0.016,2.0,63.0
잔치국수,북어,63,1,0.016,2.0,63.0
잡채,양파,93,81,0.871,82.0,13.0
잡채,간장,93,77,0.828,78.0,17.0
잡채,참기름,93,74,0.796,75.0,20.0
잡채,당면,93,68,0.731,69.0,26.0
잡채,당근,93,66,0.71,67.0,28.0
잡채,통깨,93,61,0.656,62.0,33.0
잡채,설탕,93,60,0.645,61.0,34.0
잡채,후춧가루,93,59,0.634,60.0,35.0
잡채,마늘,93,58,0.624,59.0,36.0
잡채,식용유,93,51,0.548,52.0,43.0
잡채,돼지고기,93,43,0.462,44.0,51.0
잡채,시금치,93,36,0.387,37.0,58.0
잡채,표고버섯,93,35,0.376,36.0,59.0
잡채,올리고당,93,33,0.355,34.0,61.0
잡채,소금,93,31,0.333,32.0,63.0
잡채,목이버섯,93,26,0.28,27.0,68.0
잡채,파프리카,93,22,0.237,23.0,72.0
잡채,맛술,93,22,0.237,23.0,72.0
잡채,소고기,93,20,0.215,21.0,74.0
잡채,부추,93,20,0.215,21.0,74.0
잡채,물,93,20,0.215,21.0,74.0
잡채,대파,93,20,0.215,21.0,74.0
잡채,느타리버섯,93,18,0.194,19.0,76.0
잡채,피망,93,18,0.194,19.0,76.0
잡채,굴소스,93,16,0.172,17.0,78.0
잡채,고추,93,12,0.129,13.0,82.0
잡채,채소,93,10,0.108,11.0,84.0
잡채,어묵,93,10,0.108,11.0,84.0
잡채,생강,93,9,0.097,10.0,85.0
잡채,계란,93,8,0.086,9.0,86.0
잡채,쪽파,93,7,0.075,8.0,87.0
잡채,새송이버섯,93,7,0.075,8.0,87.0
잡채,고춧가루,93,6,0.065,7.0,88.0
잡채,콩나물,93,5,0.054,6.0,89.0
잡채,식초,93,5,0.054,6.0,89.0
잡채,잡채,93,5,0.054,6.0,89.0
잡채,밥,93,4,0.043,5.0,90.0
잡채,청양고추,93,4,0.043,5.0,90.0
잡채,고추기름,93,4,0.043,5.0,90.0
잡채,전분,93,4,0.043,5.0,90.0
잡채,버섯,93,4,0.043,5.0,90.0
잡채,우엉,93,3,0.032,4.0,91.0
잡채,오이,93,3,0.032,4.0,91.0
잡채,들기름,93,3,0.032,4.0,91.0
잡채,두부,93,2,0.022,3.0,92.0
잡채,연두,93,2,0.022,3.0,92.0
잡채,고추장,93,2,0.022,3.0,92.0
잡채,오징어,93,2,0.022,3.0,92.0
잡채,새우,93,2,0.022,3.0,92.0
잡채,닭고기,93,2,0.022,3.0,92.0
잡채,겨자,93,2,0.022,3.0,92.0
잡채,양배추,93,2,0.022,3.0,92.0
잡채,무,93,2,0.022,3.0,92.0
잡채,두반장,93,2,0.022,3.0,92.0
잡채,맛살,93,2,0.022,3.0,92.0
잡채,기름,93,2,0.022,3.0,92.0
잡채,완성된잡채,93,1,0.011,2.0,93.0
잡채,미나리,93,1,0.011,2.0,93.0
잡채,파스타면,93,1,0.011,2.0,93.0
잡채,애호박,93,1,0.011,2.0,93.0
잡채,쑥갓,93,1,0.011,2.0,93.0
잡채,죽순,93,1,0.011,2.0,93.0
잡채,노두유,93,1,0.011,2.0,93.0
잡채,가지,93,1,0.011,2.0,93.0
잡채,밀가루,93,1,0.011,2.0,93.0
잡채,꿀,93,1,0.011,2.0,93.0
잡채,아몬드,93,1,0.011,2.0,93.0
잡채,건포도,93,1,0.011,2.0,93.0
잡채,오렌지즙,93,1,0.011,2.0,93.0
잡채,레몬,93,1,0.011,2.0,93.0
잡채,계피,93,1,0.011,2.0,93.0
잡채,쌀,93,1,0.011,2.0,93.0
잡채,청포묵,93,1,0.011,2.0,93.0
잡채,고수,93,1,0.011,2.0,93.0
잡채,떡,93,1,0.011,2.0,93.0
잡채,잣,93,1,0.011,2.0,93.0
잡채,양장피,93,1,0.011,2.0,93.0
잡채,들깨,93,1,0.011,2.0,93.0
잡채,참치액,93,1,0.011,2.0,93.0
잡채,새송이,93,1,0.011,2.0,93.0
잡채,섬초,93,1,0.011,2.0,93.0
잡채,죽염,93,1,0.011,2.0,93.0
잡채,팽이버섯,93,1,0.011,2.0,93.0
장조림,간장,83,67,0.807,68.0,17.0
장조림,설탕,83,58,0.699,59.0,26.0
장조림,물,83,53,0.639,54.0,31.0
장조림,마늘,83,48,0.578,49.0,36.0
장조림,맛술,83,40,0.482,41.0,44.0
장조림,올리고당,83,39,0.47,40.0,45.0
장조림,후춧가루,83,34,0.41,35.0,50.0
장조림,대파,83,33,0.398,34.0,51.0
장조림,메추리알,83,31,0.373,32.0,53.0
장조림,소고기,83,30,0.361,31.0,54.0
장조림,고추,83,30,0.361,31.0,54.0
장조림,계란,83,25,0.301,26.0,59.0
장조림,양파,83,25,0.301,26.0,59.0
장조림,청양고추,83,22,0.265,23.0,62.0
장조림,생강,83,21,0.253,22.0,63.0
장조림,통깨,83,18,0.217,19.0,66.0
장조림,돼지고기,83,16,0.193,17.0,68.0
장조림,월계수잎,83,15,0.181,16.0,69.0
장조림,장조림소스,83,9,0.108,10.0,75.0
장조림,참기름,83,9,0.108,10.0,75.0
장조림,다시마,83,9,0.108,10.0,75.0
장조림,표고버섯,83,8,0.096,9.0,76.0
장조림,닭고기,83,7,0.084,8.0,77.0
장조림,소금,83,7,0.084,8.0,77.0
장조림,육수,83,6,0.072,7.0,78.0
장조림,새송이버섯,83,4,0.048,5.0,80.0
장조림,식초,83,4,0.048,5.0,80.0
장조림,밥,83,3,0.036,4.0,81.0
장조림,버터,83,3,0.036,4.0,81.0
장조림,연두,83,3,0.036,4.0,81.0
장조림,소주,83,3,0.036,4.0,81.0
장조림,무,83,3,0.036,4.0,81.0
장조림,멸치,83,3,0.036,4.0,81.0
장조림,매실액,83,3,0.036,4.0,81.0
장조림,식용유,83,2,0.024,3.0,82.0
장조림,쪽파,83,2,0.024,3.0,82.0
장조림,된장,83,2,0.024,3.0,82.0
장조림,굴소스,83,2,0.024,3.0,82.0
장조림,파프리카,83,2,0.024,3.0,82.0
장조림,상추,83,2,0.024,3.0,82.0
장조림,사과,83,2,0.024,3.0,82.0
장조림,술,83,2,0.024,3.0,82.0
장조림,참치액,83,2,0.024,3.0,82.0
장조림,부침가루,83,1,0.012,2.0,83.0
장조림,부채살,83,1,0.012,2.0,83.0
장조림,현미,83,1,0.012,2.0,83.0
장조림,팽이버섯,83,1,0.012,2.0,83.0
장조림,단무지,83,1,0.012,2.0,83.0
장조림,장조림국물,83,1,0.012,2.0,83.0
장조림,우유,83,1,0.012,2.0,83.0
장조림,삼치,83,1,0.012,2.0,83.0
장조림,전분,83,1,0.012,2.0,83.0
장조림,숙주,83,1,0.012,2.0,83.0
장조림,겨자,83,1,0.012,2.0,83.0
장조림,고구마,83,1,0.012,2.0,83.0
장조림,김,83,1,0.012,2.0,83.0
장조림,밀가루,83,1,0.012,2.0,83.0
장조림,치즈,83,1,0.012,2.0,83.0
장조림,크러쉬드레드페퍼,83,1,0.012,2.0,83.0
장조림,고추장,83,1,0.012,2.0,83.0
장조림,고춧가루,83,1,0.012,2.0,83.0
장조림,고등어,83,1,0.012,2.0,83.0
장조림,들기름,83,1,0.012,2.0,83.0
장조림,연근,83,1,0.012,2.0,83.0
장조림,가지,83,1,0.012,2.0,83.0
장조림,어묵,83,1,0.012,2.0,83.0
장조림,소시지,83,1,0.012,2.0,83.0
장조림,미향,83,1,0.012,2.0,83.0
장조림,곤약,83,1,0.012,2.0,83.0
장조림,대추,83,1,0.012,2.0,83.0
장조림,올리브,83,1,0.012,2.0,83.0
전복죽,전복,60,60,1.0,61.0,1.0
전복죽,참기름,60,53,0.883,54.0,8.0
전복죽,소금,60,46,0.767,47.0,15.0
전복죽,쌀,60,35,0.583,36.0,26.0
전복죽,찹쌀,60,27,0.45,28.0,34.0
전복죽,당근,60,25,0.417,26.0,36.0
전복죽,물,60,23,0.383,24.0,38.0
전복죽,간장,60,19,0.317,20.0,42.0
전복죽,양파,60,19,0.317,20.0,42.0
전복죽,통깨,60,16,0.267,17.0,45.0
전복죽,표고버섯,60,6,0.1,7.0,55.0
전복죽,애호박,60,6,0.1,7.0,55.0
전복죽,다시마,60,6,0.1,7.0,55.0
전복죽,마늘,60,6,0.1,7.0,55.0
전복죽,후춧가루,60,5,0.083,6.0,56.0
전복죽,계란,60,5,0.083,6.0,56.0
전복죽,새송이버섯,60,5,0.083,6.0,56.0
전복죽,들기름,60,4,0.067,5.0,57.0
전복죽,밥,60,3,0.05,4.0,58.0
전복죽,부추,60,3,0.05,4.0,58.0
전복죽,대파,60,3,0.05,4.0,58.0
전복죽,맛술,60,3,0.05,4.0,58.0
전복죽,육수,60,2,0.033,3.0,59.0
전복죽,브로콜리,60,2,0.033,3.0,59.0
전복죽,버섯,60,2,0.033,3.0,59.0
전복죽,멸치액젓,60,2,0.033,3.0,59.0
전복죽,멸치,60,2,0.033,3.0,59.0
전복죽,양송이버섯,60,1,0.017,2.0,60.0
전복죽,팽이버섯,60,1,0.017,2.0,60.0
전복죽,술,60,1,0.017,2.0,60.0
전복죽,다시다,60,1,0.017,2.0,60.0
전복죽,야채,60,1,0.017,2.0,60.0
전복죽,햇반,60,1,0.017,2.0,60.0
전복죽,쪽파,60,1,0.017,2.0,60.0
전복죽,김,60,1,0.017,2.0,60.0
전복죽,닭고기,60,1,0.017,2.0,60.0
전복죽,인삼,60,1,0.017,2.0,60.0
전복죽,사골,60,1,0.017,2.0,60.0
전복죽,참치액,60,1,0.017,2.0,60.0
전복죽,우유,60,1,0.017,2.0,60.0
전복죽,누룽지,60,1,0.017,2.0,60.0
전복죽,버터,60,1,0.017,2.0,60.0
전복죽,깻잎,60,1,0.017,2.0,60.0
전복죽,파슬리,60,1,0.017,2.0,60.0
전복죽,쌀뜨물,60,1,0.017,2.0,60.0
전복죽,양배추,60,1,0.017,2.0,60.0
전복죽,고춧가루,60,1,0.017,2.0,60.0
전복죽,설탕,60,1,0.017,2.0,60.0
전복죽,소주,60,1,0.017,2.0,60.0
족발,간장,57,48,0.842,49.0,10.0
족발,마늘,57,43,0.754,44.0,15.0
족발,설탕,57,37,0.649,38.0,21.0
족발,양파,57,36,0.632,37.0,22.0
족발,후춧가루,57,32,0.561,33.0,26.0
족발,족발,57,30,0.526,31.0,28.0
족발,대파,57,29,0.509,30.0,29.0
족발,올리고당,57,25,0.439,26.0,33.0
족발,돼지고기,57,24,0.421,25.0,34.0
족발,생강,57,22,0.386,23.0,36.0
족발,맛술,57,22,0.386,23.0,36.0
족발,물,57,20,0.351,21.0,38.0
족발,월계수잎,57,20,0.351,21.0,38.0
족발,고추장,57,15,0.263,16.0,43.0
족발,고춧가루,57,15,0.263,16.0,43.0
족발,고추,57,14,0.246,15.0,44.0
족발,계피,57,14,0.246,15.0,44.0
족발,청양고추,57,13,0.228,14.0,45.0
족발,참기름,57,13,0.228,14.0,45.0
족발,된장,57,10,0.175,11.0,48.0
족발,식초,57,9,0.158,10.0,49.0
족발,커피가루,57,9,0.158,10.0,49.0
족발,통깨,57,9,0.158,10.0,49.0
족발,팔각,57,9,0.158,10.0,49.0
족발,식용유,57,8,0.14,9.0,50.0
족발,소주,57,8,0.14,9.0,50.0
족발,매실액,57,6,0.105,7.0,52.0
족발,소금,57,6,0.105,7.0,52.0
족발,오이,57,5,0.088,6.0,53.0
족발,겨자,57,5,0.088,6.0,53.0
족발,쌍화탕,57,5,0.088,6.0,53.0
족발,당근,57,5,0.088,6.0,53.0
족발,밥,57,4,0.07,5.0,54.0
족발,굴소스,57,4,0.07,5.0,54.0
족발,깻잎,57,4,0.07,5.0,54.0
족발,파프리카,57,4,0.07,5.0,54.0
족발,사과,57,4,0.07,5.0,54.0
족발,노두유,57,4,0.07,5.0,54.0
족발,참치액,57,3,0.053,4.0,55.0
족발,맛살,57,3,0.053,4.0,55.0
족발,정향,57,3,0.053,4.0,55.0
족발,양배추,57,3,0.053,4.0,55.0
족발,로즈마리,57,3,0.053,4.0,55.0
족발,계란,57,2,0.035,3.0,56.0
족발,쪽파,57,2,0.035,3.0,56.0
족발,부추,57,2,0.035,3.0,56.0
족발,무,57,2,0.035,3.0,56.0
족발,머스터드소스,57,2,0.035,3.0,56.0
족발,타임,57,2,0.035,3.0,56.0
족발,키위,57,2,0.035,3.0,56.0
족발,새우젓,57,2,0.035,3.0,56.0
족발,멸치액젓,57,2,0.035,3.0,56.0
족발,콜라,57,2,0.035,3.0,56.0
족발,당귀,57,2,0.035,3.0,56.0
족발,레몬,57,2,0.035,3.0,56.0
족발,장조림소스,57,1,0.018,2.0,57.0
족발,와인,57,1,0.018,2.0,57.0
족발,고기삶는티백,57,1,0.018,2.0,57.0
족발,원탕,57,1,0.018,2.0,57.0
족발,육수,57,1,0.018,2.0,57.0
족발,치즈,57,1,0.018,2.0,57.0
족발,버섯,57,1,0.018,2.0,57.0
족발,해파리,57,1,0.018,2.0,57.0
족발,대추,57,1,0.018,2.0,57.0
족발,두유,57,1,0.018,2.0,57.0
족발,쌀뜨물,57,1,0.018,2.0,57.0
족발,삼계탕재료,57,1,0.018,2.0,57.0
족발,딜,57,1,0.018,2.0,57.0
족발,허브가루,57,1,0.018,2.0,57.0
족발,카레가루,57,1,0.018,2.0,57.0
족발,오렌지,57,1,0.018,2.0,57.0
족발,오향,57,1,0.018,2.0,57.0
족발,계향,57,1,0.018,2.0,57.0
족발,양념장,57,1,0.018,2.0,57.0
족발,배추,57,1,0.018,2.0,57.0
족발,삼계한방재료,57,1,0.018,2.0,57.0
족발,닭고기,57,1,0.018,2.0,57.0
족발,삼계탕용한약재,57,1,0.018,2.0,57.0
족발,노추,57,1,0.018,2.0,57.0
족발,바질,57,1,0.018,2.0,57.0
족발,다시다,57,1,0.018,2.0,57.0
족발,꿀,57,1,0.018,2.0,57.0
족발,한방재료백숙삶을때,57,1,0.018,2.0,57.0
족발,티백,57,1,0.018,2.0,57.0
족발,​물,57,1,0.018,2.0,57.0
족발,각종한약재한팩,57,1,0.018,2.0,57.0
족발,찹쌀,57,1,0.018,2.0,57.0
족발,누룩,57,1,0.018,2.0,57.0
족발,향신료,57,1,0.018,2.0,57.0
족발,제로콜라,57,1,0.018,2.0,57.0
족발,쌍화차,57,1,0.018,2.0,57.0
족발,토마토,57,1,0.018,2.0,57.0
족발,땅콩,57,1,0.018,2.0,57.0
족발,고추냉이,57,1,0.018,2.0,57.0
족발,상추,57,1,0.018,2.0,57.0
족발,기름,57,1,0.018,2.0,57.0
총각김치,고춧가루,60,52,0.867,53.0,9.0
총각김치,마늘,60,51,0.85,52.0,10.0
총각김치,총각무,60,50,0.833,51.0,11.0
총각김치,멸치액젓,60,46,0.767,47.0,15.0
총각김치,소금,60,42,0.7,43.0,19.0
총각김치,새우젓,60,42,0.7,43.0,19.0
총각김치,생강,60,42,0.7,43.0,19.0
총각김치,양파,60,33,0.55,34.0,28.0
총각김치,쪽파,60,31,0.517,32.0,30.0
총각김치,설탕,60,29,0.483,30.0,32.0
총각김치,매실액,60,28,0.467,29.0,33.0
총각김치,물,60,20,0.333,21.0,41.0
총각김치,대파,60,19,0.317,20.0,42.0
총각김치,찹쌀풀,60,18,0.3,19.0,43.0
총각김치,찹쌀가루,60,16,0.267,17.0,45.0
총각김치,멸치,60,15,0.25,16.0,46.0
총각김치,배추김치,60,11,0.183,12.0,50.0
총각김치,고추,60,10,0.167,11.0,51.0
총각김치,사과,60,9,0.15,10.0,52.0
총각김치,들기름,60,9,0.15,10.0,52.0
총각김치,배,60,7,0.117,8.0,54.0
총각김치,된장,60,7,0.117,8.0,54.0
총각김치,뉴슈가,60,6,0.1,7.0,55.0
총각김치,밥,60,6,0.1,7.0,55.0
총각김치,밀가루,60,5,0.083,6.0,56.0
총각김치,통깨,60,5,0.083,6.0,56.0
총각김치,다시마,60,5,0.083,6.0,56.0
총각김치,육수,60,4,0.067,5.0,57.0
총각김치,갓,60,4,0.067,5.0,57.0
총각김치,후춧가루,60,3,0.05,4.0,58.0
총각김치,청양고추,60,3,0.05,4.0,58.0
총각김치,참기름,60,3,0.05,4.0,58.0
총각김치,돼지고기,60,2,0.033,3.0,59.0
총각김치,맛술,60,2,0.033,3.0,59.0
총각김치,고추장,60,2,0.033,3.0,59.0
총각김치,새우,60,2,0.033,3.0,59.0
총각김치,쌀뜨물,60,2,0.033,3.0,59.0
총각김치,식용유,60,2,0.033,3.0,59.0
총각김치,찹쌀,60,2,0.033,3.0,59.0
총각김치,표고버섯,60,2,0.033,3.0,59.0
총각김치,감미료,60,2,0.033,3.0,59.0
총각김치,다시다,60,2,0.033,3.0,59.0
총각김치,김치국물,60,1,0.017,2.0,60.0
총각김치,감자,60,1,0.017,2.0,60.0
총각김치,두부,60,1,0.017,2.0,60.0
총각김치,간장,60,1,0.017,2.0,60.0
총각김치,배즙,60,1,0.017,2.0,60.0
총각김치,들깨,60,1,0.017,2.0,60.0
총각김치,계란,60,1,0.017,2.0,60.0
총각김치,김,60,1,0.017,2.0,60.0
총각김치,버섯,60,1,0.017,2.0,60.0
총각김치,청국장,60,1,0.017,2.0,60.0
총각김치,톳,60,1,0.017,2.0,60.0
총각김치,장아찌원액,60,1,0.017,2.0,60.0
총각김치,복숭아,60,1,0.017,2.0,60.0
총각김치,양념장,60,1,0.017,2.0,60.0
총각김치,미늘,60,1,0.017,2.0,60.0
총각김치,미나리,60,1,0.017,2.0,60.0
총각김치,콩,60,1,0.017,2.0,60.0
총각김치,전분,60,1,0.017,2.0,60.0
총각김치,조미료,60,1,0.017,2.0,60.0
칼국수,칼국수면,74,59,0.797,60.0,16.0
칼국수,마늘,74,51,0.689,52.0,24.0
칼국수,양파,74,47,0.635,48.0,28.0
칼국수,대파,74,47,0.635,48.0,28.0
칼국수,간장,74,42,0.568,43.0,33.0
칼국수,애호박,74,41,0.554,42.0,34.0
칼국수,소금,74,35,0.473,36.0,40.0
칼국수,고춧가루,74,33,0.446,34.0,42.0
칼국수,후춧가루,74,31,0.419,32.0,44.0
칼국수,감자,74,28,0.378,29.0,47.0
칼국수,물,74,27,0.365,28.0,48.0
칼국수,당근,74,27,0.365,28.0,48.0
칼국수,멸치,74,25,0.338,26.0,50.0
칼국수,통깨,74,19,0.257,20.0,56.0
칼국수,청양고추,74,18,0.243,19.0,57.0
칼국수,다시마,74,18,0.243,19.0,57.0
칼국수,고추장,74,16,0.216,17.0,59.0
칼국수,계란,74,15,0.203,16.0,60.0
칼국수,김,74,15,0.203,16.0,60.0
칼국수,멸치액젓,74,14,0.189,15.0,61.0
칼국수,설탕,74,14,0.189,15.0,61.0
칼국수,참기름,74,13,0.176,14.0,62.0
칼국수,닭고기,74,10,0.135,11.0,65.0
칼국수,된장,74,9,0.122,10.0,66.0
칼국수,맛술,74,9,0.122,10.0,66.0
칼국수,바지락,74,9,0.122,10.0,66.0
칼국수,고추,74,8,0.108,9.0,67.0
칼국수,육수,74,8,0.108,9.0,67.0
칼국수,식용유,74,7,0.095,8.0,68.0
칼국수,식초,74,7,0.095,8.0,68.0
칼국수,배추,74,6,0.081,7.0,69.0
칼국수,밀가루,74,6,0.081,7.0,69.0
칼국수,느타리버섯,74,6,0.081,7.0,69.0
칼국수,표고버섯,74,6,0.081,7.0,69.0
칼국수,매실액,74,6,0.081,7.0,69.0
칼국수,해물,74,5,0.068,6.0,70.0
칼국수,새우,74,5,0.068,6.0,70.0
칼국수,소고기,74,5,0.068,6.0,70.0
칼국수,버섯,74,5,0.068,6.0,70.0
칼국수,무,74,4,0.054,5.0,71.0
칼국수,쪽파,74,4,0.054,5.0,71.0
칼국수,올리고당,74,4,0.054,5.0,71.0
칼국수,배추김치,74,4,0.054,5.0,71.0
칼국수,연두,74,3,0.041,4.0,72.0
칼국수,돼지고기,74,3,0.041,4.0,72.0
칼국수,들깨,74,3,0.041,4.0,72.0
칼국수,생강,74,3,0.041,4.0,72.0
칼국수,팽이버섯,74,2,0.027,3.0,73.0
칼국수,새송이버섯,74,2,0.027,3.0,73.0
칼국수,숙주,74,2,0.027,3.0,73.0
칼국수,밀떡,74,2,0.027,3.0,73.0
칼국수,부추,74,2,0.027,3.0,73.0
칼국수,쑥갓,74,2,0.027,3.0,73.0
칼국수,다시다,74,2,0.027,3.0,73.0
칼국수,미나리,74,2,0.027,3.0,73.0
칼국수,겨자,74,2,0.027,3.0,73.0
칼국수,오징어,74,2,0.027,3.0,73.0
칼국수,찹쌀,74,1,0.014,2.0,74.0
칼국수,오리고기,74,1,0.014,2.0,74.0
칼국수,알룰로스,74,1,0.014,2.0,74.0
칼국수,가리비,74,1,0.014,2.0,74.0
칼국수,미더덕,74,1,0.014,2.0,74.0
칼국수,황태,74,1,0.014,2.0,74.0
칼국수,고사리,74,1,0.014,2.0,74.0
칼국수,토란대,74,1,0.014,2.0,74.0
칼국수,고추기름,74,1,0.014,2.0,74.0
칼국수,땅콩,74,1,0.014,2.0,74.0
칼국수,레몬,74,1,0.014,2.0,74.0
칼국수,두반장,74,1,0.014,2.0,74.0
칼국수,굴소스,74,1,0.014,2.0,74.0
칼국수,국수,74,1,0.014,2.0,74.0
칼국수,국간강,74,1,0.014,2.0,74.0
칼국수,만두,74,1,0.014,2.0,74.0
칼국수,인삼,74,1,0.014,2.0,74.0
칼국수,봄동,74,1,0.014,2.0,74.0
칼국수,어묵,74,1,0.014,2.0,74.0
칼국수,양송이버섯,74,1,0.014,2.0,74.0
칼국수,상추,74,1,0.014,2.0,74.0
칼국수,고추냉이,74,1,0.014,2.0,74.0
칼국수,대추,74,1,0.014,2.0,74.0
칼국수,양배추,74,1,0.014,2.0,74.0
칼국수,북어,74,1,0.014,2.0,74.0
칼국수,사골,74,1,0.014,2.0,74.0
칼국수,​물,74,1,0.014,2.0,74.0
칼국수,얼갈이,74,1,0.014,2.0,74.0
칼국수,오이,74,1,0.014,2.0,74.0
칼국수,새우젓,74,1,0.014,2.0,74.0
칼국수,깻잎,74,1,0.014,2.0,74.0
칼국수,감장,74,1,0.014,2.0,74.0
칼국수,고구마,74,1,0.014,2.0,74.0
콩나물국,콩나물,71,71,1.0,72.0,1.0
콩나물국,마늘,71,63,0.887,64.0,9.0
콩나물국,대파,71,58,0.817,59.0,14.0
콩나물국,소금,71,51,0.718,52.0,21.0
콩나물국,청양고추,71,39,0.549,40.0,33.0
콩나물국,멸치,71,31,0.437,32.0,41.0
콩나물국,간장,71,29,0.408,30.0,43.0
콩나물국,물,71,26,0.366,27.0,46.0
콩나물국,고춧가루,71,21,0.296,22.0,51.0
콩나물국,새우젓,71,21,0.296,22.0,51.0
콩나물국,다시마,71,21,0.296,22.0,51.0
콩나물국,멸치액젓,71,13,0.183,14.0,59.0
콩나물국,후춧가루,71,12,0.169,13.0,60.0
콩나물국,고추,71,12,0.169,13.0,60.0
콩나물국,연두,71,9,0.127,10.0,63.0
콩나물국,배추김치,71,7,0.099,8.0,65.0
콩나물국,쪽파,71,6,0.085,7.0,66.0
콩나물국,양파,71,4,0.056,5.0,68.0
콩나물국,두부,71,4,0.056,5.0,68.0
콩나물국,무,71,4,0.056,5.0,68.0
콩나물국,육수,71,3,0.042,4.0,69.0
콩나물국,밥,71,2,0.028,3.0,70.0
콩나물국,계란,71,2,0.028,3.0,70.0
콩나물국,맛술,71,2,0.028,3.0,70.0
콩나물국,황태,71,2,0.028,3.0,70.0
콩나물국,참기름,71,2,0.028,3.0,70.0
콩나물국,참치액,71,2,0.028,3.0,70.0
콩나물국,들기름,71,2,0.028,3.0,70.0
콩나물국,김,71,1,0.014,2.0,71.0
콩나물국,대피,71,1,0.014,2.0,71.0
콩나물국,오징어,71,1,0.014,2.0,71.0
콩나물국,김치국물,71,1,0.014,2.0,71.0
콩나물국,다시물,71,1,0.014,2.0,71.0
콩나물국,새우,71,1,0.014,2.0,71.0
콩나물국,요리에센스,71,1,0.014,2.0,71.0
콩나물국,바지락,71,1,0.014,2.0,71.0
콩나물국,북어,71,1,0.014,2.0,71.0
콩나물국,새송이버섯,71,1,0.014,2.0,71.0
콩나물국,소고기,71,1,0.014,2.0,71.0
콩나물무침,통깨,217,177,0.816,178.0,41.0
콩나물무침,마늘,217,167,0.77,168.0,51.0
콩나물무침,참기름,217,158,0.728,159.0,60.0
콩나물무침,소금,217,132,0.608,133.0,86.0
콩나물무침,간장,217,125,0.576,126.0,93.0
콩나물무침,고춧가루,217,119,0.548,120.0,99.0
콩나물무침,콩나물,217,107,0.493,108.0,111.0
콩나물무침,대파,217,91,0.419,92.0,127.0
콩나물무침,설탕,217,72,0.332,73.0,146.0
콩나물무침,올리고당,217,50,0.23,51.0,168.0
콩나물무침,후춧가루,217,48,0.221,49.0,170.0
콩나물무침,식초,217,47,0.217,48.0,171.0
콩나물무침,고추,217,42,0.194,43.0,176.0
콩나물무침,양파,217,39,0.18,40.0,179.0
콩나물무침,맛술,217,38,0.175,39.0,180.0
콩나물무침,청양고추,217,37,0.171,38.0,181.0
콩나물무침,물,217,36,0.166,37.0,182.0
콩나물무침,쪽파,217,36,0.166,37.0,182.0
콩나물무침,고추장,217,36,0.166,37.0,182.0
콩나물무침,오이,217,27,0.124,28.0,191.0
콩나물무침,당근,217,22,0.101,23.0,196.0
콩나물무침,멸치액젓,217,21,0.097,22.0,197.0
콩나물무침,들기름,217,21,0.097,22.0,197.0
콩나물무침,매실액,217,20,0.092,21.0,198.0
콩나물무침,식용유,217,19,0.088,20.0,199.0
콩나물무침,된장,217,17,0.078,18.0,201.0
콩나물무침,생강,217,14,0.065,15.0,204.0
콩나물무침,멸치,217,11,0.051,12.0,207.0
콩나물무침,미나리,217,10,0.046,11.0,208.0
콩나물무침,두부,217,10,0.046,11.0,208.0
콩나물무침,무,217,10,0.046,11.0,208.0
콩나물무침,다시마,217,9,0.041,10.0,209.0
콩나물무침,깻잎,217,9,0.041,10.0,209.0
콩나물무침,돼지고기,217,9,0.041,10.0,209.0
콩나물무침,오징어,217,9,0.041,10.0,209.0
콩나물무침,김,217,9,0.041,10.0,209.0
콩나물무침,참치액,217,8,0.037,9.0,210.0
콩나물무침,달래,217,8,0.037,9.0,210.0
콩나물무침,부추,217,8,0.037,9.0,210.0
콩나물무침,브로콜리,217,8,0.037,9.0,210.0
콩나물무침,밥,217,7,0.032,8.0,211.0
콩나물무침,시금치,217,6,0.028,7.0,212.0
콩나물무침,계란,217,6,0.028,7.0,212.0
콩나물무침,소고기,217,6,0.028,7.0,212.0
콩나물무침,쌀,217,6,0.028,7.0,212.0
콩나물무침,닭고기,217,6,0.028,7.0,212.0
콩나물무침,마요네즈,217,6,0.028,7.0,212.0
콩나물무침,연두,217,5,0.023,6.0,213.0
콩나물무침,전분,217,5,0.023,6.0,213.0
콩나물무침,굴소스,217,5,0.023,6.0,213.0
콩나물무침,새우젓,217,5,0.023,6.0,213.0
콩나물무침,레몬,217,5,0.023,6.0,213.0
콩나물무침,땅콩,217,5,0.023,6.0,213.0
콩나물무침,느타리버섯,217,4,0.018,5.0,214.0
콩나물무침,새우,217,4,0.018,5.0,214.0
콩나물무침,월계수잎,217,4,0.018,5.0,214.0
콩나물무침,황태,217,4,0.018,5.0,214.0
콩나물무침,배추김치,217,4,0.018,5.0,214.0
콩나물무침,술,217,4,0.018,5.0,214.0
콩나물무침,양배추,217,4,0.018,5.0,214.0
콩나물무침,배,217,4,0.018,5.0,214.0
콩나물무침,당면,217,3,0.014,4.0,215.0
콩나물무침,애호박,217,3,0.014,4.0,215.0
콩나물무침,채소,217,3,0.014,4.0,215.0
콩나물무침,고추기름,217,3,0.014,4.0,215.0
콩나물무침,쑥갓,217,3,0.014,4.0,215.0
콩나물무침,굴,217,3,0.014,4.0,215.0
콩나물무침,미역,217,3,0.014,4.0,215.0
콩나물무침,꿀,217,3,0.014,4.0,215.0
콩나물무침,톳,217,3,0.014,4.0,215.0
콩나물무침,가지,217,3,0.014,4.0,215.0
콩나물무침,돌나물,217,3,0.014,4.0,215.0
콩나물무침,골뱅이,217,3,0.014,4.0,215.0
콩나물무침,어묵,217,2,0.009,3.0,216.0
콩나물무침,유자청,217,2,0.009,3.0,216.0
콩나물무침,미더덕,217,2,0.009,3.0,216.0
콩나물무침,쭈꾸미,217,2,0.009,3.0,216.0
콩나물무침,치즈,217,2,0.009,3.0,216.0
콩나물무침,참치,217,2,0.009,3.0,216.0
콩나물무침,갈비,217,2,0.009,3.0,216.0
콩나물무침,팽이버섯,217,2,0.009,3.0,216.0
콩나물무침,새송이버섯,217,2,0.009,3.0,216.0
콩나물무침,칠리소스,217,2,0.009,3.0,216.0
콩나물무침,올리브,217,2,0.009,3.0,216.0
콩나물무침,발사믹,217,2,0.009,3.0,216.0
콩나물무침,파래,217,2,0.009,3.0,216.0
콩나물무침,냉이,217,2,0.009,3.0,216.0
콩나물무침,꼬막,217,2,0.009,3.0,216.0
콩나물무침,두릅,217,2,0.009,3.0,216.0
콩나물무침,낙지,217,2,0.009,3.0,216.0
콩나물무침,참나물,217,2,0.009,3.0,216.0
콩나물무침,소면,217,2,0.009,3.0,216.0
콩나물무침,목이버섯,217,2,0.009,3.0,216.0
콩나물무침,바지락,217,2,0.009,3.0,216.0
콩나물무침,세발나물,217,2,0.009,3.0,216.0
콩나물무침,겨자,217,2,0.009,3.0,216.0
콩나물무침,고추냉이,217,2,0.009,3.0,216.0
콩나물무침,피망,217,2,0.009,3.0,216.0
콩나물무침,취나물,217,2,0.009,3.0,216.0
콩나물무침,고수,217,2,0.009,3.0,216.0
콩나물무침,들깨,217,2,0.009,3.0,216.0
콩나물무침,맛살,217,2,0.009,3.0,216.0
콩나물무침,숙주,217,2,0.009,3.0,216.0
콩나물무침,명란젓,217,2,0.009,3.0,216.0
콩나물무침,감자,217,2,0.009,3.0,216.0
콩나물무침,열무,217,2,0.009,3.0,216.0
콩나물무침,잣,217,2,0.009,3.0,216.0
콩나물무침,배즙,217,2,0.009,3.0,216.0
콩나물무침,국수,217,1,0.005,2.0,217.0
콩나물무침,상추,217,1,0.005,2.0,217.0
콩나물무침,표고버섯,217,1,0.005,2.0,217.0
콩나물무침,떡,217,1,0.005,2.0,217.0
콩나물무침,현미,217,1,0.005,2.0,217.0
콩나물무침,김치국물,217,1,0.005,2.0,217.0
콩나물무침,라면,217,1,0.005,2.0,217.0
콩나물무침,아귀,217,1,0.005,2.0,217.0
콩나물무침,육수,217,1,0.005,2.0,217.0
콩나물무침,꽃게,217,1,0.005,2.0,217.0
콩나물무침,고사리,217,1,0.005,2.0,217.0
콩나물무침,버섯,217,1,0.005,2.0,217.0
콩나물무침,생선,217,1,0.005,2.0,217.0
콩나물무침,배추,217,1,0.005,2.0,217.0
콩나물무침,유자껍질,217,1,0.005,2.0,217.0
콩나물무침,폰즈소스,217,1,0.005,2.0,217.0
콩나물무침,아까오로시,217,1,0.005,2.0,217.0
콩나물무침,강낭콩,217,1,0.005,2.0,217.0
콩나물무침,애플비니거,217,1,0.005,2.0,217.0
콩나물무침,순살아귀,217,1,0.005,2.0,217.0
콩나물무침,도라지,217,1,0.005,2.0,217.0
콩나물무침,옥수수,217,1,0.005,2.0,217.0
콩나물무침,줄기명이,217,1,0.005,2.0,217.0
콩나물무침,알룰로스,217,1,0.005,2.0,217.0
콩나물무침,적채,217,1,0.005,2.0,217.0
콩나물무침,파인애플,217,1,0.005,2.0,217.0
콩나물무침,새싹,217,1,0.005,2.0,217.0
콩나물무침,가리비,217,1,0.005,2.0,217.0
콩나물무침,멍게,217,1,0.005,2.0,217.0
콩나물무침,감태,217,1,0.005,2.0,217.0
콩나물무침,청포묵,217,1,0.005,2.0,217.0
콩나물무침,통조림국물,217,1,0.005,2.0,217.0
콩나물무침,완두콩,217,1,0.005,2.0,217.0
콩나물무침,샐러리,217,1,0.005,2.0,217.0
콩나물무침,레디쉬,217,1,0.005,2.0,217.0
콩나물무침,시래기,217,1,0.005,2.0,217.0
콩나물무침,토마토,217,1,0.005,2.0,217.0
콩나물무침,밀가루,217,1,0.005,2.0,217.0
콩나물무침,기름,217,1,0.005,2.0,217.0
콩나물무침,단무지,217,1,0.005,2.0,217.0
콩나물무침,조개,217,1,0.005,2.0,217.0
콩나물무침,치커리,217,1,0.005,2.0,217.0
콩나물무침,산초가루,217,1,0.005,2.0,217.0
콩나물무침,도토리묵,217,1,0.005,2.0,217.0
콩나물무침,파프리카,217,1,0.005,2.0,217.0
콩나물무침,홍합,217,1,0.005,2.0,217.0
콩나물무침,유채,217,1,0.005,2.0,217.0
콩나물무침,고춧잎,217,1,0.005,2.0,217.0
콩나물무침,사과,217,1,0.005,2.0,217.0
콩나물무침,생곤드레,217,1,0.005,2.0,217.0
콩나물무침,자리돔,217,1,0.005,2.0,217.0
콩나물무침,래디시,217,1,0.005,2.0,217.0
콩나물무침,금귤즙,217,1,0.005,2.0,217.0
콩나물무침,콜라비,217,1,0.005,2.0,217.0
콩나물무침,채수,217,1,0.005,2.0,217.0
콩나물무침,제피잎,217,1,0.005,2.0,217.0
콩나물무침,꽃잎,217,1,0.005,2.0,217.0
콩나물무침,딜,217,1,0.005,2.0,217.0
콩나물무침,어린잎,217,1,0.005,2.0,217.0
콩나물무침,견과류,217,1,0.005,2.0,217.0
콩나물무침,얼갈이,217,1,0.005,2.0,217.0
콩나물무침,중하,217,1,0.005,2.0,217.0
콩나물무침,밤,217,1,0.005,2.0,217.0
콩나물무침,엄나무순,217,1,0.005,2.0,217.0
콩나물무침,피쉬소스,217,1,0.005,2.0,217.0
콩나물무침,부침가루,217,1,0.005,2.0,217.0
콩나물무침,소주,217,1,0.005,2.0,217.0
콩나물무침,연근,217,1,0.005,2.0,217.0
콩나물무침,연어,217,1,0.005,2.0,217.0
콩나물무침,아보카도,217,1,0.005,2.0,217.0
콩나물무침,모짜렐라볼,217,1,0.005,2.0,217.0
콩나물무침,래몬즙,217,1,0.005,2.0,217.0
콩나물무침,반건조감말랭이,217,1,0.005,2.0,217.0
콩나물무침,와인,217,1,0.005,2.0,217.0
콩나물무침,머스터드소스,217,1,0.005,2.0,217.0
콩나물무침,봄동,217,1,0.005,2.0,217.0
파김치,고춧가루,68,64,0.941,65.0,5.0
파김치,쪽파,68,57,0.838,58.0,12.0
파김치,멸치액젓,68,55,0.809,56.0,14.0
파김치,마늘,68,45,0.662,46.0,24.0
파김치,설탕,68,42,0.618,43.0,27.0
파김치,물,68,37,0.544,38.0,32.0
파김치,매실액,68,32,0.471,33.0,37.0
파김치,양파,68,23,0.338,24.0,46.0
파김치,생강,68,22,0.324,23.0,47.0
파김치,통깨,68,20,0.294,21.0,49.0
파김치,찹쌀가루,68,19,0.279,20.0,50.0
파김치,새우젓,68,19,0.279,20.0,50.0
파김치,밀가루,68,14,0.206,15.0,55.0
파김치,대파,68,10,0.147,11.0,59.0
파김치,멸치,68,9,0.132,10.0,60.0
파김치,당근,68,8,0.118,9.0,61.0
파김치,배추김치,68,7,0.103,8.0,62.0
파김치,찹쌀풀,68,6,0.088,7.0,63.0
파김치,소금,68,6,0.088,7.0,63.0
파김치,고추,68,4,0.059,5.0,65.0
파김치,배,68,3,0.044,4.0,66.0
파김치,올리고당,68,3,0.044,4.0,66.0
파김치,부추,68,2,0.029,3.0,67.0
파김치,간장,68,2,0.029,3.0,67.0
파김치,무,68,2,0.029,3.0,67.0
파김치,새우,68,2,0.029,3.0,67.0
파김치,식초,68,2,0.029,3.0,67.0
파김치,사과,68,2,0.029,3.0,67.0
파김치,육수,68,2,0.029,3.0,67.0
파김치,소고기,68,1,0.015,2.0,68.0
파김치,다시마,68,1,0.015,2.0,68.0
파김치,꽃게,68,1,0.015,2.0,68.0
파김치,쌀,68,1,0.015,2.0,68.0
파김치,찹쌀,68,1,0.015,2.0,68.0
파김치,카나리액,68,1,0.015,2.0,68.0
파김치,표고버섯,68,1,0.015,2.0,68.0
파김치,다시다,68,1,0.015,2.0,68.0
파김치,밥,68,1,0.015,2.0,68.0
파김치,매실,68,1,0.015,2.0,68.0
파김치,울금가루,68,1,0.015,2.0,68.0
파김치,부침가루,68,1,0.015,2.0,68.0
파김치,깻잎,68,1,0.015,2.0,68.0
파김치,뉴슈가,68,1,0.015,2.0,68.0
파김치,청양고추,68,1,0.015,2.0,68.0
파전,물,65,51,0.785,52.0,15.0
파전,쪽파,65,42,0.646,43.0,24.0
파전,계란,65,41,0.631,42.0,25.0
파전,부침가루,65,38,0.585,39.0,28.0
파전,식용유,65,32,0.492,33.0,34.0
파전,소금,65,28,0.431,29.0,38.0
파전,간장,65,27,0.415,28.0,39.0
파전,청양고추,65,23,0.354,24.0,43.0
파전,대파,65,23,0.354,24.0,43.0
파전,양파,65,22,0.338,23.0,44.0
파전,식초,65,19,0.292,20.0,47.0
파전,밀가루,65,18,0.277,19.0,48.0
파전,고추,65,17,0.262,18.0,49.0
파전,오징어,65,17,0.262,18.0,49.0
파전,통깨,65,16,0.246,17.0,50.0
파전,튀김가루,65,15,0.231,16.0,51.0
파전,새우,65,15,0.231,16.0,51.0
파전,후춧가루,65,11,0.169,12.0,55.0
파전,고춧가루,65,10,0.154,11.0,56.0
파전,당근,65,10,0.154,11.0,56.0
파전,설탕,65,7,0.108,8.0,59.0
파전,마늘,65,7,0.108,8.0,59.0
파전,해물,65,5,0.077,6.0,61.0
파전,참기름,65,4,0.062,5.0,62.0
파전,소고기,65,3,0.046,4.0,63.0
파전,기름,65,3,0.046,4.0,63.0
파전,맛술,65,3,0.046,4.0,63.0
파전,돼지고기,65,3,0.046,4.0,63.0
파전,애호박,65,3,0.046,4.0,63.0
파전,표고버섯,65,3,0.046,4.0,63.0
파전,굴,65,2,0.031,3.0,64.0
파전,조갯살,65,2,0.031,3.0,64.0
파전,소주,65,2,0.031,3.0,64.0
파전,감자,65,2,0.031,3.0,64.0
파전,베이컨,65,2,0.031,3.0,64.0
파전,느타리버섯,65,2,0.031,3.0,64.0
파전,찹쌀가루,65,2,0.031,3.0,64.0
파전,참소스,65,2,0.031,3.0,64.0
파전,생강,65,1,0.015,2.0,65.0
파전,도토리가루,65,1,0.015,2.0,65.0
파전,올리고당,65,1,0.015,2.0,65.0
파전,빵가루,65,1,0.015,2.0,65.0
파전,월계수잎,65,1,0.015,2.0,65.0
파전,우유,65,1,0.015,2.0,65.0
파전,새송이버섯,65,1,0.015,2.0,65.0
파전,부침유,65,1,0.015,2.0,65.0
파전,술,65,1,0.015,2.0,65.0
파전,연두,65,1,0.015,2.0,65.0
파전,멥쌀가루,65,1,0.015,2.0,65.0
파전,닭고기,65,1,0.015,2.0,65.0
파전,토마토,65,1,0.015,2.0,65.0
파전,홍합,65,1,0.015,2.0,65.0
파전,옥수수,65,1,0.015,2.0,65.0
파전,홍초,65,1,0.015,2.0,65.0
파전,팽이버섯,65,1,0.015,2.0,65.0
파전,강황가루,65,1,0.015,2.0,65.0
파전,파프리카,65,1,0.015,2.0,65.0
파전,들기름,65,1,0.015,2.0,65.0
파전,채소,65,1,0.015,2.0,65.0
파전,멸치액젓,65,1,0.015,2.0,65.0
파전,고추장,65,1,0.015,2.0,65.0
파전,마카분말,65,1,0.015,2.0,65.0
파전,전분,65,1,0.015,2.0,65.0
파전,맛살,65,1,0.015,2.0,65.0
파전,메밀가루,65,1,0.015,2.0,65.0
파전,멸치,65,1,0.015,2.0,65.0
파전,깻잎,65,1,0.015,2.0,65.0
호떡,물,64,37,0.578,38.0,28.0
호떡,호떡믹스,64,33,0.516,34.0,32.0
호떡,식용유,64,32,0.5,33.0,33.0
호떡,설탕,64,30,0.469,31.0,35.0
호떡,이스트,64,28,0.438,29.0,37.0
호떡,소금,64,21,0.328,22.0,44.0
호떡,계피,64,20,0.312,21.0,45.0
호떡,밀가루,64,18,0.281,19.0,47.0
호떡,견과류,64,16,0.25,17.0,49.0
호떡,통깨,64,12,0.188,13.0,53.0
호떡,찹쌀가루,64,10,0.156,11.0,55.0
호떡,치즈,64,10,0.156,11.0,55.0
호떡,버터,64,7,0.109,8.0,58.0
호떡,우유,64,7,0.109,8.0,58.0
호떡,호두,64,7,0.109,8.0,58.0
호떡,전분,64,5,0.078,6.0,60.0
호떡,애호박,64,5,0.078,6.0,60.0
호떡,기름,64,5,0.078,6.0,60.0
호떡,떡,64,5,0.078,6.0,60.0
호떡,땅콩,64,4,0.062,5.0,61.0
호떡,해바라기씨,64,4,0.062,5.0,61.0
호떡,감자,64,3,0.047,4.0,62.0
호떡,옥수수,64,3,0.047,4.0,62.0
호떡,마요네즈,64,3,0.047,4.0,62.0
호떡,아몬드,64,3,0.047,4.0,62.0
호떡,토르티야,64,3,0.047,4.0,62.0
호떡,올리고당,64,2,0.031,3.0,63.0
호떡,빵,64,2,0.031,3.0,63.0
호떡,팥,64,2,0.031,3.0,63.0
호떡,고구마,64,2,0.031,3.0,63.0
호떡,잼,64,2,0.031,3.0,63.0
호떡,녹차가루,64,2,0.031,3.0,63.0
호떡,파슬리,64,2,0.031,3.0,63.0
호떡,케첩,64,2,0.031,3.0,63.0
호떡,백설요리유,64,2,0.031,3.0,63.0
호떡,아이스크림,64,2,0.031,3.0,63.0
호떡,계란,64,2,0.031,3.0,63.0
호떡,꿀,64,2,0.031,3.0,63.0
호떡,술,64,2,0.031,3.0,63.0
호떡,감태,64,1,0.016,2.0,64.0
호떡,연두,64,1,0.016,2.0,64.0
호떡,크로아상생지,64,1,0.016,2.0,64.0
호떡,슈가파우더,64,1,0.016,2.0,64.0
호떡,밀크초콜릿,64,1,0.016,2.0,64.0
호떡,다크커버춰초콜릿,64,1,0.016,2.0,64.0
호떡,초콜릿블록,64,1,0.016,2.0,64.0
호떡,메이플시럽,64,1,0.016,2.0,64.0
호떡,코코넛롱,64,1,0.016,2.0,64.0
호떡,밀전분,64,1,0.016,2.0,64.0
호떡,핫케이크가루,64,1,0.016,2.0,64.0
호떡,콩가루,64,1,0.016,2.0,64.0
호떡,옛날잡채,64,1,0.016,2.0,64.0
호떡,비트,64,1,0.016,2.0,64.0
호떡,소시지,64,1,0.016,2.0,64.0
호떡,파프리카,64,1,0.016,2.0,64.0
호떡,잡채,64,1,0.016,2.0,64.0
호떡,배추김치,64,1,0.016,2.0,64.0
호떡,초코소스,64,1,0.016,2.0,64.0
호떡,베이킹파우더,64,1,0.016,2.0,64.0
호떡,당근,64,1,0.016,2.0,64.0
호떡,토마토,64,1,0.016,2.0,64.0
호떡,누르개,64,1,0.016,2.0,64.0
호떡,안데스마카분말,64,1,0.016,2.0,64.0
호떡,크랜베리,64,1,0.016,2.0,64.0
호떡,삼온당,64,1,0.016,2.0,64.0
호떡,건포도,64,1,0.016,2.0,64.0
호떡,슈거파우더,64,1,0.016,2.0,64.0
호떡,궁중한차,64,1,0.016,2.0,64.0
호떡,건블루베리,64,1,0.016,2.0,64.0
호떡,딸기,64,1,0.016,2.0,64.0
호떡,귀리,64,1,0.016,2.0,64.0
호떡,시판미숫가루,64,1,0.016,2.0,64.0
호떡,밤,64,1,0.016,2.0,64.0
호떡,곶감,64,1,0.016,2.0,64.0
호떡,잣,64,1,0.016,2.0,64.0
호떡,대추,64,1,0.016,2.0,64.0
호박죽,애호박,62,61,0.984,62.0,2.0
호박죽,소금,62,53,0.855,54.0,10.0
호박죽,설탕,62,45,0.726,46.0,18.0
호박죽,물,62,36,0.581,37.0,27.0
호박죽,찹쌀가루,62,34,0.548,35.0,29.0
호박죽,팥,62,18,0.29,19.0,45.0
호박죽,찹쌀,62,17,0.274,18.0,46.0
호박죽,꿀,62,8,0.129,9.0,55.0
호박죽,밥,62,6,0.097,7.0,57.0
호박죽,대추,62,6,0.097,7.0,57.0
호박죽,멥쌀가루,62,6,0.097,7.0,57.0
호박죽,강낭콩,62,4,0.065,5.0,59.0
호박죽,잣,62,4,0.065,5.0,59.0
호박죽,콩,62,4,0.065,5.0,59.0
호박죽,우유,62,3,0.048,4.0,60.0
호박죽,밤,62,3,0.048,4.0,60.0
호박죽,고구마,62,3,0.048,4.0,60.0
호박죽,견과류,62,2,0.032,3.0,61.0
호박죽,쌀,62,2,0.032,3.0,61.0
호박죽,옥수수,62,2,0.032,3.0,61.0
호박죽,곤약,62,1,0.016,2.0,62.0
호박죽,호두,62,1,0.016,2.0,62.0
호박죽,병아리콩,62,1,0.016,2.0,62.0
호박죽,계피,62,1,0.016,2.0,62.0
호박죽,건포도,62,1,0.016,2.0,62.0
호박죽,올리고당,62,1,0.016,2.0,62.0
호박죽,양파,62,1,0.016,2.0,62.0
호박죽,전분,62,1,0.016,2.0,62.0
호박죽,밀가루,62,1,0.016,2.0,62.0
호박죽,홍시,62,1,0.016,2.0,62.0
호박죽,스테비아,62,1,0.016,2.0,62.0
호박죽,새알심,62,1,0.016,2.0,62.0
호박죽,당근,62,1,0.016,2.0,62.0
후라이드치킨,닭고기,202,202,1.0,203.0,1.0
후라이드치킨,소금,202,149,0.738,150.0,54.0
후라이드치킨,후춧가루,202,141,0.698,142.0,62.0
후라이드치킨,식용유,202,124,0.614,125.0,79.0
후라이드치킨,마늘,202,105,0.52,106.0,98.0
후라이드치킨,설탕,202,73,0.361,74.0,130.0
후라이드치킨,물,202,72,0.356,73.0,131.0
후라이드치킨,양파,202,69,0.342,70.0,134.0
후라이드치킨,간장,202,61,0.302,62.0,142.0
후라이드치킨,전분,202,46,0.228,47.0,157.0
후라이드치킨,우유,202,43,0.213,44.0,160.0
후라이드치킨,맛술,202,43,0.213,44.0,160.0
후라이드치킨,참기름,202,39,0.193,40.0,164.0
후라이드치킨,계란,202,38,0.188,39.0,165.0
후라이드치킨,파슬리,202,38,0.188,39.0,165.0
후라이드치킨,대파,202,37,0.183,38.0,166.0
후라이드치킨,생강,202,35,0.173,36.0,168.0
후라이드치킨,토마토,202,34,0.168,35.0,169.0
후라이드치킨,치즈,202,34,0.168,35.0,169.0
후라이드치킨,튀김가루,202,33,0.163,34.0,170.0
후라이드치킨,버터,202,26,0.129,27.0,177.0
후라이드치킨,새우,202,26,0.129,27.0,177.0
후라이드치킨,돼지고기,202,26,0.129,27.0,177.0
후라이드치킨,밀가루,202,24,0.119,25.0,179.0
후라이드치킨,굴소스,202,23,0.114,24.0,180.0
후라이드치킨,기름,202,23,0.114,24.0,180.0
후라이드치킨,당근,202,22,0.109,23.0,181.0
후라이드치킨,카레가루,202,21,0.104,22.0,182.0
후라이드치킨,쪽파,202,21,0.104,22.0,182.0
후라이드치킨,올리고당,202,20,0.099,21.0,183.0
후라이드치킨,고추,202,20,0.099,21.0,183.0
후라이드치킨,식초,202,20,0.099,21.0,183.0
후라이드치킨,고춧가루,202,20,0.099,21.0,183.0
후라이드치킨,파스타면,202,19,0.094,20.0,184.0
후라이드치킨,레몬,202,17,0.084,18.0,186.0
후라이드치킨,빵가루,202,16,0.079,17.0,187.0
후라이드치킨,표고버섯,202,16,0.079,17.0,187.0
후라이드치킨,고추기름,202,16,0.079,17.0,187.0
후라이드치킨,죽순,202,16,0.079,17.0,187.0
후라이드치킨,파프리카,202,15,0.074,16.0,188.0
후라이드치킨,밥,202,15,0.074,16.0,188.0
후라이드치킨,소고기,202,15,0.074,16.0,188.0
후라이드치킨,케첩,202,13,0.064,14.0,190.0
후라이드치킨,통깨,202,13,0.064,14.0,190.0
후라이드치킨,마요네즈,202,12,0.059,13.0,191.0
후라이드치킨,청양고추,202,12,0.059,13.0,191.0
후라이드치킨,머스터드소스,202,10,0.05,11.0,193.0
후라이드치킨,와인,202,10,0.05,11.0,193.0
후라이드치킨,오이,202,10,0.05,11.0,193.0
후라이드치킨,샐러리,202,10,0.05,11.0,193.0
후라이드치킨,노두유,202,10,0.05,11.0,193.0
후라이드치킨,고추장,202,10,0.05,11.0,193.0
후라이드치킨,생크림,202,9,0.045,10.0,194.0
후라이드치킨,베이컨,202,9,0.045,10.0,194.0
후라이드치킨,감자,202,9,0.045,10.0,194.0
후라이드치킨,월계수잎,202,9,0.045,10.0,194.0
후라이드치킨,페페론치노,202,9,0.045,10.0,194.0
후라이드치킨,양송이버섯,202,9,0.045,10.0,194.0
후라이드치킨,오징어,202,9,0.045,10.0,194.0
후라이드치킨,꿀,202,8,0.04,9.0,195.0
후라이드치킨,칠리소스,202,8,0.04,9.0,195.0
후라이드치킨,목이버섯,202,8,0.04,9.0,195.0
후라이드치킨,고수,202,8,0.04,9.0,195.0
후라이드치킨,두반장,202,8,0.04,9.0,195.0
후라이드치킨,땅콩,202,7,0.035,8.0,196.0
후라이드치킨,바질,202,7,0.035,8.0,196.0
후라이드치킨,피망,202,7,0.035,8.0,196.0
후라이드치킨,산초가루,202,7,0.035,8.0,196.0
후라이드치킨,청경채,202,7,0.035,8.0,196.0
후라이드치킨,배추,202,7,0.035,8.0,196.0
후라이드치킨,애호박,202,7,0.035,8.0,196.0
후라이드치킨,로즈마리,202,6,0.03,7.0,197.0
후라이드치킨,양배추,202,6,0.03,7.0,197.0
후라이드치킨,샬롯,202,6,0.03,7.0,197.0
후라이드치킨,무,202,6,0.03,7.0,197.0
후라이드치킨,빵,202,6,0.03,7.0,197.0
후라이드치킨,쌀,202,6,0.03,7.0,197.0
후라이드치킨,팔각,202,6,0.03,7.0,197.0
후라이드치킨,두부,202,6,0.03,7.0,197.0
후라이드치킨,시금치,202,6,0.03,7.0,197.0
후라이드치킨,칼국수면,202,6,0.03,7.0,197.0
후라이드치킨,올리브,202,5,0.025,6.0,198.0
후라이드치킨,된장,202,5,0.025,6.0,198.0
후라이드치킨,면수,202,5,0.025,6.0,198.0
후라이드치킨,샤미,202,5,0.025,6.0,198.0
후라이드치킨,총장즙,202,5,0.025,6.0,198.0
후라이드치킨,호두,202,4,0.02,5.0,199.0
후라이드치킨,아보카도,202,4,0.02,5.0,199.0
후라이드치킨,타임,202,4,0.02,5.0,199.0
후라이드치킨,요구르트,202,4,0.02,5.0,199.0
후라이드치킨,로메인,202,4,0.02,5.0,199.0
후라이드치킨,허브가루,202,4,0.02,5.0,199.0
후라이드치킨,깻잎,202,4,0.02,5.0,199.0
후라이드치킨,밤,202,4,0.02,5.0,199.0
후라이드치킨,셀러리,202,4,0.02,5.0,199.0
후라이드치킨,국수,202,4,0.02,5.0,199.0
후라이드치킨,밀전분,202,4,0.02,5.0,199.0
후라이드치킨,허브솔트,202,4,0.02,5.0,199.0
후라이드치킨,베이킹파우더,202,3,0.015,4.0,200.0
후라이드치킨,할라피뇨,202,3,0.015,4.0,200.0
후라이드치킨,채소,202,3,0.015,4.0,200.0
후라이드치킨,크랜베리,202,3,0.015,4.0,200.0
후라이드치킨,토르티야,202,3,0.015,4.0,200.0
후라이드치킨,큐민가루,202,3,0.015,4.0,200.0
후라이드치킨,라임,202,3,0.015,4.0,200.0
후라이드치킨,양상추,202,3,0.015,4.0,200.0
후라이드치킨,브로콜리,202,3,0.015,4.0,200.0
후라이드치킨,찹쌀가루,202,3,0.015,4.0,200.0
후라이드치킨,옥수수,202,3,0.015,4.0,200.0
후라이드치킨,루꼴라,202,3,0.015,4.0,200.0
후라이드치킨,찹쌀,202,3,0.015,4.0,200.0
후라이드치킨,숙주,202,3,0.015,4.0,200.0
후라이드치킨,부추,202,3,0.015,4.0,200.0
후라이드치킨,우스터소스,202,3,0.015,4.0,200.0
후라이드치킨,바지락,202,3,0.015,4.0,200.0
후라이드치킨,새송이버섯,202,3,0.015,4.0,200.0
후라이드치킨,튀김,202,3,0.015,4.0,200.0
후라이드치킨,소주,202,3,0.015,4.0,200.0
후라이드치킨,샐러드야채,202,2,0.01,3.0,201.0
후라이드치킨,계피,202,2,0.01,3.0,201.0
후라이드치킨,초리조,202,2,0.01,3.0,201.0
후라이드치킨,콩,202,2,0.01,3.0,201.0
후라이드치킨,연유,202,2,0.01,3.0,201.0
후라이드치킨,조리유,202,2,0.01,3.0,201.0
후라이드치킨,겨자,202,2,0.01,3.0,201.0
후라이드치킨,연근,202,2,0.01,3.0,201.0
후라이드치킨,고구마,202,2,0.01,3.0,201.0
후라이드치킨,주키니,202,2,0.01,3.0,201.0
후라이드치킨,꽃게,202,2,0.01,3.0,201.0
후라이드치킨,춘장,202,2,0.01,3.0,201.0
후라이드치킨,다시마,202,2,0.01,3.0,201.0
후라이드치킨,팽이버섯,202,2,0.01,3.0,201.0
후라이드치킨,춘권피,202,2,0.01,3.0,201.0
후라이드치킨,홍합,202,2,0.01,3.0,201.0
후라이드치킨,가지,202,2,0.01,3.0,201.0
후라이드치킨,부침가루,202,2,0.01,3.0,201.0
후라이드치킨,칠리파우더,202,2,0.01,3.0,201.0
후라이드치킨,햄버거번,202,1,0.005,2.0,202.0
후라이드치킨,상추,202,1,0.005,2.0,202.0
후라이드치킨,햄,202,1,0.005,2.0,202.0
후라이드치킨,오렌지주스,202,1,0.005,2.0,202.0
후라이드치킨,로즈메리,202,1,0.005,2.0,202.0
후라이드치킨,샬룻,202,1,0.005,2.0,202.0
후라이드치킨,오렌지과육,202,1,0.005,2.0,202.0
후라이드치킨,오렌지껍질,202,1,0.005,2.0,202.0
후라이드치킨,아이스크림,202,1,0.005,2.0,202.0
후라이드치킨,쌀국수,202,1,0.005,2.0,202.0
후라이드치킨,피클,202,1,0.005,2.0,202.0
후라이드치킨,오레가노,202,1,0.005,2.0,202.0
후라이드치킨,견과류,202,1,0.005,2.0,202.0
후라이드치킨,치자,202,1,0.005,2.0,202.0
후라이드치킨,우엉,202,1,0.005,2.0,202.0
후라이드치킨,레디쉬,202,1,0.005,2.0,202.0
후라이드치킨,사과,202,1,0.005,2.0,202.0
후라이드치킨,시래기,202,1,0.005,2.0,202.0
후라이드치킨,매실액,202,1,0.005,2.0,202.0
후라이드치킨,엔초비,202,1,0.005,2.0,202.0
후라이드치킨,케이퍼,202,1,0.005,2.0,202.0
후라이드치킨,해물,202,1,0.005,2.0,202.0
후라이드치킨,케일,202,1,0.005,2.0,202.0
후라이드치킨,술,202,1,0.005,2.0,202.0
후라이드치킨,잣,202,1,0.005,2.0,202.0
후라이드치킨,짜사이,202,1,0.005,2.0,202.0
후라이드치킨,송화단,202,1,0.005,2.0,202.0
후라이드치킨,연두,202,1,0.005,2.0,202.0
후라이드치킨,연어,202,1,0.005,2.0,202.0
후라이드치킨,스위트콘,202,1,0.005,2.0,202.0
후라이드치킨,북흑조,202,1,0.005,2.0,202.0
후라이드치킨,발효명이나물,202,1,0.005,2.0,202.0
후라이드치킨,소시지,202,1,0.005,2.0,202.0
후라이드치킨,XO소스,202,1,0.005,2.0,202.0
후라이드치킨,당면,202,1,0.005,2.0,202.0
후라이드치킨,해파리,202,1,0.005,2.0,202.0
후라이드치킨,완두콩,202,1,0.005,2.0,202.0
후라이드치킨,딜,202,1,0.005,2.0,202.0
후라이드치킨,날치알,202,1,0.005,2.0,202.0
후라이드치킨,양고기,202,1,0.005,2.0,202.0
후라이드치킨,생추왕,202,1,0.005,2.0,202.0
후라이드치킨,문어,202,1,0.005,2.0,202.0
후라이드치킨,파인애플,202,1,0.005,2.0,202.0
후라이드치킨,모둠해산물,202,1,0.005,2.0,202.0
후라이드치킨,강낭콩,202,1,0.005,2.0,202.0
후라이드치킨,큐민파우더,202,1,0.005,2.0,202.0
후라이드치킨,카이옌페퍼파우더,202,1,0.005,2.0,202.0
후라이드치킨,판젤라틴,202,1,0.005,2.0,202.0
후라이드치킨,마,202,1,0.005,2.0,202.0
후라이드치킨,비타민,202,1,0.005,2.0,202.0
후라이드치킨,버섯,202,1,0.005,2.0,202.0
후라이드치킨,오렌지,202,1,0.005,2.0,202.0
후라이드치킨,맛살,202,1,0.005,2.0,202.0
후라이드치킨,곤약,202,1,0.005,2.0,202.0
후라이드치킨,미나리,202,1,0.005,2.0,202.0
후라이드치킨,황두장,202,1,0.005,2.0,202.0
후라이드치킨,차이브,202,1,0.005,2.0,202.0
후라이드치킨,엑스트라버진,202,1,0.005,2.0,202.0
후라이드치킨,갈릭칠리페이스트,202,1,0.005,2.0,202.0
후라이드치킨,조개,202,1,0.005,2.0,202.0
후라이드치킨,이스트,202,1,0.005,2.0,202.0
후라이드치킨,대추,202,1,0.005,2.0,202.0
후라이드치킨,연잎,202,1,0.005,2.0,202.0
후라이드치킨,아스파라거스,202,1,0.005,2.0,202.0
후라이드치킨,육수,202,1,0.005,2.0,202.0
후라이드치킨,느타리버섯,202,1,0.005,2.0,202.0
후라이드치킨,만두,202,1,0.005,2.0,202.0
후라이드치킨,전복,202,1,0.005,2.0,202.0
후라이드치킨,식용꽃,202,1,0.005,2.0,202.0
후라이드치킨,세이지,202,1,0.005,2.0,202.0
후라이드치킨,덕자,202,1,0.005,2.0,202.0
후라이드치킨,코셔솔트,202,1,0.005,2.0,202.0
후라이드치킨,새우젓,202,1,0.005,2.0,202.0
후라이드치킨,이찌방다시,202,1,0.005,2.0,202.0
후라이드치킨,가쓰오부시,202,1,0.005,2.0,202.0
후라이드치킨,강황가루,202,1,0.005,2.0,202.0
후라이드치킨,자일로스,202,1,0.005,2.0,202.0
후라이드치킨,커리파우더,202,1,0.005,2.0,202.0
후라이드치킨,들기름,202,1,0.005,2.0,202.0
후라이드치킨,현미,202,1,0.005,2.0,202.0
후라이드치킨,케이엔가루,202,1,0.005,2.0,202.0
후라이드치킨,간간한염지물,202,1,0.005,2.0,202.0
후라이드치킨,기본염지물,202,1,0.005,2.0,202.0
후라이드치킨,MSG,202,1,0.005,2.0,202.0
후라이드치킨,넛맥가루,202,1,0.005,2.0,202.0
후라이드치킨,타코시즈닝,202,1,0.005,2.0,202.0
후라이드치킨,새싹,202,1,0.005,2.0,202.0
후라이드치킨,핫소스,202,1,0.005,2.0,202.0
후라이드치킨,배즙,202,1,0.005,2.0,202.0
후라이드치킨,김,202,1,0.005,2.0,202.0
