menu_query,recipe_title,recipe_url,ingredient_raw,ingredient_canonical
닭갈비,매콤 닭갈비,https://semie.cooking/recipe-lab/archive/very-spicy-stir-fried-chicken,닭다리살,닭고기
닭갈비,매콤 닭갈비,https://semie.cooking/recipe-lab/archive/very-spicy-stir-fried-chicken,양배추,양배추
닭갈비,매콤 닭갈비,https://semie.cooking/recipe-lab/archive/very-spicy-stir-fried-chicken,고구마,고구마
닭갈비,매콤 닭갈비,https://semie.cooking/recipe-lab/archive/very-spicy-stir-fried-chicken,식용유,식용유
닭갈비,매콤 닭갈비,https://semie.cooking/recipe-lab/archive/very-spicy-stir-fried-chicken,대파,대파
닭갈비,매콤 닭갈비,https://semie.cooking/recipe-lab/archive/very-spicy-stir-fried-chicken,감자,감자
닭갈비,매콤 닭갈비,https://semie.cooking/recipe-lab/archive/very-spicy-stir-fried-chicken,양파,양파
닭갈비,매콤 닭갈비,https://semie.cooking/recipe-lab/archive/very-spicy-stir-fried-chicken,깻잎,깻잎
닭갈비,매콤 닭갈비,https://semie.cooking/recipe-lab/archive/very-spicy-stir-fried-chicken,조선고추장,고추장
닭갈비,매콤 닭갈비,https://semie.cooking/recipe-lab/archive/very-spicy-stir-fried-chicken,새미네부엌 진간장,간장
닭갈비,매콤 닭갈비,https://semie.cooking/recipe-lab/archive/very-spicy-stir-fried-chicken,연두진,진
닭갈비,매콤 닭갈비,https://semie.cooking/recipe-lab/archive/very-spicy-stir-fried-chicken,굵은 고춧가루,고춧가루
닭갈비,매콤 닭갈비,https://semie.cooking/recipe-lab/archive/very-spicy-stir-fried-chicken,다진 마늘,마늘
닭갈비,매콤 닭갈비,https://semie.cooking/recipe-lab/archive/very-spicy-stir-fried-chicken,설탕,설탕
닭갈비,매콤 닭갈비,https://semie.cooking/recipe-lab/archive/very-spicy-stir-fried-chicken,후추 약간,후춧가루
닭갈비,매콤 닭갈비,https://semie.cooking/recipe-lab/archive/very-spicy-stir-fried-chicken,참기름,참기름
닭갈비,매콤 닭갈비,https://semie.cooking/recipe-lab/archive/very-spicy-stir-fried-chicken,물,물
닭갈비,매콤 닭갈비,https://semie.cooking/recipe-lab/archive/very-spicy-stir-fried-chicken,소금,소금
닭갈비,몸튼튼 맵지 않은 닭갈비,https://semie.cooking/recipe-lab/archive/spicy-stir-fried-chicken,닭다리살,닭고기
닭갈비,몸튼튼 맵지 않은 닭갈비,https://semie.cooking/recipe-lab/archive/spicy-stir-fried-chicken,식용유,식용유
닭갈비,몸튼튼 맵지 않은 닭갈비,https://semie.cooking/recipe-lab/archive/spicy-stir-fried-chicken,연두 우리콩,우리콩
닭갈비,몸튼튼 맵지 않은 닭갈비,https://semie.cooking/recipe-lab/archive/spicy-stir-fried-chicken,양파,양파
닭갈비,몸튼튼 맵지 않은 닭갈비,https://semie.cooking/recipe-lab/archive/spicy-stir-fried-chicken,양배추,양배추
닭갈비,몸튼튼 맵지 않은 닭갈비,https://semie.cooking/recipe-lab/archive/spicy-stir-fried-chicken,조랭이떡,떡
닭갈비,몸튼튼 맵지 않은 닭갈비,https://semie.cooking/recipe-lab/archive/spicy-stir-fried-chicken,쪽파,쪽파
닭갈비,크리스마스엔 닭갈비 🐓,https://semie.cooking/cooking/id/4580,닭다리살,닭고기
닭갈비,크리스마스엔 닭갈비 🐓,https://semie.cooking/cooking/id/4580,양배추,양배추
닭갈비,크리스마스엔 닭갈비 🐓,https://semie.cooking/cooking/id/4580,깻잎,깻잎
닭갈비,크리스마스엔 닭갈비 🐓,https://semie.cooking/cooking/id/4580,우동면,우동면
닭갈비,크리스마스엔 닭갈비 🐓,https://semie.cooking/cooking/id/4580,치즈쌀떡,떡
닭갈비,크리스마스엔 닭갈비 🐓,https://semie.cooking/cooking/id/4580,양파,양파
닭갈비,크리스마스엔 닭갈비 🐓,https://semie.cooking/cooking/id/4580,양조간장,간장
닭갈비,크리스마스엔 닭갈비 🐓,https://semie.cooking/cooking/id/4580,고춧가루,고춧가루
닭갈비,크리스마스엔 닭갈비 🐓,https://semie.cooking/cooking/id/4580,설탕,설탕
닭갈비,크리스마스엔 닭갈비 🐓,https://semie.cooking/cooking/id/4580,올리고당,올리고당
닭갈비,크리스마스엔 닭갈비 🐓,https://semie.cooking/cooking/id/4580,다진마늘,마늘
불고기,초간단 조선불고기,https://semie.cooking/recipe-lab/archive/super-simple-korean-bulgogi,소고기(불고기용,소고기
불고기,초간단 조선불고기,https://semie.cooking/recipe-lab/archive/super-simple-korean-bulgogi,대파,대파
불고기,초간단 조선불고기,https://semie.cooking/recipe-lab/archive/super-simple-korean-bulgogi,양파,양파
불고기,초간단 조선불고기,https://semie.cooking/recipe-lab/archive/super-simple-korean-bulgogi,샘표 조선불고기 양념,샘표조선불고기양념
불고기,불고기부리또,https://semie.cooking/recipe-lab/archive/bulgogi-burrito,밥,밥
불고기,불고기부리또,https://semie.cooking/recipe-lab/archive/bulgogi-burrito,티아시아 골드 버터 난 혹은 또띠아,버터
불고기,불고기부리또,https://semie.cooking/recipe-lab/archive/bulgogi-burrito,샤브샤브용 소고기,소고기
불고기,불고기부리또,https://semie.cooking/recipe-lab/archive/bulgogi-burrito,식용유,식용유
불고기,불고기부리또,https://semie.cooking/recipe-lab/archive/bulgogi-burrito,당근,당근
불고기,불고기부리또,https://semie.cooking/recipe-lab/archive/bulgogi-burrito,양파,양파
불고기,불고기부리또,https://semie.cooking/recipe-lab/archive/bulgogi-burrito,체다 슬라이스 치즈,치즈
불고기,불고기부리또,https://semie.cooking/recipe-lab/archive/bulgogi-burrito,새미네부엌 진간장,간장
불고기,불고기부리또,https://semie.cooking/recipe-lab/archive/bulgogi-burrito,설탕,설탕
불고기,자작자작 서울식 소불고기,https://semie.cooking/recipe-lab/archive/seoul-bulgogi,소고기(불고기용,소고기
불고기,자작자작 서울식 소불고기,https://semie.cooking/recipe-lab/archive/seoul-bulgogi,양파,양파
불고기,자작자작 서울식 소불고기,https://semie.cooking/recipe-lab/archive/seoul-bulgogi,대파,대파
불고기,자작자작 서울식 소불고기,https://semie.cooking/recipe-lab/archive/seoul-bulgogi,팽이버섯,팽이버섯
불고기,자작자작 서울식 소불고기,https://semie.cooking/recipe-lab/archive/seoul-bulgogi,새미네부엌 진간장,간장
불고기,자작자작 서울식 소불고기,https://semie.cooking/recipe-lab/archive/seoul-bulgogi,연두진,진
불고기,자작자작 서울식 소불고기,https://semie.cooking/recipe-lab/archive/seoul-bulgogi,물,물
불고기,자작자작 서울식 소불고기,https://semie.cooking/recipe-lab/archive/seoul-bulgogi,설탕,설탕
불고기,자작자작 서울식 소불고기,https://semie.cooking/recipe-lab/archive/seoul-bulgogi,물엿,올리고당
불고기,자작자작 서울식 소불고기,https://semie.cooking/recipe-lab/archive/seoul-bulgogi,참기름,참기름
불고기,자작자작 서울식 소불고기,https://semie.cooking/recipe-lab/archive/seoul-bulgogi,다진 마늘,마늘
불고기,자작자작 서울식 소불고기,https://semie.cooking/recipe-lab/archive/seoul-bulgogi,다진 생강,생강
불고기,자작자작 서울식 소불고기,https://semie.cooking/recipe-lab/archive/seoul-bulgogi,다진 파,대파
불고기,자작자작 서울식 소불고기,https://semie.cooking/recipe-lab/archive/seoul-bulgogi,후추 약간,후춧가루
불고기,버섯불고기솥밥,https://semie.cooking/recipe-lab/archive/beoseot-bulgogi-sotbap,소고기(불고기용,소고기
불고기,버섯불고기솥밥,https://semie.cooking/recipe-lab/archive/beoseot-bulgogi-sotbap,느타리버섯,느타리버섯
불고기,버섯불고기솥밥,https://semie.cooking/recipe-lab/archive/beoseot-bulgogi-sotbap,양파,양파
불고기,버섯불고기솥밥,https://semie.cooking/recipe-lab/archive/beoseot-bulgogi-sotbap,대파,대파
불고기,버섯불고기솥밥,https://semie.cooking/recipe-lab/archive/beoseot-bulgogi-sotbap,쪽파,쪽파
불고기,버섯불고기솥밥,https://semie.cooking/recipe-lab/archive/beoseot-bulgogi-sotbap,식용유,식용유
불고기,버섯불고기솥밥,https://semie.cooking/recipe-lab/archive/beoseot-bulgogi-sotbap,연두순,순
불고기,버섯불고기솥밥,https://semie.cooking/recipe-lab/archive/beoseot-bulgogi-sotbap,설탕,설탕
불고기,버섯불고기솥밥,https://semie.cooking/recipe-lab/archive/beoseot-bulgogi-sotbap,다진 마늘,마늘
불고기,버섯불고기솥밥,https://semie.cooking/recipe-lab/archive/beoseot-bulgogi-sotbap,후추 약간,후춧가루
불고기,버섯불고기솥밥,https://semie.cooking/recipe-lab/archive/beoseot-bulgogi-sotbap,참기름 약간,참기름
불고기,버섯불고기솥밥,https://semie.cooking/recipe-lab/archive/beoseot-bulgogi-sotbap,깨 약간,깨
불고기,버섯불고기솥밥,https://semie.cooking/recipe-lab/archive/beoseot-bulgogi-sotbap,쌀,쌀
불고기,버섯불고기솥밥,https://semie.cooking/recipe-lab/archive/beoseot-bulgogi-sotbap,물,물
불고기,불고기 사워크림 프라이,https://semie.cooking/recipe-lab/archive/bulgogi-sour-cream-fries,감자,감자
불고기,불고기 사워크림 프라이,https://semie.cooking/recipe-lab/archive/bulgogi-sour-cream-fries,고구마,고구마
불고기,불고기 사워크림 프라이,https://semie.cooking/recipe-lab/archive/bulgogi-sour-cream-fries,적양파,양파
불고기,불고기 사워크림 프라이,https://semie.cooking/recipe-lab/archive/bulgogi-sour-cream-fries,소고기 다짐육,소고기
불고기,불고기 사워크림 프라이,https://semie.cooking/recipe-lab/archive/bulgogi-sour-cream-fries,식용유,식용유
불고기,불고기 사워크림 프라이,https://semie.cooking/recipe-lab/archive/bulgogi-sour-cream-fries,사워크림,사워크림
불고기,불고기 사워크림 프라이,https://semie.cooking/recipe-lab/archive/bulgogi-sour-cream-fries,다진 파슬리 약간,대파
불고기,불고기 사워크림 프라이,https://semie.cooking/recipe-lab/archive/bulgogi-sour-cream-fries,폰타나 데미글라스 커틀렛소스,폰타나데미글라스커틀렛소스
불고기,불고기 사워크림 프라이,https://semie.cooking/recipe-lab/archive/bulgogi-sour-cream-fries,파프리카 파우더,파프리카
불고기,불고기 사워크림 프라이,https://semie.cooking/recipe-lab/archive/bulgogi-sour-cream-fries,후추 약간,후춧가루
불고기,불고기 사워크림 프라이,https://semie.cooking/recipe-lab/archive/bulgogi-sour-cream-fries,부침가루,부침가루
불고기,불고기 사워크림 프라이,https://semie.cooking/recipe-lab/archive/bulgogi-sour-cream-fries,전분,전분
불고기,불고기 사워크림 프라이,https://semie.cooking/recipe-lab/archive/bulgogi-sour-cream-fries,후추 약간,후춧가루
불고기,불고기 사워크림 프라이,https://semie.cooking/recipe-lab/archive/bulgogi-sour-cream-fries,식용유,식용유
불고기,불고기 사워크림 프라이,https://semie.cooking/recipe-lab/archive/bulgogi-sour-cream-fries,소금,소금
불고기,[즐요클럽_양식] 불고기 사워크림 프라이,https://semie.cooking/cooking/id/5986,감자,감자
불고기,[즐요클럽_양식] 불고기 사워크림 프라이,https://semie.cooking/cooking/id/5986,고구마,고구마
불고기,[즐요클럽_양식] 불고기 사워크림 프라이,https://semie.cooking/cooking/id/5986,양파,양파
불고기,[즐요클럽_양식] 불고기 사워크림 프라이,https://semie.cooking/cooking/id/5986,소고기 다짐육,소고기
불고기,[즐요클럽_양식] 불고기 사워크림 프라이,https://semie.cooking/cooking/id/5986,식용유,식용유
불고기,[즐요클럽_양식] 불고기 사워크림 프라이,https://semie.cooking/cooking/id/5986,사워크림,사워크림
불고기,[즐요클럽_양식] 불고기 사워크림 프라이,https://semie.cooking/cooking/id/5986,다진 파슬리,대파
불고기,[즐요클럽_양식] 불고기 사워크림 프라이,https://semie.cooking/cooking/id/5986,부침가루,부침가루
불고기,[즐요클럽_양식] 불고기 사워크림 프라이,https://semie.cooking/cooking/id/5986,전분,전분
불고기,[즐요클럽_양식] 불고기 사워크림 프라이,https://semie.cooking/cooking/id/5986,후추,후춧가루
불고기,[즐요클럽_양식] 불고기 사워크림 프라이,https://semie.cooking/cooking/id/5986,"소금 (감자, 고구마 절이기용",소금
불고기,[즐요클럽_양식] 불고기 사워크림 프라이,https://semie.cooking/cooking/id/5986,폰타나 데미글라스 커틀렛소스,폰타나데미글라스커틀렛소스
불고기,[즐요클럽_양식] 불고기 사워크림 프라이,https://semie.cooking/cooking/id/5986,파프리카 파우더,파프리카
불고기,[즐요클럽_양식] 불고기 사워크림 프라이,https://semie.cooking/cooking/id/5986,후추 약간,후춧가루
불고기,즐요클럽_양식 불고기 사워크림 프라이,https://semie.cooking/cooking/id/5936,감자,감자
불고기,즐요클럽_양식 불고기 사워크림 프라이,https://semie.cooking/cooking/id/5936,양파 ½개,양파
불고기,즐요클럽_양식 불고기 사워크림 프라이,https://semie.cooking/cooking/id/5936,식용유,식용유
불고기,즐요클럽_양식 불고기 사워크림 프라이,https://semie.cooking/cooking/id/5936,돼지고기 다짐육,돼지고기
불고기,즐요클럽_양식 불고기 사워크림 프라이,https://semie.cooking/cooking/id/5936,마스카포네치즈,치즈
불고기,즐요클럽_양식 불고기 사워크림 프라이,https://semie.cooking/cooking/id/5936,파슬리,파슬리
불고기,즐요클럽_양식 불고기 사워크림 프라이,https://semie.cooking/cooking/id/5936,치즈,치즈
불고기,즐요클럽_양식 불고기 사워크림 프라이,https://semie.cooking/cooking/id/5936,부침가루,부침가루
불고기,즐요클럽_양식 불고기 사워크림 프라이,https://semie.cooking/cooking/id/5936,전분,전분
불고기,즐요클럽_양식 불고기 사워크림 프라이,https://semie.cooking/cooking/id/5936,후춧가루 약간,후춧가루
불고기,즐요클럽_양식 불고기 사워크림 프라이,https://semie.cooking/cooking/id/5936,소금약간,소금
불고기,즐요클럽_양식 불고기 사워크림 프라이,https://semie.cooking/cooking/id/5936,폰타나 데미글라스 커틀렛소스 ¾병,폰타나데미글라스커틀렛소스¾병
불고기,즐요클럽_양식 불고기 사워크림 프라이,https://semie.cooking/cooking/id/5936,후춧가루 약간,후춧가루
불고기,즐요클럽(한식)- 요린이의 연두과 함께한 소불고기,https://semie.cooking/cooking/id/5906,불고기용 소고기,소고기
불고기,즐요클럽(한식)- 요린이의 연두과 함께한 소불고기,https://semie.cooking/cooking/id/5906,양파,양파
불고기,즐요클럽(한식)- 요린이의 연두과 함께한 소불고기,https://semie.cooking/cooking/id/5906,콩나물,콩나물
불고기,즐요클럽(한식)- 요린이의 연두과 함께한 소불고기,https://semie.cooking/cooking/id/5906,새미네부엌진간장,간장
불고기,즐요클럽(한식)- 요린이의 연두과 함께한 소불고기,https://semie.cooking/cooking/id/5906,연두,연두
불고기,즐요클럽(한식)- 요린이의 연두과 함께한 소불고기,https://semie.cooking/cooking/id/5906,물,물
불고기,즐요클럽(한식)- 요린이의 연두과 함께한 소불고기,https://semie.cooking/cooking/id/5906,설탕,설탕
불고기,즐요클럽(한식)- 요린이의 연두과 함께한 소불고기,https://semie.cooking/cooking/id/5906,올리고당,올리고당
불고기,즐요클럽(한식)- 요린이의 연두과 함께한 소불고기,https://semie.cooking/cooking/id/5906,후추 약간,후춧가루
불고기,즐요클럽(한식)- 요린이의 연두과 함께한 소불고기,https://semie.cooking/cooking/id/5906,참기름,참기름
불고기,즐요클럽(한식)- 요린이의 연두과 함께한 소불고기,https://semie.cooking/cooking/id/5906,다진마늘,마늘
불고기,즐요클럽(한식)- 요린이의 연두과 함께한 소불고기,https://semie.cooking/cooking/id/5906,다진생강,생강
불고기,소불고기,https://semie.cooking/cooking/id/5300,소불고기,소고기
불고기,소불고기,https://semie.cooking/cooking/id/5300,양파,양파
불고기,소불고기,https://semie.cooking/cooking/id/5300,파,파
불고기,소불고기,https://semie.cooking/cooking/id/5300,당면,당면
불고기,소불고기,https://semie.cooking/cooking/id/5300,버섯,버섯
불고기,소불고기,https://semie.cooking/cooking/id/5300,간장,간장
불고기,소불고기,https://semie.cooking/cooking/id/5300,설탕,설탕
불고기,소불고기,https://semie.cooking/cooking/id/5300,물엿,올리고당
불고기,소불고기,https://semie.cooking/cooking/id/5300,길아만든 배,배
불고기,소불고기,https://semie.cooking/cooking/id/5300,다진마늘,마늘
불고기,소불고기,https://semie.cooking/cooking/id/5300,식초,식초
불고기,소불고기,https://semie.cooking/cooking/id/5300,소금 약간,소금
불고기,소불고기,https://semie.cooking/cooking/id/5300,참기름,참기름
불고기,소불고기,https://semie.cooking/cooking/id/5300,통깨,통깨
삼겹살,초간단 삼겹살조림,https://semie.cooking/recipe-lab/archive/super-easy-braised-pork-belly,삼겹살,돼지고기
삼겹살,초간단 삼겹살조림,https://semie.cooking/recipe-lab/archive/super-easy-braised-pork-belly,마늘,마늘
삼겹살,초간단 삼겹살조림,https://semie.cooking/recipe-lab/archive/super-easy-braised-pork-belly,꽈리고추,고추
삼겹살,초간단 삼겹살조림,https://semie.cooking/recipe-lab/archive/super-easy-braised-pork-belly,새미네부엌 장조림소스,새미네부엌장조림소스
삼겹살,대패삼겹살 세발나물 된장덮밥,https://semie.cooking/recipe-lab/archive/namul-doenjang-ricebowl,세발나물,세발나물
삼겹살,대패삼겹살 세발나물 된장덮밥,https://semie.cooking/recipe-lab/archive/namul-doenjang-ricebowl,대패삼겹살,돼지고기
삼겹살,대패삼겹살 세발나물 된장덮밥,https://semie.cooking/recipe-lab/archive/namul-doenjang-ricebowl,밥,밥
삼겹살,대패삼겹살 세발나물 된장덮밥,https://semie.cooking/recipe-lab/archive/namul-doenjang-ricebowl,대파,대파
삼겹살,대패삼겹살 세발나물 된장덮밥,https://semie.cooking/recipe-lab/archive/namul-doenjang-ricebowl,쪽파,쪽파
삼겹살,대패삼겹살 세발나물 된장덮밥,https://semie.cooking/recipe-lab/archive/namul-doenjang-ricebowl,달걀 노른자,계란
삼겹살,대패삼겹살 세발나물 된장덮밥,https://semie.cooking/recipe-lab/archive/namul-doenjang-ricebowl,토장,토장
삼겹살,대패삼겹살 세발나물 된장덮밥,https://semie.cooking/recipe-lab/archive/namul-doenjang-ricebowl,맛술,맛술
삼겹살,초간단 삼겹살조림(목살버전),https://semie.cooking/cooking/id/7558,목살,돼지고기
삼겹살,초간단 삼겹살조림(목살버전),https://semie.cooking/cooking/id/7558,대파,대파
삼겹살,초간단 삼겹살조림(목살버전),https://semie.cooking/cooking/id/7558,파프리카,파프리카
삼겹살,초간단 삼겹살조림(목살버전),https://semie.cooking/cooking/id/7558,꽈리고추,고추
삼겹살,초간단 삼겹살조림(목살버전),https://semie.cooking/cooking/id/7558,새미네부엌 장조림소스,새미네부엌장조림소스
삼겹살,장조림소스 활용한 초간단 닭다리살조림(삼겹살조림 레시피 활용),https://semie.cooking/cooking/id/7522,닭다리살,닭고기
삼겹살,장조림소스 활용한 초간단 닭다리살조림(삼겹살조림 레시피 활용),https://semie.cooking/cooking/id/7522,대파(흰부분,대파
삼겹살,장조림소스 활용한 초간단 닭다리살조림(삼겹살조림 레시피 활용),https://semie.cooking/cooking/id/7522,새미네부엌 장조림소스,새미네부엌장조림소스
삼겹살,[새미즈4] 미션03. 초간단 삼겹살조림,https://semie.cooking/cooking/id/7491,제 삼겹살,돼지고기
삼겹살,[새미즈4] 미션03. 초간단 삼겹살조림,https://semie.cooking/cooking/id/7491,마늘,마늘
삼겹살,[새미즈4] 미션03. 초간단 삼겹살조림,https://semie.cooking/cooking/id/7491,팽이버섯,팽이버섯
삼겹살,[새미즈4] 미션03. 초간단 삼겹살조림,https://semie.cooking/cooking/id/7491,양파,양파
삼겹살,[새미즈4] 미션03. 초간단 삼겹살조림,https://semie.cooking/cooking/id/7491,청양고추,청양고추
삼겹살,[새미즈4] 미션03. 초간단 삼겹살조림,https://semie.cooking/cooking/id/7491,새미네 장조림소스,새미네장조림소스
삼겹살,[새미즈4] 미션03. 초간단 삼겹살조림,https://semie.cooking/cooking/id/7491,올리고당...,올리고당
삼겹살,단짠단짠 목살(삼겹살)조림,https://semie.cooking/cooking/id/7412,목살(삼겹살,돼지고기
삼겹살,단짠단짠 목살(삼겹살)조림,https://semie.cooking/cooking/id/7412,마늘,마늘
삼겹살,단짠단짠 목살(삼겹살)조림,https://semie.cooking/cooking/id/7412,꽈리고추 한 줌,고추
삼겹살,단짠단짠 목살(삼겹살)조림,https://semie.cooking/cooking/id/7412,새미네부엌 장조림 소스 한 봉,새미네부엌장조림소스한봉
삼겹살,식감이 살아있는 양배추 대패삼겹살 두루치기,https://semie.cooking/cooking/id/6215,대패삼겹살,돼지고기
삼겹살,식감이 살아있는 양배추 대패삼겹살 두루치기,https://semie.cooking/cooking/id/6215,양배추,양배추
삼겹살,식감이 살아있는 양배추 대패삼겹살 두루치기,https://semie.cooking/cooking/id/6215,"편마늘,파채",마늘
삼겹살,식감이 살아있는 양배추 대패삼겹살 두루치기,https://semie.cooking/cooking/id/6215,초고추장 양념장 비율 고추장,고추장
삼겹살,식감이 살아있는 양배추 대패삼겹살 두루치기,https://semie.cooking/cooking/id/6215,고기 양념장 비율 설탕,설탕
삼겹살,고추기름비빔면🌶️과 삼겹살구이🍖,https://semie.cooking/cooking/id/4751,쌀소면,쌀소면
삼겹살,고추기름비빔면🌶️과 삼겹살구이🍖,https://semie.cooking/cooking/id/4751,삼겹살 두 줄 (곁들여먹을 용! 필수 아니에요ㅎㅎ,돼지고기
삼겹살,고추기름비빔면🌶️과 삼겹살구이🍖,https://semie.cooking/cooking/id/4751,고춧가루,고춧가루
삼겹살,고추기름비빔면🌶️과 삼겹살구이🍖,https://semie.cooking/cooking/id/4751,설탕,설탕
삼겹살,고추기름비빔면🌶️과 삼겹살구이🍖,https://semie.cooking/cooking/id/4751,간장,간장
삼겹살,고추기름비빔면🌶️과 삼겹살구이🍖,https://semie.cooking/cooking/id/4751,식초,식초
삼겹살,고추기름비빔면🌶️과 삼겹살구이🍖,https://semie.cooking/cooking/id/4751,다진마늘,마늘
삼겹살,고추기름비빔면🌶️과 삼겹살구이🍖,https://semie.cooking/cooking/id/4751,송송 썰은 파 약간,송송썰은파
삼겹살,고추기름비빔면🌶️과 삼겹살구이🍖,https://semie.cooking/cooking/id/4751,통깨 약간,통깨
삼겹살,고추기름비빔면🌶️과 삼겹살구이🍖,https://semie.cooking/cooking/id/4751,올리고당,올리고당
삼겹살,삼겹살수육,https://semie.cooking/cooking/id/4525,삼겹살,돼지고기
삼겹살,삼겹살수육,https://semie.cooking/cooking/id/4525,양파,양파
삼겹살,삼겹살수육,https://semie.cooking/cooking/id/4525,진간장 반컵,간장
삼겹살,삼겹살수육,https://semie.cooking/cooking/id/4525,물 두컵,물두컵
삼겹살,삼겹살수육,https://semie.cooking/cooking/id/4525,화이트와인 두컵,와인두컵
삼겹살,삼겹살수육,https://semie.cooking/cooking/id/4525,"통후추, 통마늘",마늘
육개장,깊은맛 진짜 육개장,https://semie.cooking/recipe-lab/archive/rich-flavor-genuine-yukgaejang,소고기(불고기용,소고기
육개장,깊은맛 진짜 육개장,https://semie.cooking/recipe-lab/archive/rich-flavor-genuine-yukgaejang,대파,대파
육개장,깊은맛 진짜 육개장,https://semie.cooking/recipe-lab/archive/rich-flavor-genuine-yukgaejang,삶은 고사리,삶은고사리
육개장,깊은맛 진짜 육개장,https://semie.cooking/recipe-lab/archive/rich-flavor-genuine-yukgaejang,고추기름,고추
육개장,깊은맛 진짜 육개장,https://semie.cooking/recipe-lab/archive/rich-flavor-genuine-yukgaejang,느타리버섯,느타리버섯
육개장,깊은맛 진짜 육개장,https://semie.cooking/recipe-lab/archive/rich-flavor-genuine-yukgaejang,달걀,계란
육개장,깊은맛 진짜 육개장,https://semie.cooking/recipe-lab/archive/rich-flavor-genuine-yukgaejang,연두진,진
육개장,깊은맛 진짜 육개장,https://semie.cooking/recipe-lab/archive/rich-flavor-genuine-yukgaejang,고춧가루,고춧가루
육개장,깊은맛 진짜 육개장,https://semie.cooking/recipe-lab/archive/rich-flavor-genuine-yukgaejang,다진 마늘,마늘
육개장,깊은맛 진짜 육개장,https://semie.cooking/recipe-lab/archive/rich-flavor-genuine-yukgaejang,물,물
육개장,깊은맛 진짜 육개장,https://semie.cooking/recipe-lab/archive/rich-flavor-genuine-yukgaejang,연두링(한우와야채,소고기
미역국,밥솥 미역국,https://semie.cooking/recipe-lab/archive/sot-miyeokguk,자른미역,자른미역
미역국,밥솥 미역국,https://semie.cooking/recipe-lab/archive/sot-miyeokguk,물,물
미역국,밥솥 미역국,https://semie.cooking/recipe-lab/archive/sot-miyeokguk,소고기(국거리용,소고기
미역국,밥솥 미역국,https://semie.cooking/recipe-lab/archive/sot-miyeokguk,연두순,순
미역국,오독오독 미역귀 미역국,https://semie.cooking/recipe-lab/archive/miyeokguk-with-miyeokgwi,자른미역,자른미역
미역국,오독오독 미역귀 미역국,https://semie.cooking/recipe-lab/archive/miyeokguk-with-miyeokgwi,건미역귀,건미역귀
미역국,오독오독 미역귀 미역국,https://semie.cooking/recipe-lab/archive/miyeokguk-with-miyeokgwi,식용유,식용유
미역국,오독오독 미역귀 미역국,https://semie.cooking/recipe-lab/archive/miyeokguk-with-miyeokgwi,물,물
미역국,오독오독 미역귀 미역국,https://semie.cooking/recipe-lab/archive/miyeokguk-with-miyeokgwi,연두순,순
미역국,오독오독 미역귀 미역국,https://semie.cooking/recipe-lab/archive/miyeokguk-with-miyeokgwi,참기름 약간,참기름
미역국,오독오독 미역귀 미역국,https://semie.cooking/recipe-lab/archive/miyeokguk-with-miyeokgwi,물,물
미역국,오독오독 미역귀 미역국,https://semie.cooking/recipe-lab/archive/miyeokguk-with-miyeokgwi,소금,소금
미역국,초간단 3STEP 미역국,https://semie.cooking/recipe-lab/archive/miyeokguk,자른미역,자른미역
미역국,초간단 3STEP 미역국,https://semie.cooking/recipe-lab/archive/miyeokguk,식용유,식용유
미역국,초간단 3STEP 미역국,https://semie.cooking/recipe-lab/archive/miyeokguk,물,물
미역국,초간단 3STEP 미역국,https://semie.cooking/recipe-lab/archive/miyeokguk,소고기 (국거리용,소고기
미역국,초간단 3STEP 미역국,https://semie.cooking/recipe-lab/archive/miyeokguk,연두순,순
미역국,초간단 3STEP 미역국,https://semie.cooking/recipe-lab/archive/miyeokguk,참기름 약간,참기름
미역국,초간단 3STEP 미역국,https://semie.cooking/recipe-lab/archive/miyeokguk,물,물
미역국,초간단 3STEP 미역국,https://semie.cooking/recipe-lab/archive/miyeokguk,소금,소금
미역국,소고기 미역국 끓이기,https://semie.cooking/cooking/id/8043,소고기 (한줌,소고기
미역국,소고기 미역국 끓이기,https://semie.cooking/cooking/id/8043,미역(한줌,미역(한줌
미역국,소고기 미역국 끓이기,https://semie.cooking/cooking/id/8043,참기름,참기름
미역국,소고기 미역국 끓이기,https://semie.cooking/cooking/id/8043,새미네부엌 국간장,간장
미역국,소고기 미역국 끓이기,https://semie.cooking/cooking/id/8043,연두링(표고다시다,링(표고다시다
미역국,소고기 미역국 끓이기,https://semie.cooking/cooking/id/8043,연두,연두
미역국,"아이용, 어른용 미역국 동시에 끓이기! ❤️",https://semie.cooking/cooking/id/8007,미역,미역
미역국,"아이용, 어른용 미역국 동시에 끓이기! ❤️",https://semie.cooking/cooking/id/8007,"소고기 (아이-다짐육, 어른-국거리",소고기
미역국,"아이용, 어른용 미역국 동시에 끓이기! ❤️",https://semie.cooking/cooking/id/8007,다진 마늘,마늘
미역국,"아이용, 어른용 미역국 동시에 끓이기! ❤️",https://semie.cooking/cooking/id/8007,"요리에센스 연두 (아이-연두우리콩, 어른-연두순","요리에센스연두(아이-연두우리콩,어른-연두순"
미역국,"아이용, 어른용 미역국 동시에 끓이기! ❤️",https://semie.cooking/cooking/id/8007,참기름,참기름
미역국,[새미즈 4기] 완전 간단한 미역국!!!,https://semie.cooking/cooking/id/7472,미역,미역
미역국,[새미즈 4기] 완전 간단한 미역국!!!,https://semie.cooking/cooking/id/7472,다진소고기,소고기
미역국,[새미즈 4기] 완전 간단한 미역국!!!,https://semie.cooking/cooking/id/7472,양파,양파
미역국,[새미즈 4기] 완전 간단한 미역국!!!,https://semie.cooking/cooking/id/7472,들기름,들기름
미역국,[새미즈 4기] 완전 간단한 미역국!!!,https://semie.cooking/cooking/id/7472,연두링-사골,사골
미역국,[새미즈 4기] 완전 간단한 미역국!!!,https://semie.cooking/cooking/id/7472,연두순,순
미역국,[새미즈 4기] 완전 간단한 미역국!!!,https://semie.cooking/cooking/id/7472,굵은소금,소금
미역국,[새미즈 4기] 완전 간단한 미역국!!!,https://semie.cooking/cooking/id/7472,국간장,간장
미역국,(새미즈4기)초가단 연두 미역국,https://semie.cooking/cooking/id/7467,미역,미역
미역국,(새미즈4기)초가단 연두 미역국,https://semie.cooking/cooking/id/7467,연두,연두
미역국,(새미즈4기)초가단 연두 미역국,https://semie.cooking/cooking/id/7467,소금,소금
미역국,[새미즈 4기] 미션3-2. 초간단 미역국 만들기,https://semie.cooking/cooking/id/7460,자른미역,자른미역
미역국,[새미즈 4기] 미션3-2. 초간단 미역국 만들기,https://semie.cooking/cooking/id/7460,식용유,식용유
미역국,[새미즈 4기] 미션3-2. 초간단 미역국 만들기,https://semie.cooking/cooking/id/7460,물,물
미역국,[새미즈 4기] 미션3-2. 초간단 미역국 만들기,https://semie.cooking/cooking/id/7460,소고기 (국거리용,소고기
미역국,[새미즈 4기] 미션3-2. 초간단 미역국 만들기,https://semie.cooking/cooking/id/7460,물,물
미역국,[새미즈 4기] 미션3-2. 초간단 미역국 만들기,https://semie.cooking/cooking/id/7460,소금,소금
미역국,[새미즈 4기] 미션3-2. 초간단 미역국 만들기,https://semie.cooking/cooking/id/7460,연두순,순
미역국,[새미즈 4기] 미션3-2. 초간단 미역국 만들기,https://semie.cooking/cooking/id/7460,참기름 약간,참기름
미역국,[새미즈4] 미션3-2 초간단 미역국 만들기,https://semie.cooking/cooking/id/7441,미역 적당량,미역
미역국,[새미즈4] 미션3-2 초간단 미역국 만들기,https://semie.cooking/cooking/id/7441,물,물
미역국,[새미즈4] 미션3-2 초간단 미역국 만들기,https://semie.cooking/cooking/id/7441,연두,연두
미역국,[새미즈4] 미션3-2 초간단 미역국 만들기,https://semie.cooking/cooking/id/7441,소금물,소금
미역국,[새미즈 4기] 미션 3-4 초간단 3STEP 미역국,https://semie.cooking/cooking/id/7428,자른미역,자른미역
미역국,[새미즈 4기] 미션 3-4 초간단 3STEP 미역국,https://semie.cooking/cooking/id/7428,식용유,식용유
미역국,[새미즈 4기] 미션 3-4 초간단 3STEP 미역국,https://semie.cooking/cooking/id/7428,물,물
미역국,[새미즈 4기] 미션 3-4 초간단 3STEP 미역국,https://semie.cooking/cooking/id/7428,소고기 (국거리용,소고기
미역국,[새미즈 4기] 미션 3-4 초간단 3STEP 미역국,https://semie.cooking/cooking/id/7428,연두순,순
미역국,[새미즈 4기] 미션 3-4 초간단 3STEP 미역국,https://semie.cooking/cooking/id/7428,참기름 약간,참기름
미역국,[새미즈 4기] 미션 3-4 초간단 3STEP 미역국,https://semie.cooking/cooking/id/7428,미역 불리기용 물,미역불리기용물
미역국,[새미즈 4기] 미션 3-4 초간단 3STEP 미역국,https://semie.cooking/cooking/id/7428,소금,소금
미역국,참치미역국 끓이기,https://semie.cooking/cooking/id/5737,마른미역,마른미역
미역국,참치미역국 끓이기,https://semie.cooking/cooking/id/5737,참치캔,참치캔
미역국,참치미역국 끓이기,https://semie.cooking/cooking/id/5737,물,물
미역국,참치미역국 끓이기,https://semie.cooking/cooking/id/5737,쌀소면,쌀소면
미역국,참치미역국 끓이기,https://semie.cooking/cooking/id/5737,오일(미역볶음용,오일(미역볶음용
미역국,참치미역국 끓이기,https://semie.cooking/cooking/id/5737,물,물
미역국,참치미역국 끓이기,https://semie.cooking/cooking/id/5737,연두링,링
미역국,참치미역국 끓이기,https://semie.cooking/cooking/id/5737,연두순,순
미역국,[요리해] 데구르르 메추리알 장조림 &amp; 초간단 3STEP 미역국 따라해봤어요!,https://semie.cooking/cooking/id/5434,소고기 국거리용,소고기
미역국,[요리해] 데구르르 메추리알 장조림 &amp; 초간단 3STEP 미역국 따라해봤어요!,https://semie.cooking/cooking/id/5434,깐메추리알,깐메추리알
미역국,[요리해] 데구르르 메추리알 장조림 &amp; 초간단 3STEP 미역국 따라해봤어요!,https://semie.cooking/cooking/id/5434,새미네부엌 장조림소스,새미네부엌장조림소스
미역국,[요리해] 데구르르 메추리알 장조림 &amp; 초간단 3STEP 미역국 따라해봤어요!,https://semie.cooking/cooking/id/5434,물,물
미역국,[새미즈]3단계로 끝나는 미역국 끓이기!!,https://semie.cooking/cooking/id/4991,미역 조금,미역조금
미역국,[새미즈]3단계로 끝나는 미역국 끓이기!!,https://semie.cooking/cooking/id/4991,국물용 소고기,소고기
미역국,[새미즈]3단계로 끝나는 미역국 끓이기!!,https://semie.cooking/cooking/id/4991,연두 한스푼,한스푼
미역국,[새미즈]3단계로 끝나는 미역국 끓이기!!,https://semie.cooking/cooking/id/4991,소금 약간,소금
미역국,[새미즈]3단계로 끝나는 미역국 끓이기!!,https://semie.cooking/cooking/id/4991,다진마늘 (개인적으로 마늘 씹히는걸 좋아해서 추가했어용,마늘
미역국,[새미즈]3단계로 끝나는 미역국 끓이기!!,https://semie.cooking/cooking/id/4991,식용유(저는 올리브유 사용했어요,식용유
미역국,[새미즈]3단계로 끝나는 미역국 끓이기!!,https://semie.cooking/cooking/id/4991,참기름 약간,참기름
미역국,초간닼 3STEP 미역국 따라하기,https://semie.cooking/cooking/id/4963,건미역,건미역
미역국,초간닼 3STEP 미역국 따라하기,https://semie.cooking/cooking/id/4963,소고기,소고기
미역국,초간닼 3STEP 미역국 따라하기,https://semie.cooking/cooking/id/4963,참기름,참기름
미역국,초간닼 3STEP 미역국 따라하기,https://semie.cooking/cooking/id/4963,연두,연두
미역국,소고기미역국 끓이기,https://semie.cooking/cooking/id/4906,마른미역,마른미역
미역국,소고기미역국 끓이기,https://semie.cooking/cooking/id/4906,소고기,소고기
미역국,소고기미역국 끓이기,https://semie.cooking/cooking/id/4906,포도씨유,식용유
미역국,소고기미역국 끓이기,https://semie.cooking/cooking/id/4906,미역불릴때. 물,미역불릴때.물
미역국,소고기미역국 끓이기,https://semie.cooking/cooking/id/4906,연두순,순
미역국,소고기미역국 끓이기,https://semie.cooking/cooking/id/4906,물,물
미역국,소고기미역국 끓이기,https://semie.cooking/cooking/id/4906,참기름,참기름
콩나물국,전주식 콩나물국밥,https://semie.cooking/recipe-lab/archive/jeonju-style-rice-soup-with-soybean-sprouts,콩나물,콩나물
콩나물국,전주식 콩나물국밥,https://semie.cooking/recipe-lab/archive/jeonju-style-rice-soup-with-soybean-sprouts,밥,밥
콩나물국,전주식 콩나물국밥,https://semie.cooking/recipe-lab/archive/jeonju-style-rice-soup-with-soybean-sprouts,물,물
콩나물국,전주식 콩나물국밥,https://semie.cooking/recipe-lab/archive/jeonju-style-rice-soup-with-soybean-sprouts,대파(흰부분,대파
콩나물국,전주식 콩나물국밥,https://semie.cooking/recipe-lab/archive/jeonju-style-rice-soup-with-soybean-sprouts,청양고추,청양고추
콩나물국,전주식 콩나물국밥,https://semie.cooking/recipe-lab/archive/jeonju-style-rice-soup-with-soybean-sprouts,달걀,계란
콩나물국,전주식 콩나물국밥,https://semie.cooking/recipe-lab/archive/jeonju-style-rice-soup-with-soybean-sprouts,김가루,김
콩나물국,전주식 콩나물국밥,https://semie.cooking/recipe-lab/archive/jeonju-style-rice-soup-with-soybean-sprouts,연두링(바지락해물,링(바지락해물
콩나물국,전주식 콩나물국밥,https://semie.cooking/recipe-lab/archive/jeonju-style-rice-soup-with-soybean-sprouts,연두순,순
콩나물국,전주식 콩나물국밥,https://semie.cooking/recipe-lab/archive/jeonju-style-rice-soup-with-soybean-sprouts,고춧가루,고춧가루
콩나물국,얼칼 김치콩나물국,https://semie.cooking/recipe-lab/archive/spicy-and-tangy-kimchi-and-bean-sprout-soup,김치,배추김치
콩나물국,얼칼 김치콩나물국,https://semie.cooking/recipe-lab/archive/spicy-and-tangy-kimchi-and-bean-sprout-soup,콩나물,콩나물
콩나물국,얼칼 김치콩나물국,https://semie.cooking/recipe-lab/archive/spicy-and-tangy-kimchi-and-bean-sprout-soup,물,물
콩나물국,얼칼 김치콩나물국,https://semie.cooking/recipe-lab/archive/spicy-and-tangy-kimchi-and-bean-sprout-soup,청양고추,청양고추
콩나물국,얼칼 김치콩나물국,https://semie.cooking/recipe-lab/archive/spicy-and-tangy-kimchi-and-bean-sprout-soup,대파,대파
콩나물국,얼칼 김치콩나물국,https://semie.cooking/recipe-lab/archive/spicy-and-tangy-kimchi-and-bean-sprout-soup,김치국물,김치국물
콩나물국,얼칼 김치콩나물국,https://semie.cooking/recipe-lab/archive/spicy-and-tangy-kimchi-and-bean-sprout-soup,연두링(멸치디포리,멸치
콩나물국,얼칼 김치콩나물국,https://semie.cooking/recipe-lab/archive/spicy-and-tangy-kimchi-and-bean-sprout-soup,연두순,순
콩나물국,초간단 콩나물국,https://semie.cooking/recipe-lab/archive/bean-sprout-soup,콩나물,콩나물
콩나물국,초간단 콩나물국,https://semie.cooking/recipe-lab/archive/bean-sprout-soup,물,물
콩나물국,초간단 콩나물국,https://semie.cooking/recipe-lab/archive/bean-sprout-soup,쪽파,쪽파
콩나물국,초간단 콩나물국,https://semie.cooking/recipe-lab/archive/bean-sprout-soup,연두순,순
콩나물국,콩나물국 실패 없는 초간단 레시피! 꼭 해보세요!,https://semie.cooking/cooking/id/7889,콩나물,콩나물
콩나물국,콩나물국 실패 없는 초간단 레시피! 꼭 해보세요!,https://semie.cooking/cooking/id/7889,파,파
콩나물국,콩나물국 실패 없는 초간단 레시피! 꼭 해보세요!,https://semie.cooking/cooking/id/7889,연두링 멸치디포리,멸치
콩나물국,콩나물국 실패 없는 초간단 레시피! 꼭 해보세요!,https://semie.cooking/cooking/id/7889,연두링 다시마표고야채,다시마
콩나물국,초간단 콩나물국 끓이기! 연두링만 있으면 따로 육수 안내도 엄청 맛있어요~~,https://semie.cooking/cooking/id/7879,콩나물,콩나물
콩나물국,초간단 콩나물국 끓이기! 연두링만 있으면 따로 육수 안내도 엄청 맛있어요~~,https://semie.cooking/cooking/id/7879,다진 마늘,마늘
콩나물국,초간단 콩나물국 끓이기! 연두링만 있으면 따로 육수 안내도 엄청 맛있어요~~,https://semie.cooking/cooking/id/7879,대파,대파
콩나물국,초간단 콩나물국 끓이기! 연두링만 있으면 따로 육수 안내도 엄청 맛있어요~~,https://semie.cooking/cooking/id/7879,연두링 멸치디포리,멸치
콩나물국,요즘처럼 추울 때! 칼칼한 콩나물국 추천 ❤️‍🔥,https://semie.cooking/cooking/id/7832,콩나물,콩나물
콩나물국,요즘처럼 추울 때! 칼칼한 콩나물국 추천 ❤️‍🔥,https://semie.cooking/cooking/id/7832,대파,대파
콩나물국,요즘처럼 추울 때! 칼칼한 콩나물국 추천 ❤️‍🔥,https://semie.cooking/cooking/id/7832,청양고추,청양고추
콩나물국,요즘처럼 추울 때! 칼칼한 콩나물국 추천 ❤️‍🔥,https://semie.cooking/cooking/id/7832,다진마늘,마늘
콩나물국,요즘처럼 추울 때! 칼칼한 콩나물국 추천 ❤️‍🔥,https://semie.cooking/cooking/id/7832,연두링 멸치디포리,멸치
콩나물국,요즘처럼 추울 때! 칼칼한 콩나물국 추천 ❤️‍🔥,https://semie.cooking/cooking/id/7832,고춧가루,고춧가루
콩나물국,요즘처럼 추울 때! 칼칼한 콩나물국 추천 ❤️‍🔥,https://semie.cooking/cooking/id/7832,소금 약간,소금
콩나물국,[새미즈2기] 콩나물국 도전,https://semie.cooking/cooking/id/5585,콩나물,콩나물
콩나물국,[새미즈2기] 콩나물국 도전,https://semie.cooking/cooking/id/5585,대파 아주 조금,대파
콩나물국,[새미즈2기] 콩나물국 도전,https://semie.cooking/cooking/id/5585,청양고추,청양고추
콩나물국,[새미즈2기] 콩나물국 도전,https://semie.cooking/cooking/id/5585,샘표 요리에센스 연두,샘표요리에센스
콩나물국,감기기운 있을 땐 얼큰 콩나물국!!!,https://semie.cooking/cooking/id/4988,콩나물,콩나물
콩나물국,감기기운 있을 땐 얼큰 콩나물국!!!,https://semie.cooking/cooking/id/4988,다진마늘,마늘
콩나물국,감기기운 있을 땐 얼큰 콩나물국!!!,https://semie.cooking/cooking/id/4988,대피,대피
콩나물국,감기기운 있을 땐 얼큰 콩나물국!!!,https://semie.cooking/cooking/id/4988,요리에센스 연두,요리에센스
콩나물국,감기기운 있을 땐 얼큰 콩나물국!!!,https://semie.cooking/cooking/id/4988,고춧가루,고춧가루
콩나물국,감기기운 있을 땐 얼큰 콩나물국!!!,https://semie.cooking/cooking/id/4988,소금 약간,소금
콩나물국,감기기운 있을 땐 얼큰 콩나물국!!!,https://semie.cooking/cooking/id/4988,육수팩 (없으면 제외 가능,육수팩(없으면제외
곰탕,"따뜻한 국물 한 그릇, 곰탕",https://semie.cooking/recipe-lab/archive/gomtang,소고기 (양지 혹은 사태,소고기
곰탕,"따뜻한 국물 한 그릇, 곰탕",https://semie.cooking/recipe-lab/archive/gomtang,물,물
곰탕,"따뜻한 국물 한 그릇, 곰탕",https://semie.cooking/recipe-lab/archive/gomtang,양파,양파
곰탕,"따뜻한 국물 한 그릇, 곰탕",https://semie.cooking/recipe-lab/archive/gomtang,대파,대파
곰탕,"따뜻한 국물 한 그릇, 곰탕",https://semie.cooking/recipe-lab/archive/gomtang,생강,생강
곰탕,"따뜻한 국물 한 그릇, 곰탕",https://semie.cooking/recipe-lab/archive/gomtang,마늘,마늘
곰탕,"따뜻한 국물 한 그릇, 곰탕",https://semie.cooking/recipe-lab/archive/gomtang,밥,밥
곰탕,"따뜻한 국물 한 그릇, 곰탕",https://semie.cooking/recipe-lab/archive/gomtang,연두순,순
곰탕,"따뜻한 국물 한 그릇, 곰탕",https://semie.cooking/recipe-lab/archive/gomtang,통후추,후춧가루
곰탕,"따뜻한 국물 한 그릇, 곰탕",https://semie.cooking/recipe-lab/archive/gomtang,물,물
양념치킨,양념치킨소스,https://semie.cooking/recipe-lab/archive/sweet-and-spicy-korean-fried-chicken-sauce,조선고추장,고추장
양념치킨,양념치킨소스,https://semie.cooking/recipe-lab/archive/sweet-and-spicy-korean-fried-chicken-sauce,연두순,순
양념치킨,양념치킨소스,https://semie.cooking/recipe-lab/archive/sweet-and-spicy-korean-fried-chicken-sauce,물엿,올리고당
양념치킨,양념치킨소스,https://semie.cooking/recipe-lab/archive/sweet-and-spicy-korean-fried-chicken-sauce,케첩,케첩
양념치킨,양념치킨소스,https://semie.cooking/recipe-lab/archive/sweet-and-spicy-korean-fried-chicken-sauce,다진 마늘,마늘
양념치킨,양념치킨소스,https://semie.cooking/recipe-lab/archive/sweet-and-spicy-korean-fried-chicken-sauce,설탕,설탕
깍두기,초간단 깍두기,https://semie.cooking/recipe-lab/archive/kkakdugi,무,무
깍두기,초간단 깍두기,https://semie.cooking/recipe-lab/archive/kkakdugi,쪽파,쪽파
깍두기,초간단 깍두기,https://semie.cooking/recipe-lab/archive/kkakdugi,새미네부엌 깍두기양념,새미네부엌깍두기양념
깍두기,초간단 깍두기,https://semie.cooking/recipe-lab/archive/kkakdugi,고춧가루,고춧가루
깍두기,깍두기볶음밥,https://semie.cooking/recipe-lab/archive/kkakdugi-bokkeumbap,밥,밥
깍두기,깍두기볶음밥,https://semie.cooking/recipe-lab/archive/kkakdugi-bokkeumbap,깍두기,깍두기
깍두기,깍두기볶음밥,https://semie.cooking/recipe-lab/archive/kkakdugi-bokkeumbap,두부,두부
깍두기,깍두기볶음밥,https://semie.cooking/recipe-lab/archive/kkakdugi-bokkeumbap,양파,양파
깍두기,깍두기볶음밥,https://semie.cooking/recipe-lab/archive/kkakdugi-bokkeumbap,쪽파,쪽파
깍두기,깍두기볶음밥,https://semie.cooking/recipe-lab/archive/kkakdugi-bokkeumbap,연두진,진
깍두기,깍두기볶음밥,https://semie.cooking/recipe-lab/archive/kkakdugi-bokkeumbap,고추기름,고추
무생채,새콤 무생채,https://semie.cooking/recipe-lab/archive/julienne-radish-fresh-salad,무,무
무생채,새콤 무생채,https://semie.cooking/recipe-lab/archive/julienne-radish-fresh-salad,쪽파,쪽파
무생채,새콤 무생채,https://semie.cooking/recipe-lab/archive/julienne-radish-fresh-salad,고춧가루,고춧가루
무생채,새콤 무생채,https://semie.cooking/recipe-lab/archive/julienne-radish-fresh-salad,연두순,순
무생채,새콤 무생채,https://semie.cooking/recipe-lab/archive/julienne-radish-fresh-salad,식초,식초
무생채,새콤 무생채,https://semie.cooking/recipe-lab/archive/julienne-radish-fresh-salad,설탕,설탕
무생채,새콤 무생채,https://semie.cooking/recipe-lab/archive/julienne-radish-fresh-salad,다진 마늘,마늘
무생채,새콤 무생채,https://semie.cooking/recipe-lab/archive/julienne-radish-fresh-salad,물엿,올리고당
무생채,새콤 무생채,https://semie.cooking/recipe-lab/archive/julienne-radish-fresh-salad,소금 약간,소금
무생채,맛있는 무생채 만들기!,https://semie.cooking/cooking/id/7816,무,무
무생채,맛있는 무생채 만들기!,https://semie.cooking/cooking/id/7816,대파,대파
무생채,맛있는 무생채 만들기!,https://semie.cooking/cooking/id/7816,"물엿, 소금 (무 절임용",소금
무생채,맛있는 무생채 만들기!,https://semie.cooking/cooking/id/7816,"고춧가루, 연두순, 식초, 깨",고춧가루
부추김치,즐요클럽(한식)- 요린이의 새미네부엌 부추파김치 양념과 함께한 부추김치,https://semie.cooking/cooking/id/5851,부추,부추
부추김치,즐요클럽(한식)- 요린이의 새미네부엌 부추파김치 양념과 함께한 부추김치,https://semie.cooking/cooking/id/5851,생수,물
부추김치,즐요클럽(한식)- 요린이의 새미네부엌 부추파김치 양념과 함께한 부추김치,https://semie.cooking/cooking/id/5851,새미네부엌 부추파김치양념,배추김치
부추김치,즐요클럽(한식)- 요린이의 새미네부엌 부추파김치 양념과 함께한 부추김치,https://semie.cooking/cooking/id/5851,고추가루,고춧가루
부추김치,초간단 부추 김치 만들기,https://semie.cooking/cooking/id/5621,부추,부추
부추김치,초간단 부추 김치 만들기,https://semie.cooking/cooking/id/5621,당근,당근
부추김치,초간단 부추 김치 만들기,https://semie.cooking/cooking/id/5621,고춧가루,고춧가루
부추김치,초간단 부추 김치 만들기,https://semie.cooking/cooking/id/5621,물,물
부추김치,초간단 부추 김치 만들기,https://semie.cooking/cooking/id/5621,새미네부엌 부추파김치 양념,배추김치
부추김치,"[새미즈 2기 미션] 엄마없이 파김치, 부추김치를 10분만에..?",https://semie.cooking/cooking/id/5577,쪽파 한단,쪽파
부추김치,"[새미즈 2기 미션] 엄마없이 파김치, 부추김치를 10분만에..?",https://semie.cooking/cooking/id/5577,부추 한봉지,부추
부추김치,"[새미즈 2기 미션] 엄마없이 파김치, 부추김치를 10분만에..?",https://semie.cooking/cooking/id/5577,당근,당근
부추김치,"[새미즈 2기 미션] 엄마없이 파김치, 부추김치를 10분만에..?",https://semie.cooking/cooking/id/5577,고춧가루,고춧가루
부추김치,"[새미즈 2기 미션] 엄마없이 파김치, 부추김치를 10분만에..?",https://semie.cooking/cooking/id/5577,물,물
부추김치,"[새미즈 2기 미션] 엄마없이 파김치, 부추김치를 10분만에..?",https://semie.cooking/cooking/id/5577,새미네부엌 부추파김치 양념,배추김치
열무김치,매콤새콤 열무 김치말이국수,https://semie.cooking/recipe-lab/archive/yeoul-mu-kimchi-noodles,열무김치,열무
열무김치,매콤새콤 열무 김치말이국수,https://semie.cooking/recipe-lab/archive/yeoul-mu-kimchi-noodles,소면,소면
열무김치,매콤새콤 열무 김치말이국수,https://semie.cooking/recipe-lab/archive/yeoul-mu-kimchi-noodles,열무김치 국물,열무
열무김치,매콤새콤 열무 김치말이국수,https://semie.cooking/recipe-lab/archive/yeoul-mu-kimchi-noodles,물,물
열무김치,매콤새콤 열무 김치말이국수,https://semie.cooking/recipe-lab/archive/yeoul-mu-kimchi-noodles,연두순,순
열무김치,매콤새콤 열무 김치말이국수,https://semie.cooking/recipe-lab/archive/yeoul-mu-kimchi-noodles,설탕,설탕
열무김치,매콤새콤 열무 김치말이국수,https://semie.cooking/recipe-lab/archive/yeoul-mu-kimchi-noodles,식초,식초
오이소박이,초간단 오이소박이,https://semie.cooking/recipe-lab/archive/real-cucumber-kimchi,오이,오이
오이소박이,초간단 오이소박이,https://semie.cooking/recipe-lab/archive/real-cucumber-kimchi,부추,부추
오이소박이,초간단 오이소박이,https://semie.cooking/recipe-lab/archive/real-cucumber-kimchi,새미네부엌 오이소박이양념,새미네부엌오이소박이양념
오이소박이,초간단 오이소박이,https://semie.cooking/recipe-lab/archive/real-cucumber-kimchi,고춧가루,고춧가루
오이소박이,퉁퉁탕탕 오이소박이,https://semie.cooking/recipe-lab/archive/cucumber-kimchi,오이,오이
오이소박이,퉁퉁탕탕 오이소박이,https://semie.cooking/recipe-lab/archive/cucumber-kimchi,부추,부추
오이소박이,퉁퉁탕탕 오이소박이,https://semie.cooking/recipe-lab/archive/cucumber-kimchi,새미네부엌 오이소박이 양념,새미네부엌오이소박이양념
오이소박이,퉁퉁탕탕 오이소박이,https://semie.cooking/recipe-lab/archive/cucumber-kimchi,고춧가루,고춧가루
오이소박이,새미즈 - 오이소박이,https://semie.cooking/cooking/id/4915,오이,오이
오이소박이,새미즈 - 오이소박이,https://semie.cooking/cooking/id/4915,부추,부추
오이소박이,새미즈 - 오이소박이,https://semie.cooking/cooking/id/4915,새미네 오이소박이 양념,새미네오이소박이양념
오이소박이,새미즈 - 오이소박이,https://semie.cooking/cooking/id/4915,고춧가루,고춧가루
파김치,초간단 파김치,https://semie.cooking/recipe-lab/archive/pa-kimchi,쪽파,쪽파
파김치,초간단 파김치,https://semie.cooking/recipe-lab/archive/pa-kimchi,물,물
파김치,초간단 파김치,https://semie.cooking/recipe-lab/archive/pa-kimchi,새미네부엌 부추파김치양념,배추김치
파김치,초간단 파김치,https://semie.cooking/recipe-lab/archive/pa-kimchi,고춧가루,고춧가루
파김치,🍃 #즐요클럽 대파김치 만들기 이렇게 맛있다고?,https://semie.cooking/cooking/id/5969,대파,대파
파김치,🍃 #즐요클럽 대파김치 만들기 이렇게 맛있다고?,https://semie.cooking/cooking/id/5969,고춧가루 밥수저,고춧가루
파김치,🍃 #즐요클럽 대파김치 만들기 이렇게 맛있다고?,https://semie.cooking/cooking/id/5969,물,물
파김치,🍃 #즐요클럽 대파김치 만들기 이렇게 맛있다고?,https://semie.cooking/cooking/id/5969,깨,깨
파김치,🍃 #즐요클럽 대파김치 만들기 이렇게 맛있다고?,https://semie.cooking/cooking/id/5969,새미네부엌 부추파김치 양념,배추김치
파김치,(즐요클럽-한식) 쪽파김치,https://semie.cooking/cooking/id/5859,깐쪽파,쪽파
파김치,(즐요클럽-한식) 쪽파김치,https://semie.cooking/cooking/id/5859,새미네부엌 쇠고기야채잡채소스,소고기
파김치,(즐요클럽-한식) 쪽파김치,https://semie.cooking/cooking/id/5859,고춧가루,고춧가루
파김치,즐요클럽(한식)- 요린이의 새미네부엌 부추파김치 양념과 함께한 부추김치,https://semie.cooking/cooking/id/5851,부추,부추
파김치,즐요클럽(한식)- 요린이의 새미네부엌 부추파김치 양념과 함께한 부추김치,https://semie.cooking/cooking/id/5851,생수,물
파김치,즐요클럽(한식)- 요린이의 새미네부엌 부추파김치 양념과 함께한 부추김치,https://semie.cooking/cooking/id/5851,새미네부엌 부추파김치양념,배추김치
파김치,즐요클럽(한식)- 요린이의 새미네부엌 부추파김치 양념과 함께한 부추김치,https://semie.cooking/cooking/id/5851,고추가루,고춧가루
파김치,새미와 함께 즐겁게 요리해요)즐요클럽~파김치(feat.부추파김치양념),https://semie.cooking/cooking/id/5761,쪽파,쪽파
파김치,새미와 함께 즐겁게 요리해요)즐요클럽~파김치(feat.부추파김치양념),https://semie.cooking/cooking/id/5761,생수,물
파김치,새미와 함께 즐겁게 요리해요)즐요클럽~파김치(feat.부추파김치양념),https://semie.cooking/cooking/id/5761,"새미네부엌 부추파김치양념,고춧가루",고춧가루
파김치,대파김치 만들기,https://semie.cooking/cooking/id/5738,대파,대파
파김치,대파김치 만들기,https://semie.cooking/cooking/id/5738,새미네부엌 부추파김치 양념,배추김치
파김치,대파김치 만들기,https://semie.cooking/cooking/id/5738,고춧가루,고춧가루
파김치,대파김치 만들기,https://semie.cooking/cooking/id/5738,생수,물
파김치,"[새미즈 2기 미션] 엄마없이 파김치, 부추김치를 10분만에..?",https://semie.cooking/cooking/id/5577,쪽파 한단,쪽파
파김치,"[새미즈 2기 미션] 엄마없이 파김치, 부추김치를 10분만에..?",https://semie.cooking/cooking/id/5577,부추 한봉지,부추
파김치,"[새미즈 2기 미션] 엄마없이 파김치, 부추김치를 10분만에..?",https://semie.cooking/cooking/id/5577,당근,당근
파김치,"[새미즈 2기 미션] 엄마없이 파김치, 부추김치를 10분만에..?",https://semie.cooking/cooking/id/5577,고춧가루,고춧가루
파김치,"[새미즈 2기 미션] 엄마없이 파김치, 부추김치를 10분만에..?",https://semie.cooking/cooking/id/5577,물,물
파김치,"[새미즈 2기 미션] 엄마없이 파김치, 부추김치를 10분만에..?",https://semie.cooking/cooking/id/5577,새미네부엌 부추파김치 양념,배추김치
시금치나물,새미즈 - 반찬만들기 2.시금치나물,https://semie.cooking/cooking/id/4899,시금치,시금치
시금치나물,새미즈 - 반찬만들기 2.시금치나물,https://semie.cooking/cooking/id/4899,"소금, 물",소금
시금치나물,새미즈 - 반찬만들기 2.시금치나물,https://semie.cooking/cooking/id/4899,연두,연두
시금치나물,새미즈 - 반찬만들기 2.시금치나물,https://semie.cooking/cooking/id/4899,다진마늘,마늘
시금치나물,새미즈 - 반찬만들기 2.시금치나물,https://semie.cooking/cooking/id/4899,통깨,통깨
시금치나물,새미즈 - 반찬만들기 2.시금치나물,https://semie.cooking/cooking/id/4899,참기름,참기름
시금치나물,새미즈-시금치나물 도전기,https://semie.cooking/cooking/id/4840,시금치,시금치
시금치나물,새미즈-시금치나물 도전기,https://semie.cooking/cooking/id/4840,연두순,순
시금치나물,새미즈-시금치나물 도전기,https://semie.cooking/cooking/id/4840,소금 약간,소금
시금치나물,새미즈-시금치나물 도전기,https://semie.cooking/cooking/id/4840,참기름,참기름
시금치나물,새미즈-시금치나물 도전기,https://semie.cooking/cooking/id/4840,깨소금 약간,통깨
시금치나물,시금치나물,https://semie.cooking/cooking/id/4531,시금치,시금치
시금치나물,시금치나물,https://semie.cooking/cooking/id/4531,연두,연두
시금치나물,시금치나물,https://semie.cooking/cooking/id/4531,소금,소금
시금치나물,시금치나물,https://semie.cooking/cooking/id/4531,깨,깨
시금치나물,시금치나물,https://semie.cooking/cooking/id/4531,참기름,참기름
송편,"송편의 재탄생, 송편피자",https://semie.cooking/recipe-lab/archive/songpyeon-pizza,송편,송편
송편,"송편의 재탄생, 송편피자",https://semie.cooking/recipe-lab/archive/songpyeon-pizza,식용유,식용유
송편,"송편의 재탄생, 송편피자",https://semie.cooking/recipe-lab/archive/songpyeon-pizza,모짜렐라 치즈,치즈
송편,"송편의 재탄생, 송편피자",https://semie.cooking/recipe-lab/archive/songpyeon-pizza,베이컨,베이컨
송편,"송편의 재탄생, 송편피자",https://semie.cooking/recipe-lab/archive/songpyeon-pizza,양파,양파
송편,"송편의 재탄생, 송편피자",https://semie.cooking/recipe-lab/archive/songpyeon-pizza,폰타나 나폴리 뽀모도로 토마토 파스타소스,폰타나나폴리뽀모도로토마토파스타소스
송편,"송편의 재탄생, 송편피자",https://semie.cooking/recipe-lab/archive/songpyeon-pizza,폰타나 폰타나 엑스트라버진 올리브유 아르베끼나,식용유
송편,어른도 아이도 우리맛송편,https://semie.cooking/recipe-lab/archive/songpyeon-with-chickpeas,습식 멥쌀가루,멥쌀가루
송편,어른도 아이도 우리맛송편,https://semie.cooking/recipe-lab/archive/songpyeon-with-chickpeas,물,물
송편,어른도 아이도 우리맛송편,https://semie.cooking/recipe-lab/archive/songpyeon-with-chickpeas,통조림 병아리콩,통조림병아리콩
송편,어른도 아이도 우리맛송편,https://semie.cooking/recipe-lab/archive/songpyeon-with-chickpeas,물,물
송편,어른도 아이도 우리맛송편,https://semie.cooking/recipe-lab/archive/songpyeon-with-chickpeas,새미네부엌 진간장,간장
송편,어른도 아이도 우리맛송편,https://semie.cooking/recipe-lab/archive/songpyeon-with-chickpeas,설탕,설탕
송편,어른도 아이도 우리맛송편,https://semie.cooking/recipe-lab/archive/songpyeon-with-chickpeas,깨,깨
만두,육즙가득 떠먹는 컵만두,https://semie.cooking/recipe-lab/archive/spoonable-cup-dumplings,새우,새우
만두,육즙가득 떠먹는 컵만두,https://semie.cooking/recipe-lab/archive/spoonable-cup-dumplings,돼지고기 다짐육,돼지고기
만두,육즙가득 떠먹는 컵만두,https://semie.cooking/recipe-lab/archive/spoonable-cup-dumplings,다진 생강,생강
만두,육즙가득 떠먹는 컵만두,https://semie.cooking/recipe-lab/archive/spoonable-cup-dumplings,다진 마늘,마늘
만두,육즙가득 떠먹는 컵만두,https://semie.cooking/recipe-lab/archive/spoonable-cup-dumplings,물,물
만두,육즙가득 떠먹는 컵만두,https://semie.cooking/recipe-lab/archive/spoonable-cup-dumplings,만두피,만두
만두,육즙가득 떠먹는 컵만두,https://semie.cooking/recipe-lab/archive/spoonable-cup-dumplings,연두순,순
만두,비빔만두,https://semie.cooking/recipe-lab/archive/bibim-mandu,냉동 납작만두,만두
만두,비빔만두,https://semie.cooking/recipe-lab/archive/bibim-mandu,양배추,양배추
만두,비빔만두,https://semie.cooking/recipe-lab/archive/bibim-mandu,식용유,식용유
만두,비빔만두,https://semie.cooking/recipe-lab/archive/bibim-mandu,양파,양파
만두,비빔만두,https://semie.cooking/recipe-lab/archive/bibim-mandu,당근,당근
만두,비빔만두,https://semie.cooking/recipe-lab/archive/bibim-mandu,깻잎,깻잎
만두,비빔만두,https://semie.cooking/recipe-lab/archive/bibim-mandu,고춧가루,고춧가루
만두,비빔만두,https://semie.cooking/recipe-lab/archive/bibim-mandu,새미네부엌 진간장,간장
만두,비빔만두,https://semie.cooking/recipe-lab/archive/bibim-mandu,식초,식초
만두,비빔만두,https://semie.cooking/recipe-lab/archive/bibim-mandu,설탕,설탕
만두,비빔만두,https://semie.cooking/recipe-lab/archive/bibim-mandu,참기름,참기름
만두,비빔만두,https://semie.cooking/recipe-lab/archive/bibim-mandu,깨 약간,깨
만두,시원칼칼 만두전골,https://semie.cooking/recipe-lab/archive/mandoo-hotpot,만두,만두
만두,시원칼칼 만두전골,https://semie.cooking/recipe-lab/archive/mandoo-hotpot,떡국떡,떡
만두,시원칼칼 만두전골,https://semie.cooking/recipe-lab/archive/mandoo-hotpot,알배추,배추
만두,시원칼칼 만두전골,https://semie.cooking/recipe-lab/archive/mandoo-hotpot,대파,대파
만두,시원칼칼 만두전골,https://semie.cooking/recipe-lab/archive/mandoo-hotpot,양파,양파
만두,시원칼칼 만두전골,https://semie.cooking/recipe-lab/archive/mandoo-hotpot,느타리버섯,느타리버섯
만두,시원칼칼 만두전골,https://semie.cooking/recipe-lab/archive/mandoo-hotpot,연두링 (멸치디포리,멸치
만두,시원칼칼 만두전골,https://semie.cooking/recipe-lab/archive/mandoo-hotpot,연두진,진
만두,시원칼칼 만두전골,https://semie.cooking/recipe-lab/archive/mandoo-hotpot,물,물
만두,시원칼칼 만두전골,https://semie.cooking/recipe-lab/archive/mandoo-hotpot,굵은 고춧가루,고춧가루
만두,직접 만들어 쫄깃한 만두피,https://semie.cooking/recipe-lab/archive/mandu-wrappers,밀가루(중력분,밀가루
만두,직접 만들어 쫄깃한 만두피,https://semie.cooking/recipe-lab/archive/mandu-wrappers,물,물
만두,직접 만들어 쫄깃한 만두피,https://semie.cooking/recipe-lab/archive/mandu-wrappers,달걀 흰자,계란
만두,직접 만들어 쫄깃한 만두피,https://semie.cooking/recipe-lab/archive/mandu-wrappers,식용유,식용유
만두,직접 만들어 쫄깃한 만두피,https://semie.cooking/recipe-lab/archive/mandu-wrappers,소금 약간,소금
만두,김치꽃만두,https://semie.cooking/recipe-lab/archive/kimchiflowermandu,김치,배추김치
만두,김치꽃만두,https://semie.cooking/recipe-lab/archive/kimchiflowermandu,돼지고기 다짐육,돼지고기
만두,김치꽃만두,https://semie.cooking/recipe-lab/archive/kimchiflowermandu,대파,대파
만두,김치꽃만두,https://semie.cooking/recipe-lab/archive/kimchiflowermandu,식용유,식용유
만두,김치꽃만두,https://semie.cooking/recipe-lab/archive/kimchiflowermandu,만두피,만두
만두,김치꽃만두,https://semie.cooking/recipe-lab/archive/kimchiflowermandu,양파,양파
만두,김치꽃만두,https://semie.cooking/recipe-lab/archive/kimchiflowermandu,연두순,순
만두,김치꽃만두,https://semie.cooking/recipe-lab/archive/kimchiflowermandu,후추 약간,후춧가루
만두,김치꽃만두,https://semie.cooking/recipe-lab/archive/kimchiflowermandu,참기름,참기름
만두,속 편한 배추새우만두,https://semie.cooking/recipe-lab/archive/baechu-shrimp-mandu,절인배추,배추
만두,속 편한 배추새우만두,https://semie.cooking/recipe-lab/archive/baechu-shrimp-mandu,새우,새우
만두,속 편한 배추새우만두,https://semie.cooking/recipe-lab/archive/baechu-shrimp-mandu,식용유,식용유
만두,속 편한 배추새우만두,https://semie.cooking/recipe-lab/archive/baechu-shrimp-mandu,부추,부추
만두,속 편한 배추새우만두,https://semie.cooking/recipe-lab/archive/baechu-shrimp-mandu,연두순,순
만두,부담없이 더 가볍게! 채소만두,https://semie.cooking/recipe-lab/archive/vegetable-buchu-mandu,두부,두부
만두,부담없이 더 가볍게! 채소만두,https://semie.cooking/recipe-lab/archive/vegetable-buchu-mandu,만두피,만두
만두,부담없이 더 가볍게! 채소만두,https://semie.cooking/recipe-lab/archive/vegetable-buchu-mandu,식용유,식용유
만두,부담없이 더 가볍게! 채소만두,https://semie.cooking/recipe-lab/archive/vegetable-buchu-mandu,부추,부추
만두,부담없이 더 가볍게! 채소만두,https://semie.cooking/recipe-lab/archive/vegetable-buchu-mandu,양파,양파
만두,부담없이 더 가볍게! 채소만두,https://semie.cooking/recipe-lab/archive/vegetable-buchu-mandu,연두순,순
만두,만두활용 전자레인지 리조또 만들기,https://semie.cooking/cooking/id/7580,냉동만두,만두
만두,만두활용 전자레인지 리조또 만들기,https://semie.cooking/cooking/id/7580,모짜렐라 치즈 취향껏,치즈
만두,만두활용 전자레인지 리조또 만들기,https://semie.cooking/cooking/id/7580,양파,양파
만두,만두활용 전자레인지 리조또 만들기,https://semie.cooking/cooking/id/7580,폰타나 베이컨&머쉬룸 크림 파스타소스,폰타나베이컨&머쉬룸크림파스타소스
만두,(새미즈 4기) 4-2 만두전골,https://semie.cooking/cooking/id/7579,만두,만두
만두,(새미즈 4기) 4-2 만두전골,https://semie.cooking/cooking/id/7579,알배추,배추
만두,(새미즈 4기) 4-2 만두전골,https://semie.cooking/cooking/id/7579,팽이버섯,팽이버섯
만두,(새미즈 4기) 4-2 만두전골,https://semie.cooking/cooking/id/7579,양파,양파
만두,(새미즈 4기) 4-2 만두전골,https://semie.cooking/cooking/id/7579,연두링 (멸치디포리,멸치
만두,(새미즈 4기) 4-2 만두전골,https://semie.cooking/cooking/id/7579,연두순,순
만두,(새미즈 4기) 4-2 만두전골,https://semie.cooking/cooking/id/7579,물,물
만두,예쁜깐풍만두앞에서 아들과 꿍딱꾸리!,https://semie.cooking/cooking/id/6351,냉동만두,만두
만두,예쁜깐풍만두앞에서 아들과 꿍딱꾸리!,https://semie.cooking/cooking/id/6351,자투리야채들,자투리야채들
만두,예쁜깐풍만두앞에서 아들과 꿍딱꾸리!,https://semie.cooking/cooking/id/6351,설탕 간장 식초 굴소스 케찹,간장
만두,김치만두 만들었어요,https://semie.cooking/cooking/id/6217,돼지고기 앞다리살,돼지고기
만두,김치만두 만들었어요,https://semie.cooking/cooking/id/6217,작년 김장김치,배추김치
만두,김치만두 만들었어요,https://semie.cooking/cooking/id/6217,숙주,숙주
만두,김치만두 만들었어요,https://semie.cooking/cooking/id/6217,두부,두부
만두,김치만두 만들었어요,https://semie.cooking/cooking/id/6217,양파,양파
만두,김치만두 만들었어요,https://semie.cooking/cooking/id/6217,만두피,만두
만두,김치만두 만들었어요,https://semie.cooking/cooking/id/6217,"고기밑간용(마늘, 후추, 소금, 참기름",마늘
만두,(즐요클럽_한식) 속 편한 배추새우만두,https://semie.cooking/cooking/id/5913,절인 배추,배추
만두,(즐요클럽_한식) 속 편한 배추새우만두,https://semie.cooking/cooking/id/5913,깐 새우살,새우
만두,(즐요클럽_한식) 속 편한 배추새우만두,https://semie.cooking/cooking/id/5913,부추,부추
만두,(즐요클럽_한식) 속 편한 배추새우만두,https://semie.cooking/cooking/id/5913,연두순,순
만두,(즐요클럽_한식) 속 편한 배추새우만두,https://semie.cooking/cooking/id/5913,식용유,식용유
만두,돌돌말아 배추새우만두!,https://semie.cooking/cooking/id/5012,"새우, 배추잎, 부추(또는 파",새우
만두,돌돌말아 배추새우만두!,https://semie.cooking/cooking/id/5012,"배추잎, 새우, 부추(또는 파",새우
만두,돌돌말아 배추새우만두!,https://semie.cooking/cooking/id/5012,연두순,순
물냉면,여름별미  열무물냉면 만들기,https://semie.cooking/cooking/id/7173,냉면사리,냉면사리
물냉면,여름별미  열무물냉면 만들기,https://semie.cooking/cooking/id/7173,열무김치,열무
물냉면,여름별미  열무물냉면 만들기,https://semie.cooking/cooking/id/7173,오이,오이
물냉면,여름별미  열무물냉면 만들기,https://semie.cooking/cooking/id/7173,열무김치국물,열무
물냉면,여름별미  열무물냉면 만들기,https://semie.cooking/cooking/id/7173,얼린육수,얼린육수
물냉면,여름별미  열무물냉면 만들기,https://semie.cooking/cooking/id/7173,들기름,들기름
물냉면,여름별미  열무물냉면 만들기,https://semie.cooking/cooking/id/7173,식초,식초
물냉면,여름별미  열무물냉면 만들기,https://semie.cooking/cooking/id/7173,매실청,매실액
물냉면,여름별미  열무물냉면 만들기,https://semie.cooking/cooking/id/7173,통깨,통깨
칼국수,간편 팥칼국수,https://semie.cooking/recipe-lab/archive/quick-red-bean-noodle-soup,밸런스죽 동지 찹쌀통팥죽,밸런스죽동지찹쌀통팥죽
칼국수,간편 팥칼국수,https://semie.cooking/recipe-lab/archive/quick-red-bean-noodle-soup,칼국수면,칼국수면
칼국수,간편 팥칼국수,https://semie.cooking/recipe-lab/archive/quick-red-bean-noodle-soup,물,물
칼국수,후루룩- 칼국수,https://semie.cooking/recipe-lab/archive/kalguksu,칼국수면,칼국수면
칼국수,후루룩- 칼국수,https://semie.cooking/recipe-lab/archive/kalguksu,물,물
칼국수,후루룩- 칼국수,https://semie.cooking/recipe-lab/archive/kalguksu,다진 마늘,마늘
칼국수,후루룩- 칼국수,https://semie.cooking/recipe-lab/archive/kalguksu,식용유,식용유
칼국수,후루룩- 칼국수,https://semie.cooking/recipe-lab/archive/kalguksu,양파,양파
칼국수,후루룩- 칼국수,https://semie.cooking/recipe-lab/archive/kalguksu,당근,당근
칼국수,후루룩- 칼국수,https://semie.cooking/recipe-lab/archive/kalguksu,애호박,애호박
칼국수,후루룩- 칼국수,https://semie.cooking/recipe-lab/archive/kalguksu,연두순,순
칼국수,"비 오는 바다 앞, 장칼국수",https://semie.cooking/recipe-lab/archive/jang-kalguksu,칼국수면,칼국수면
칼국수,"비 오는 바다 앞, 장칼국수",https://semie.cooking/recipe-lab/archive/jang-kalguksu,감자,감자
칼국수,"비 오는 바다 앞, 장칼국수",https://semie.cooking/recipe-lab/archive/jang-kalguksu,애호박,애호박
칼국수,"비 오는 바다 앞, 장칼국수",https://semie.cooking/recipe-lab/archive/jang-kalguksu,양파,양파
칼국수,"비 오는 바다 앞, 장칼국수",https://semie.cooking/recipe-lab/archive/jang-kalguksu,식용유,식용유
칼국수,"비 오는 바다 앞, 장칼국수",https://semie.cooking/recipe-lab/archive/jang-kalguksu,물,물
칼국수,"비 오는 바다 앞, 장칼국수",https://semie.cooking/recipe-lab/archive/jang-kalguksu,돼지고기 다짐육,돼지고기
칼국수,"비 오는 바다 앞, 장칼국수",https://semie.cooking/recipe-lab/archive/jang-kalguksu,대파(흰 부분,대파
칼국수,"비 오는 바다 앞, 장칼국수",https://semie.cooking/recipe-lab/archive/jang-kalguksu,달걀,계란
칼국수,"비 오는 바다 앞, 장칼국수",https://semie.cooking/recipe-lab/archive/jang-kalguksu,조선고추장,고추장
칼국수,"비 오는 바다 앞, 장칼국수",https://semie.cooking/recipe-lab/archive/jang-kalguksu,연두순,순
칼국수,"비 오는 바다 앞, 장칼국수",https://semie.cooking/recipe-lab/archive/jang-kalguksu,김가루,김
칼국수,"비 오는 바다 앞, 장칼국수",https://semie.cooking/recipe-lab/archive/jang-kalguksu,깨,깨
칼국수,난생 처음 끓여본 칼국수! 의외로 간단하네요?,https://semie.cooking/cooking/id/7835,칼국수 면,칼국수면
칼국수,난생 처음 끓여본 칼국수! 의외로 간단하네요?,https://semie.cooking/cooking/id/7835,양파,양파
칼국수,난생 처음 끓여본 칼국수! 의외로 간단하네요?,https://semie.cooking/cooking/id/7835,애호박,애호박
칼국수,난생 처음 끓여본 칼국수! 의외로 간단하네요?,https://semie.cooking/cooking/id/7835,당근,당근
칼국수,난생 처음 끓여본 칼국수! 의외로 간단하네요?,https://semie.cooking/cooking/id/7835,"대파, 청양고추 - 양념용",대파
칼국수,난생 처음 끓여본 칼국수! 의외로 간단하네요?,https://semie.cooking/cooking/id/7835,연두링 멸치디포리,멸치
칼국수,난생 처음 끓여본 칼국수! 의외로 간단하네요?,https://semie.cooking/cooking/id/7835,"양조간장, 참기름, 깨, 고춧가루",고춧가루
칼국수,등촌칼국수 맛 얼큰 배추찜!!,https://semie.cooking/cooking/id/5026,알배기배추,배추
칼국수,등촌칼국수 맛 얼큰 배추찜!!,https://semie.cooking/cooking/id/5026,훈제오리,훈제오리
칼국수,등촌칼국수 맛 얼큰 배추찜!!,https://semie.cooking/cooking/id/5026,팽이버섯,팽이버섯
칼국수,등촌칼국수 맛 얼큰 배추찜!!,https://semie.cooking/cooking/id/5026,새송이버섯,새송이버섯
칼국수,등촌칼국수 맛 얼큰 배추찜!!,https://semie.cooking/cooking/id/5026,숙주나물 마음껏,숙주
칼국수,등촌칼국수 맛 얼큰 배추찜!!,https://semie.cooking/cooking/id/5026,고추장,고추장
칼국수,등촌칼국수 맛 얼큰 배추찜!!,https://semie.cooking/cooking/id/5026,토장(된장,된장
칼국수,등촌칼국수 맛 얼큰 배추찜!!,https://semie.cooking/cooking/id/5026,고춧가루,고춧가루
칼국수,등촌칼국수 맛 얼큰 배추찜!!,https://semie.cooking/cooking/id/5026,다진마늘,마늘
칼국수,등촌칼국수 맛 얼큰 배추찜!!,https://semie.cooking/cooking/id/5026,진간장,간장
칼국수,등촌칼국수 맛 얼큰 배추찜!!,https://semie.cooking/cooking/id/5026,연두 청양초,청양초
칼국수,등촌칼국수 맛 얼큰 배추찜!!,https://semie.cooking/cooking/id/5026,치킨스톡,치킨스톡
칼국수,등촌칼국수 맛 얼큰 배추찜!!,https://semie.cooking/cooking/id/5026,알룰로스,알룰로스
잔치국수,포장마차맛 잔치국수,https://semie.cooking/recipe-lab/archive/banquet-noodles,소면,소면
잔치국수,포장마차맛 잔치국수,https://semie.cooking/recipe-lab/archive/banquet-noodles,양파,양파
잔치국수,포장마차맛 잔치국수,https://semie.cooking/recipe-lab/archive/banquet-noodles,당근,당근
잔치국수,포장마차맛 잔치국수,https://semie.cooking/recipe-lab/archive/banquet-noodles,애호박,애호박
잔치국수,포장마차맛 잔치국수,https://semie.cooking/recipe-lab/archive/banquet-noodles,연두순,순
잔치국수,포장마차맛 잔치국수,https://semie.cooking/recipe-lab/archive/banquet-noodles,물,물
잔치국수,포장마차맛 잔치국수,https://semie.cooking/recipe-lab/archive/banquet-noodles,연두링 (멸치디포리,멸치
김밥,재료듬뿍 삼각김밥,https://semie.cooking/recipe-lab/archive/onigiri-with-plenty-of-ingredients,김밥용김,김
김밥,재료듬뿍 삼각김밥,https://semie.cooking/recipe-lab/archive/onigiri-with-plenty-of-ingredients,밥,밥
김밥,재료듬뿍 삼각김밥,https://semie.cooking/recipe-lab/archive/onigiri-with-plenty-of-ingredients,연두순,순
김밥,재료듬뿍 삼각김밥,https://semie.cooking/recipe-lab/archive/onigiri-with-plenty-of-ingredients,참기름,참기름
김밥,재료듬뿍 삼각김밥,https://semie.cooking/recipe-lab/archive/onigiri-with-plenty-of-ingredients,깨,깨
김밥,재료듬뿍 삼각김밥,https://semie.cooking/recipe-lab/archive/onigiri-with-plenty-of-ingredients,깻잎,깻잎
김밥,재료듬뿍 삼각김밥,https://semie.cooking/recipe-lab/archive/onigiri-with-plenty-of-ingredients,체다 슬라이스 치즈,치즈
김밥,재료듬뿍 삼각김밥,https://semie.cooking/recipe-lab/archive/onigiri-with-plenty-of-ingredients,슬라이스 햄,햄
김밥,재료듬뿍 삼각김밥,https://semie.cooking/recipe-lab/archive/onigiri-with-plenty-of-ingredients,볶음김치 혹은 김치,배추김치
김밥,재료듬뿍 삼각김밥,https://semie.cooking/recipe-lab/archive/onigiri-with-plenty-of-ingredients,달걀,계란
김밥,재료듬뿍 삼각김밥,https://semie.cooking/recipe-lab/archive/onigiri-with-plenty-of-ingredients,식용유,식용유
김밥,진미채 꼬마김밥,https://semie.cooking/recipe-lab/archive/jinmichae-baby-gimbab,진미채볶음,진미채볶음
김밥,진미채 꼬마김밥,https://semie.cooking/recipe-lab/archive/jinmichae-baby-gimbab,밥,밥
김밥,진미채 꼬마김밥,https://semie.cooking/recipe-lab/archive/jinmichae-baby-gimbab,김밥용김,김
김밥,진미채 꼬마김밥,https://semie.cooking/recipe-lab/archive/jinmichae-baby-gimbab,다진 마늘,마늘
김밥,진미채 꼬마김밥,https://semie.cooking/recipe-lab/archive/jinmichae-baby-gimbab,식용유,식용유
김밥,진미채 꼬마김밥,https://semie.cooking/recipe-lab/archive/jinmichae-baby-gimbab,연두순,순
김밥,진미채 꼬마김밥,https://semie.cooking/recipe-lab/archive/jinmichae-baby-gimbab,참기름,참기름
김밥,진미채 꼬마김밥,https://semie.cooking/recipe-lab/archive/jinmichae-baby-gimbab,깨 약간,깨
김밥,"프레쉬함 가득, 묵사발 김밥",https://semie.cooking/recipe-lab/archive/muksabal-gimbap,김밥용김,김
김밥,"프레쉬함 가득, 묵사발 김밥",https://semie.cooking/recipe-lab/archive/muksabal-gimbap,묵,묵
김밥,"프레쉬함 가득, 묵사발 김밥",https://semie.cooking/recipe-lab/archive/muksabal-gimbap,오이,오이
김밥,"프레쉬함 가득, 묵사발 김밥",https://semie.cooking/recipe-lab/archive/muksabal-gimbap,김치,배추김치
김밥,"프레쉬함 가득, 묵사발 김밥",https://semie.cooking/recipe-lab/archive/muksabal-gimbap,달걀 지단,계란
김밥,"프레쉬함 가득, 묵사발 김밥",https://semie.cooking/recipe-lab/archive/muksabal-gimbap,깻잎,깻잎
김밥,"프레쉬함 가득, 묵사발 김밥",https://semie.cooking/recipe-lab/archive/muksabal-gimbap,참기름 약간,참기름
김밥,"프레쉬함 가득, 묵사발 김밥",https://semie.cooking/recipe-lab/archive/muksabal-gimbap,연두순,순
김밥,"프레쉬함 가득, 묵사발 김밥",https://semie.cooking/recipe-lab/archive/muksabal-gimbap,참기름,참기름
김밥,"프레쉬함 가득, 묵사발 김밥",https://semie.cooking/recipe-lab/archive/muksabal-gimbap,깨 약간,깨
김밥,"프레쉬함 가득, 묵사발 김밥",https://semie.cooking/recipe-lab/archive/muksabal-gimbap,연두순,순
김밥,"프레쉬함 가득, 묵사발 김밥",https://semie.cooking/recipe-lab/archive/muksabal-gimbap,참기름,참기름
김밥,"프레쉬함 가득, 묵사발 김밥",https://semie.cooking/recipe-lab/archive/muksabal-gimbap,설탕,설탕
김밥,고소새콤 김치김밥,https://semie.cooking/recipe-lab/archive/kimchi-gimbap,김밥용김,김
김밥,고소새콤 김치김밥,https://semie.cooking/recipe-lab/archive/kimchi-gimbap,밥,밥
김밥,고소새콤 김치김밥,https://semie.cooking/recipe-lab/archive/kimchi-gimbap,김치,배추김치
김밥,고소새콤 김치김밥,https://semie.cooking/recipe-lab/archive/kimchi-gimbap,연두순,순
김밥,고소새콤 김치김밥,https://semie.cooking/recipe-lab/archive/kimchi-gimbap,설탕,설탕
김밥,고소새콤 김치김밥,https://semie.cooking/recipe-lab/archive/kimchi-gimbap,참기름,참기름
김밥,고소새콤 김치김밥,https://semie.cooking/recipe-lab/archive/kimchi-gimbap,깨,깨
김밥,고소새콤 김치김밥,https://semie.cooking/recipe-lab/archive/kimchi-gimbap,참기름,참기름
김밥,고소새콤 김치김밥,https://semie.cooking/recipe-lab/archive/kimchi-gimbap,소금 약간,소금
김밥,계란말이김밥,https://semie.cooking/recipe-lab/archive/gyeranmari-gimbap,김밥용김,김
김밥,계란말이김밥,https://semie.cooking/recipe-lab/archive/gyeranmari-gimbap,밥,밥
김밥,계란말이김밥,https://semie.cooking/recipe-lab/archive/gyeranmari-gimbap,달걀,계란
김밥,계란말이김밥,https://semie.cooking/recipe-lab/archive/gyeranmari-gimbap,식용유,식용유
김밥,계란말이김밥,https://semie.cooking/recipe-lab/archive/gyeranmari-gimbap,양파,양파
김밥,계란말이김밥,https://semie.cooking/recipe-lab/archive/gyeranmari-gimbap,당근,당근
김밥,계란말이김밥,https://semie.cooking/recipe-lab/archive/gyeranmari-gimbap,부추,부추
김밥,계란말이김밥,https://semie.cooking/recipe-lab/archive/gyeranmari-gimbap,연두순,순
김밥,계란말이김밥,https://semie.cooking/recipe-lab/archive/gyeranmari-gimbap,설탕,설탕
김밥,계란말이김밥,https://semie.cooking/recipe-lab/archive/gyeranmari-gimbap,참기름,참기름
김밥,계란말이김밥,https://semie.cooking/recipe-lab/archive/gyeranmari-gimbap,소금,소금
김밥,매콤어묵김밥,https://semie.cooking/recipe-lab/archive/spicy-eomukbokkeum-gimbap,김밥용김,김
김밥,매콤어묵김밥,https://semie.cooking/recipe-lab/archive/spicy-eomukbokkeum-gimbap,밥,밥
김밥,매콤어묵김밥,https://semie.cooking/recipe-lab/archive/spicy-eomukbokkeum-gimbap,사각어묵,어묵
김밥,매콤어묵김밥,https://semie.cooking/recipe-lab/archive/spicy-eomukbokkeum-gimbap,양파,양파
김밥,매콤어묵김밥,https://semie.cooking/recipe-lab/archive/spicy-eomukbokkeum-gimbap,식용유,식용유
김밥,매콤어묵김밥,https://semie.cooking/recipe-lab/archive/spicy-eomukbokkeum-gimbap,아삭이고추,고추
김밥,매콤어묵김밥,https://semie.cooking/recipe-lab/archive/spicy-eomukbokkeum-gimbap,새미네부엌 쇠고기야채잡채소스,소고기
김밥,매콤어묵김밥,https://semie.cooking/recipe-lab/archive/spicy-eomukbokkeum-gimbap,연두청양초,청양초
김밥,매콤어묵김밥,https://semie.cooking/recipe-lab/archive/spicy-eomukbokkeum-gimbap,고춧가루,고춧가루
김밥,매콤어묵김밥,https://semie.cooking/recipe-lab/archive/spicy-eomukbokkeum-gimbap,깨,깨
김밥,매콤어묵김밥,https://semie.cooking/recipe-lab/archive/spicy-eomukbokkeum-gimbap,참기름,참기름
김밥,매콤어묵김밥,https://semie.cooking/recipe-lab/archive/spicy-eomukbokkeum-gimbap,참기름,참기름
김밥,매콤어묵김밥,https://semie.cooking/recipe-lab/archive/spicy-eomukbokkeum-gimbap,소금 약간,소금
김밥,김밥의 정석,https://semie.cooking/recipe-lab/archive/basic-of-gimbap,김밥용김,김
김밥,김밥의 정석,https://semie.cooking/recipe-lab/archive/basic-of-gimbap,밥,밥
김밥,김밥의 정석,https://semie.cooking/recipe-lab/archive/basic-of-gimbap,당근,당근
김밥,김밥의 정석,https://semie.cooking/recipe-lab/archive/basic-of-gimbap,김밥용 햄,햄
김밥,김밥의 정석,https://semie.cooking/recipe-lab/archive/basic-of-gimbap,김밥용 맛살,김
김밥,김밥의 정석,https://semie.cooking/recipe-lab/archive/basic-of-gimbap,오이,오이
김밥,김밥의 정석,https://semie.cooking/recipe-lab/archive/basic-of-gimbap,김밥용 단무지,단무지
김밥,김밥의 정석,https://semie.cooking/recipe-lab/archive/basic-of-gimbap,시금치,시금치
김밥,김밥의 정석,https://semie.cooking/recipe-lab/archive/basic-of-gimbap,식용유,식용유
김밥,김밥의 정석,https://semie.cooking/recipe-lab/archive/basic-of-gimbap,연두순,순
김밥,김밥의 정석,https://semie.cooking/recipe-lab/archive/basic-of-gimbap,참기름,참기름
김밥,김밥의 정석,https://semie.cooking/recipe-lab/archive/basic-of-gimbap,소금 약간,소금
김밥,김밥의 정석,https://semie.cooking/recipe-lab/archive/basic-of-gimbap,달걀,계란
김밥,김밥의 정석,https://semie.cooking/recipe-lab/archive/basic-of-gimbap,연두순,순
김밥,김밥의 정석,https://semie.cooking/recipe-lab/archive/basic-of-gimbap,식용유,식용유
김밥,김밥의 정석,https://semie.cooking/recipe-lab/archive/basic-of-gimbap,참기름,참기름
김밥,김밥의 정석,https://semie.cooking/recipe-lab/archive/basic-of-gimbap,소금 약간,소금
김밥,"맥시멀리스트 김밥, 후토마끼",https://semie.cooking/recipe-lab/archive/maximalist-gimbap,김밥용김,김
김밥,"맥시멀리스트 김밥, 후토마끼",https://semie.cooking/recipe-lab/archive/maximalist-gimbap,밥,밥
김밥,"맥시멀리스트 김밥, 후토마끼",https://semie.cooking/recipe-lab/archive/maximalist-gimbap,생연어,생연어
김밥,"맥시멀리스트 김밥, 후토마끼",https://semie.cooking/recipe-lab/archive/maximalist-gimbap,날치알,날치알
김밥,"맥시멀리스트 김밥, 후토마끼",https://semie.cooking/recipe-lab/archive/maximalist-gimbap,우엉조림,우엉조림
김밥,"맥시멀리스트 김밥, 후토마끼",https://semie.cooking/recipe-lab/archive/maximalist-gimbap,오이,오이
김밥,"맥시멀리스트 김밥, 후토마끼",https://semie.cooking/recipe-lab/archive/maximalist-gimbap,꼬들단무지,단무지
김밥,"맥시멀리스트 김밥, 후토마끼",https://semie.cooking/recipe-lab/archive/maximalist-gimbap,초생강,생강
김밥,"맥시멀리스트 김밥, 후토마끼",https://semie.cooking/recipe-lab/archive/maximalist-gimbap,시소잎,시소잎
김밥,"맥시멀리스트 김밥, 후토마끼",https://semie.cooking/recipe-lab/archive/maximalist-gimbap,새우튀김,새우
김밥,"맥시멀리스트 김밥, 후토마끼",https://semie.cooking/recipe-lab/archive/maximalist-gimbap,식용유,식용유
김밥,"맥시멀리스트 김밥, 후토마끼",https://semie.cooking/recipe-lab/archive/maximalist-gimbap,생와사비,생와사비
김밥,"맥시멀리스트 김밥, 후토마끼",https://semie.cooking/recipe-lab/archive/maximalist-gimbap,참기름,참기름
김밥,"맥시멀리스트 김밥, 후토마끼",https://semie.cooking/recipe-lab/archive/maximalist-gimbap,소금,소금
김밥,"맥시멀리스트 김밥, 후토마끼",https://semie.cooking/recipe-lab/archive/maximalist-gimbap,달걀,계란
김밥,"맥시멀리스트 김밥, 후토마끼",https://semie.cooking/recipe-lab/archive/maximalist-gimbap,연두순,순
김밥,"맥시멀리스트 김밥, 후토마끼",https://semie.cooking/recipe-lab/archive/maximalist-gimbap,식용유,식용유
김밥,해산물 풍미 가득 냉이김밥,https://semie.cooking/recipe-lab/archive/naengi-gimbap,밥,밥
김밥,해산물 풍미 가득 냉이김밥,https://semie.cooking/recipe-lab/archive/naengi-gimbap,냉이,냉이
김밥,해산물 풍미 가득 냉이김밥,https://semie.cooking/recipe-lab/archive/naengi-gimbap,김밥용김,김
김밥,해산물 풍미 가득 냉이김밥,https://semie.cooking/recipe-lab/archive/naengi-gimbap,식용유,식용유
김밥,해산물 풍미 가득 냉이김밥,https://semie.cooking/recipe-lab/archive/naengi-gimbap,연두순,순
김밥,해산물 풍미 가득 냉이김밥,https://semie.cooking/recipe-lab/archive/naengi-gimbap,깨,깨
김밥,해산물 풍미 가득 냉이김밥,https://semie.cooking/recipe-lab/archive/naengi-gimbap,참기름,참기름
김밥,해산물 풍미 가득 냉이김밥,https://semie.cooking/recipe-lab/archive/naengi-gimbap,연두순,순
김밥,해산물 풍미 가득 냉이김밥,https://semie.cooking/recipe-lab/archive/naengi-gimbap,깨,깨
김밥,해산물 풍미 가득 냉이김밥,https://semie.cooking/recipe-lab/archive/naengi-gimbap,참기름,참기름
김밥,바삭바삭 미역튀각김밥,https://semie.cooking/recipe-lab/archive/fried-miyeok-gimbab,자른미역,자른미역
김밥,바삭바삭 미역튀각김밥,https://semie.cooking/recipe-lab/archive/fried-miyeok-gimbab,박력분,밀가루
김밥,바삭바삭 미역튀각김밥,https://semie.cooking/recipe-lab/archive/fried-miyeok-gimbab,김밥용 김,김
김밥,바삭바삭 미역튀각김밥,https://semie.cooking/recipe-lab/archive/fried-miyeok-gimbab,밥,밥
김밥,바삭바삭 미역튀각김밥,https://semie.cooking/recipe-lab/archive/fried-miyeok-gimbab,당근,당근
김밥,바삭바삭 미역튀각김밥,https://semie.cooking/recipe-lab/archive/fried-miyeok-gimbab,오이,오이
김밥,바삭바삭 미역튀각김밥,https://semie.cooking/recipe-lab/archive/fried-miyeok-gimbab,조미유부,조미유부
김밥,바삭바삭 미역튀각김밥,https://semie.cooking/recipe-lab/archive/fried-miyeok-gimbab,식용유,식용유
김밥,바삭바삭 미역튀각김밥,https://semie.cooking/recipe-lab/archive/fried-miyeok-gimbab,연두순,순
김밥,바삭바삭 미역튀각김밥,https://semie.cooking/recipe-lab/archive/fried-miyeok-gimbab,참기름,참기름
김밥,바삭바삭 미역튀각김밥,https://semie.cooking/recipe-lab/archive/fried-miyeok-gimbab,물,물
김밥,바삭바삭 미역튀각김밥,https://semie.cooking/recipe-lab/archive/fried-miyeok-gimbab,소금,소금
김밥,바삭바삭 미역튀각김밥,https://semie.cooking/recipe-lab/archive/fried-miyeok-gimbab,식용유,식용유
김밥,밥보다 가볍게 메밀김밥,https://semie.cooking/recipe-lab/archive/buckwheat-gimbap,메밀면,메밀면
김밥,밥보다 가볍게 메밀김밥,https://semie.cooking/recipe-lab/archive/buckwheat-gimbap,달걀,계란
김밥,밥보다 가볍게 메밀김밥,https://semie.cooking/recipe-lab/archive/buckwheat-gimbap,오이,오이
김밥,밥보다 가볍게 메밀김밥,https://semie.cooking/recipe-lab/archive/buckwheat-gimbap,김밥김,김
김밥,밥보다 가볍게 메밀김밥,https://semie.cooking/recipe-lab/archive/buckwheat-gimbap,식용유,식용유
김밥,밥보다 가볍게 메밀김밥,https://semie.cooking/recipe-lab/archive/buckwheat-gimbap,연두순,순
김밥,한 입 쏙- 오이김밥,https://semie.cooking/recipe-lab/archive/cucumber-kimbap,백오이,백오이
김밥,한 입 쏙- 오이김밥,https://semie.cooking/recipe-lab/archive/cucumber-kimbap,밥,밥
김밥,한 입 쏙- 오이김밥,https://semie.cooking/recipe-lab/archive/cucumber-kimbap,김밥용김,김
김밥,한 입 쏙- 오이김밥,https://semie.cooking/recipe-lab/archive/cucumber-kimbap,연두순,순
김밥,한 입 쏙- 오이김밥,https://semie.cooking/recipe-lab/archive/cucumber-kimbap,깨,깨
김밥,한 입 쏙- 오이김밥,https://semie.cooking/recipe-lab/archive/cucumber-kimbap,참기름,참기름
김밥,이건 그냥 대충 김밥! 그래도 맛난 김밥,https://semie.cooking/cooking/id/7939,밥,밥
김밥,이건 그냥 대충 김밥! 그래도 맛난 김밥,https://semie.cooking/cooking/id/7939,계란,계란
김밥,이건 그냥 대충 김밥! 그래도 맛난 김밥,https://semie.cooking/cooking/id/7939,스팸,햄
김밥,이건 그냥 대충 김밥! 그래도 맛난 김밥,https://semie.cooking/cooking/id/7939,단무지,단무지
김밥,이건 그냥 대충 김밥! 그래도 맛난 김밥,https://semie.cooking/cooking/id/7939,시금치,시금치
김밥,이건 그냥 대충 김밥! 그래도 맛난 김밥,https://semie.cooking/cooking/id/7939,깨,깨
김밥,이건 그냥 대충 김밥! 그래도 맛난 김밥,https://semie.cooking/cooking/id/7939,참기름,참기름
김밥,[새미즈 4기] 감격스토리.. 계란말이 성공!!!! 오늘또 김밥[계란말이김밥],https://semie.cooking/cooking/id/7403,김밥김,김
김밥,[새미즈 4기] 감격스토리.. 계란말이 성공!!!! 오늘또 김밥[계란말이김밥],https://semie.cooking/cooking/id/7403,밥,밥
김밥,[새미즈 4기] 감격스토리.. 계란말이 성공!!!! 오늘또 김밥[계란말이김밥],https://semie.cooking/cooking/id/7403,계란,계란
김밥,[새미즈 4기] 감격스토리.. 계란말이 성공!!!! 오늘또 김밥[계란말이김밥],https://semie.cooking/cooking/id/7403,양파,양파
김밥,[새미즈 4기] 감격스토리.. 계란말이 성공!!!! 오늘또 김밥[계란말이김밥],https://semie.cooking/cooking/id/7403,부추 약간(양파와 동일하게,양파
김밥,[새미즈 4기] 감격스토리.. 계란말이 성공!!!! 오늘또 김밥[계란말이김밥],https://semie.cooking/cooking/id/7403,당근 짜투리..(양파와 동일하게 맞춤,양파
김밥,[새미즈 4기] 감격스토리.. 계란말이 성공!!!! 오늘또 김밥[계란말이김밥],https://semie.cooking/cooking/id/7403,김밥단무지,단무지
김밥,[새미즈 4기] 감격스토리.. 계란말이 성공!!!! 오늘또 김밥[계란말이김밥],https://semie.cooking/cooking/id/7403,햄 약간..(양파와 동일하게,양파
김밥,[새미즈 4기] 감격스토리.. 계란말이 성공!!!! 오늘또 김밥[계란말이김밥],https://semie.cooking/cooking/id/7403,연두순,순
김밥,[새미즈 4기] 미션2-1 계란말이김밥을 만들어요,https://semie.cooking/cooking/id/7392,김밥김,김
김밥,[새미즈 4기] 미션2-1 계란말이김밥을 만들어요,https://semie.cooking/cooking/id/7392,밥,밥
김밥,[새미즈 4기] 미션2-1 계란말이김밥을 만들어요,https://semie.cooking/cooking/id/7392,달걀,계란
김밥,[새미즈 4기] 미션2-1 계란말이김밥을 만들어요,https://semie.cooking/cooking/id/7392,양파,양파
김밥,[새미즈 4기] 미션2-1 계란말이김밥을 만들어요,https://semie.cooking/cooking/id/7392,당근,당근
김밥,[새미즈 4기] 미션2-1 계란말이김밥을 만들어요,https://semie.cooking/cooking/id/7392,애호박,애호박
김밥,[새미즈 4기] 미션2-1 계란말이김밥을 만들어요,https://semie.cooking/cooking/id/7392,연두순,순
김밥,[새미즈 4기] 미션2-1 계란말이김밥을 만들어요,https://semie.cooking/cooking/id/7392,설탕,설탕
김밥,[새미즈 4기] 미션2-1 계란말이김밥을 만들어요,https://semie.cooking/cooking/id/7392,참기름,참기름
김밥,[새미즈 4기] 미션2-1 계란말이김밥을 만들어요,https://semie.cooking/cooking/id/7392,소금한꼬집,소금
김치볶음밥,김치볶음밥 부리또,https://semie.cooking/recipe-lab/archive/kimchibokkeumbap-burrito,김치,배추김치
김치볶음밥,김치볶음밥 부리또,https://semie.cooking/recipe-lab/archive/kimchibokkeumbap-burrito,밥,밥
김치볶음밥,김치볶음밥 부리또,https://semie.cooking/recipe-lab/archive/kimchibokkeumbap-burrito,티아시아 골든 버터 난 또는 또띠아,버터
김치볶음밥,김치볶음밥 부리또,https://semie.cooking/recipe-lab/archive/kimchibokkeumbap-burrito,모짜렐라 치즈,치즈
김치볶음밥,김치볶음밥 부리또,https://semie.cooking/recipe-lab/archive/kimchibokkeumbap-burrito,식용유,식용유
김치볶음밥,김치볶음밥 부리또,https://semie.cooking/recipe-lab/archive/kimchibokkeumbap-burrito,베이컨,베이컨
김치볶음밥,김치볶음밥 부리또,https://semie.cooking/recipe-lab/archive/kimchibokkeumbap-burrito,연두진,진
김치볶음밥,김치볶음밥 부리또,https://semie.cooking/recipe-lab/archive/kimchibokkeumbap-burrito,설탕,설탕
김치볶음밥,국민 음식 김치볶음밥,https://semie.cooking/recipe-lab/archive/kimchi-friedrice,김치,배추김치
김치볶음밥,국민 음식 김치볶음밥,https://semie.cooking/recipe-lab/archive/kimchi-friedrice,밥,밥
김치볶음밥,국민 음식 김치볶음밥,https://semie.cooking/recipe-lab/archive/kimchi-friedrice,마가린,마가린
김치볶음밥,국민 음식 김치볶음밥,https://semie.cooking/recipe-lab/archive/kimchi-friedrice,연두순,순
김치볶음밥,국민 음식 김치볶음밥,https://semie.cooking/recipe-lab/archive/kimchi-friedrice,달걀,계란
김치볶음밥,국민 음식 김치볶음밥,https://semie.cooking/recipe-lab/archive/kimchi-friedrice,식용유,식용유
김치볶음밥,[새미즈] 새미네부엌 레시피 보고 맛있는 국민 음식 김치 볶음밥 만들기~,https://semie.cooking/cooking/id/4916,밥 한 공기,밥한공기
김치볶음밥,[새미즈] 새미네부엌 레시피 보고 맛있는 국민 음식 김치 볶음밥 만들기~,https://semie.cooking/cooking/id/4916,잘게 썬 김치 (밥과,배추김치
김치볶음밥,[새미즈] 새미네부엌 레시피 보고 맛있는 국민 음식 김치 볶음밥 만들기~,https://semie.cooking/cooking/id/4916,고기 (좋아하는 부위로!,고기(좋아하는부위로!
김치볶음밥,[새미즈] 새미네부엌 레시피 보고 맛있는 국민 음식 김치 볶음밥 만들기~,https://semie.cooking/cooking/id/4916,버터 or 마가린,버터
김치볶음밥,[새미즈] 새미네부엌 레시피 보고 맛있는 국민 음식 김치 볶음밥 만들기~,https://semie.cooking/cooking/id/4916,연두순 (필수!!,순(필수!!
김치볶음밥,[새미즈] 새미네부엌 레시피 보고 맛있는 국민 음식 김치 볶음밥 만들기~,https://semie.cooking/cooking/id/4916,쪽파 두 개,쪽파
김치볶음밥,[새미즈] 새미네부엌 레시피 보고 맛있는 국민 음식 김치 볶음밥 만들기~,https://semie.cooking/cooking/id/4916,연두순,순
김치볶음밥,자취요리 / 차돌 김치 볶음밥 만들기,https://semie.cooking/cooking/id/4613,차돌 약간,돼지고기
김치볶음밥,자취요리 / 차돌 김치 볶음밥 만들기,https://semie.cooking/cooking/id/4613,신김치 한 컵,배추김치
김치볶음밥,자취요리 / 차돌 김치 볶음밥 만들기,https://semie.cooking/cooking/id/4613,양파,양파
김치볶음밥,자취요리 / 차돌 김치 볶음밥 만들기,https://semie.cooking/cooking/id/4613,햇판,햇판
김치볶음밥,자취요리 / 차돌 김치 볶음밥 만들기,https://semie.cooking/cooking/id/4613,간장 조금,간장
김치볶음밥,자취요리 / 차돌 김치 볶음밥 만들기,https://semie.cooking/cooking/id/4613,설탕 조금,설탕
김치볶음밥,자취요리 / 차돌 김치 볶음밥 만들기,https://semie.cooking/cooking/id/4613,참기름,참기름
김치볶음밥,자취요리 / 차돌 김치 볶음밥 만들기,https://semie.cooking/cooking/id/4613,후추,후춧가루
비빔밥,전자레인지 애호박새송이비빔밥,https://semie.cooking/recipe-lab/archive/microwaved-bibimbap-with-zucchini-and-mushrooms,밥,밥
비빔밥,전자레인지 애호박새송이비빔밥,https://semie.cooking/recipe-lab/archive/microwaved-bibimbap-with-zucchini-and-mushrooms,애호박,애호박
비빔밥,전자레인지 애호박새송이비빔밥,https://semie.cooking/recipe-lab/archive/microwaved-bibimbap-with-zucchini-and-mushrooms,새송이버섯,새송이버섯
비빔밥,전자레인지 애호박새송이비빔밥,https://semie.cooking/recipe-lab/archive/microwaved-bibimbap-with-zucchini-and-mushrooms,김가루,김
비빔밥,전자레인지 애호박새송이비빔밥,https://semie.cooking/recipe-lab/archive/microwaved-bibimbap-with-zucchini-and-mushrooms,쪽파,쪽파
비빔밥,전자레인지 애호박새송이비빔밥,https://semie.cooking/recipe-lab/archive/microwaved-bibimbap-with-zucchini-and-mushrooms,연두순,순
비빔밥,전자레인지 애호박새송이비빔밥,https://semie.cooking/recipe-lab/archive/microwaved-bibimbap-with-zucchini-and-mushrooms,새미네부엌 진간장,간장
비빔밥,전자레인지 애호박새송이비빔밥,https://semie.cooking/recipe-lab/archive/microwaved-bibimbap-with-zucchini-and-mushrooms,참기름,참기름
비빔밥,전자레인지 애호박새송이비빔밥,https://semie.cooking/recipe-lab/archive/microwaved-bibimbap-with-zucchini-and-mushrooms,깨,깨
비빔밥,건강 품은 찜채소비빔밥,https://semie.cooking/recipe-lab/archive/steamed-vegetable-bibimbap,밥,밥
비빔밥,건강 품은 찜채소비빔밥,https://semie.cooking/recipe-lab/archive/steamed-vegetable-bibimbap,콩나물,콩나물
비빔밥,건강 품은 찜채소비빔밥,https://semie.cooking/recipe-lab/archive/steamed-vegetable-bibimbap,당근,당근
비빔밥,건강 품은 찜채소비빔밥,https://semie.cooking/recipe-lab/archive/steamed-vegetable-bibimbap,느타리버섯,느타리버섯
비빔밥,건강 품은 찜채소비빔밥,https://semie.cooking/recipe-lab/archive/steamed-vegetable-bibimbap,애호박,애호박
비빔밥,건강 품은 찜채소비빔밥,https://semie.cooking/recipe-lab/archive/steamed-vegetable-bibimbap,양파,양파
비빔밥,건강 품은 찜채소비빔밥,https://semie.cooking/recipe-lab/archive/steamed-vegetable-bibimbap,무,무
비빔밥,건강 품은 찜채소비빔밥,https://semie.cooking/recipe-lab/archive/steamed-vegetable-bibimbap,표고버섯,표고버섯
비빔밥,건강 품은 찜채소비빔밥,https://semie.cooking/recipe-lab/archive/steamed-vegetable-bibimbap,청상추,청상추
비빔밥,건강 품은 찜채소비빔밥,https://semie.cooking/recipe-lab/archive/steamed-vegetable-bibimbap,조선고추장,고추장
비빔밥,건강 품은 찜채소비빔밥,https://semie.cooking/recipe-lab/archive/steamed-vegetable-bibimbap,연두순,순
비빔밥,건강 품은 찜채소비빔밥,https://semie.cooking/recipe-lab/archive/steamed-vegetable-bibimbap,참기름,참기름
비빔밥,건강 품은 찜채소비빔밥,https://semie.cooking/recipe-lab/archive/steamed-vegetable-bibimbap,깨,깨
비빔밥,건강 품은 찜채소비빔밥,https://semie.cooking/recipe-lab/archive/steamed-vegetable-bibimbap,물,물
비빔밥,건강 품은 찜채소비빔밥,https://semie.cooking/recipe-lab/archive/steamed-vegetable-bibimbap,연두순,순
비빔밥,건강 품은 찜채소비빔밥,https://semie.cooking/recipe-lab/archive/steamed-vegetable-bibimbap,달걀,계란
비빔밥,건강 품은 찜채소비빔밥,https://semie.cooking/recipe-lab/archive/steamed-vegetable-bibimbap,식용유,식용유
비빔밥,조화의 미학 채소비빔밥,https://semie.cooking/recipe-lab/archive/bibimbap,밥,밥
비빔밥,조화의 미학 채소비빔밥,https://semie.cooking/recipe-lab/archive/bibimbap,콩나물,콩나물
비빔밥,조화의 미학 채소비빔밥,https://semie.cooking/recipe-lab/archive/bibimbap,시금치,시금치
비빔밥,조화의 미학 채소비빔밥,https://semie.cooking/recipe-lab/archive/bibimbap,당근,당근
비빔밥,조화의 미학 채소비빔밥,https://semie.cooking/recipe-lab/archive/bibimbap,김 약간,김
비빔밥,조화의 미학 채소비빔밥,https://semie.cooking/recipe-lab/archive/bibimbap,식용유,식용유
비빔밥,조화의 미학 채소비빔밥,https://semie.cooking/recipe-lab/archive/bibimbap,연두순,순
비빔밥,조화의 미학 채소비빔밥,https://semie.cooking/recipe-lab/archive/bibimbap,참기름,참기름
비빔밥,조화의 미학 채소비빔밥,https://semie.cooking/recipe-lab/archive/bibimbap,연두진,진
비빔밥,조화의 미학 채소비빔밥,https://semie.cooking/recipe-lab/archive/bibimbap,소고기 다짐육,소고기
비빔밥,조화의 미학 채소비빔밥,https://semie.cooking/recipe-lab/archive/bibimbap,조선고추장,고추장
비빔밥,조화의 미학 채소비빔밥,https://semie.cooking/recipe-lab/archive/bibimbap,연두순,순
비빔밥,조화의 미학 채소비빔밥,https://semie.cooking/recipe-lab/archive/bibimbap,참기름,참기름
비빔밥,조화의 미학 채소비빔밥,https://semie.cooking/recipe-lab/archive/bibimbap,설탕,설탕
비빔밥,조화의 미학 채소비빔밥,https://semie.cooking/recipe-lab/archive/bibimbap,식용유,식용유
비빔밥,쫄깃탱글 꼬막보리비빔밥,https://semie.cooking/recipe-lab/archive/kkomak-barley-bibimbap,꼬막,꼬막
비빔밥,쫄깃탱글 꼬막보리비빔밥,https://semie.cooking/recipe-lab/archive/kkomak-barley-bibimbap,보리밥,보리밥
비빔밥,쫄깃탱글 꼬막보리비빔밥,https://semie.cooking/recipe-lab/archive/kkomak-barley-bibimbap,미나리,미나리
비빔밥,쫄깃탱글 꼬막보리비빔밥,https://semie.cooking/recipe-lab/archive/kkomak-barley-bibimbap,양파,양파
비빔밥,쫄깃탱글 꼬막보리비빔밥,https://semie.cooking/recipe-lab/archive/kkomak-barley-bibimbap,홍고추,고추
비빔밥,쫄깃탱글 꼬막보리비빔밥,https://semie.cooking/recipe-lab/archive/kkomak-barley-bibimbap,청고추,청양고추
비빔밥,쫄깃탱글 꼬막보리비빔밥,https://semie.cooking/recipe-lab/archive/kkomak-barley-bibimbap,연두순,순
비빔밥,쫄깃탱글 꼬막보리비빔밥,https://semie.cooking/recipe-lab/archive/kkomak-barley-bibimbap,깨,깨
비빔밥,쫄깃탱글 꼬막보리비빔밥,https://semie.cooking/recipe-lab/archive/kkomak-barley-bibimbap,참기름,참기름
비빔밥,쫄깃탱글 꼬막보리비빔밥,https://semie.cooking/recipe-lab/archive/kkomak-barley-bibimbap,고춧가루,고춧가루
비빔밥,쫄깃탱글 꼬막보리비빔밥,https://semie.cooking/recipe-lab/archive/kkomak-barley-bibimbap,꼬막 손질 용) 굵은 소금,소금
비빔밥,쫄깃탱글 꼬막보리비빔밥,https://semie.cooking/recipe-lab/archive/kkomak-barley-bibimbap,꼬막 삶는 용)정수물,꼬막삶는용)정수물
비빔밥,쫄깃탱글 꼬막보리비빔밥,https://semie.cooking/recipe-lab/archive/kkomak-barley-bibimbap,꼬막 삶는 용)소금,소금
비빔밥,쫄깃탱글 꼬막보리비빔밥,https://semie.cooking/recipe-lab/archive/kkomak-barley-bibimbap,참기름,참기름
비빔밥,쫄깃탱글 꼬막보리비빔밥,https://semie.cooking/recipe-lab/archive/kkomak-barley-bibimbap,깨,깨
비빔밥,한 그릇 뚝딱 부추명란비빔밥,https://semie.cooking/recipe-lab/archive/buchu-myeongnan-bibimbap,부추,부추
비빔밥,한 그릇 뚝딱 부추명란비빔밥,https://semie.cooking/recipe-lab/archive/buchu-myeongnan-bibimbap,밥,밥
비빔밥,한 그릇 뚝딱 부추명란비빔밥,https://semie.cooking/recipe-lab/archive/buchu-myeongnan-bibimbap,명란,명란
비빔밥,한 그릇 뚝딱 부추명란비빔밥,https://semie.cooking/recipe-lab/archive/buchu-myeongnan-bibimbap,김가루,김
비빔밥,한 그릇 뚝딱 부추명란비빔밥,https://semie.cooking/recipe-lab/archive/buchu-myeongnan-bibimbap,달걀노른자,계란
비빔밥,한 그릇 뚝딱 부추명란비빔밥,https://semie.cooking/recipe-lab/archive/buchu-myeongnan-bibimbap,청양고추,청양고추
비빔밥,한 그릇 뚝딱 부추명란비빔밥,https://semie.cooking/recipe-lab/archive/buchu-myeongnan-bibimbap,마늘,마늘
비빔밥,한 그릇 뚝딱 부추명란비빔밥,https://semie.cooking/recipe-lab/archive/buchu-myeongnan-bibimbap,연두순,순
비빔밥,한 그릇 뚝딱 부추명란비빔밥,https://semie.cooking/recipe-lab/archive/buchu-myeongnan-bibimbap,참기름,참기름
비빔밥,한 그릇 뚝딱 부추명란비빔밥,https://semie.cooking/recipe-lab/archive/buchu-myeongnan-bibimbap,깨,깨
비빔밥,두쫀쿠 가고 봄동비빔밥이 온다길래! ㅎㅎ,https://semie.cooking/cooking/id/7932,봄동,봄동
비빔밥,두쫀쿠 가고 봄동비빔밥이 온다길래! ㅎㅎ,https://semie.cooking/cooking/id/7932,새미네부엌겉절이양념,새미네부엌겉절이양념
비빔밥,냉장고 속 장조림으로 한그릇 요리 뚝딱! 장조림버터비빔밥 만들기 💛,https://semie.cooking/cooking/id/7852,밥 & 장조림,밥&장조림
비빔밥,냉장고 속 장조림으로 한그릇 요리 뚝딱! 장조림버터비빔밥 만들기 💛,https://semie.cooking/cooking/id/7852,계란,계란
비빔밥,냉장고 속 장조림으로 한그릇 요리 뚝딱! 장조림버터비빔밥 만들기 💛,https://semie.cooking/cooking/id/7852,버터 약간,버터
비빔밥,냉장고 속 장조림으로 한그릇 요리 뚝딱! 장조림버터비빔밥 만들기 💛,https://semie.cooking/cooking/id/7852,"파, 통깨",통깨
비빔밥,냉장고 속 장조림으로 한그릇 요리 뚝딱! 장조림버터비빔밥 만들기 💛,https://semie.cooking/cooking/id/7852,"식용유(스크램블용), 계란간장(기호에 따라 추가",간장
비빔밥,채소비빔밥,https://semie.cooking/cooking/id/6936,"시금치, 당근, 새송이버섯, 열무김치",당근
비빔밥,채소비빔밥,https://semie.cooking/cooking/id/6936,밥,밥
비빔밥,채소비빔밥,https://semie.cooking/cooking/id/6936,"고추장, 참기름",고추장
비빔밥,"최강 밥도둑, [꼬막비빔밥]",https://semie.cooking/cooking/id/5332,꼬막 :,꼬막:
비빔밥,"최강 밥도둑, [꼬막비빔밥]",https://semie.cooking/cooking/id/5332,양파 : 반개,양파
비빔밥,"최강 밥도둑, [꼬막비빔밥]",https://semie.cooking/cooking/id/5332,고추 :,고추
비빔밥,"최강 밥도둑, [꼬막비빔밥]",https://semie.cooking/cooking/id/5332,다진 쪽파 또는 부추 : 반컵,쪽파
비빔밥,"최강 밥도둑, [꼬막비빔밥]",https://semie.cooking/cooking/id/5332,간장 :,간장
비빔밥,"최강 밥도둑, [꼬막비빔밥]",https://semie.cooking/cooking/id/5332,고춧가루 :,고춧가루
비빔밥,"최강 밥도둑, [꼬막비빔밥]",https://semie.cooking/cooking/id/5332,참기름 :,참기름
비빔밥,"최강 밥도둑, [꼬막비빔밥]",https://semie.cooking/cooking/id/5332,연두 :,:
비빔밥,"최강 밥도둑, [꼬막비빔밥]",https://semie.cooking/cooking/id/5332,매실청 :,매실액
비빔밥,"최강 밥도둑, [꼬막비빔밥]",https://semie.cooking/cooking/id/5332,다진마늘 :,마늘
비빔밥,"최강 밥도둑, [꼬막비빔밥]",https://semie.cooking/cooking/id/5332,깨 :,깨:
잡채,두부면 버섯 잡채,https://semie.cooking/recipe-lab/archive/tofunoodle-mushroom-japchae,두부면,두부
잡채,두부면 버섯 잡채,https://semie.cooking/recipe-lab/archive/tofunoodle-mushroom-japchae,느타리버섯,느타리버섯
잡채,두부면 버섯 잡채,https://semie.cooking/recipe-lab/archive/tofunoodle-mushroom-japchae,마늘,마늘
잡채,두부면 버섯 잡채,https://semie.cooking/recipe-lab/archive/tofunoodle-mushroom-japchae,식용유,식용유
잡채,두부면 버섯 잡채,https://semie.cooking/recipe-lab/archive/tofunoodle-mushroom-japchae,당근,당근
잡채,두부면 버섯 잡채,https://semie.cooking/recipe-lab/archive/tofunoodle-mushroom-japchae,양파,양파
잡채,두부면 버섯 잡채,https://semie.cooking/recipe-lab/archive/tofunoodle-mushroom-japchae,쪽파,쪽파
잡채,두부면 버섯 잡채,https://semie.cooking/recipe-lab/archive/tofunoodle-mushroom-japchae,새미네부엌 쇠고기야채잡채소스,소고기
잡채,두부면 버섯 잡채,https://semie.cooking/recipe-lab/archive/tofunoodle-mushroom-japchae,참기름,참기름
잡채,두부면 버섯 잡채,https://semie.cooking/recipe-lab/archive/tofunoodle-mushroom-japchae,깨,깨
잡채,잡채볶음밥,https://semie.cooking/recipe-lab/archive/japchae-fried-rice,밥,밥
잡채,잡채볶음밥,https://semie.cooking/recipe-lab/archive/japchae-fried-rice,완성된 잡채,완성된잡채
잡채,잡채볶음밥,https://semie.cooking/recipe-lab/archive/japchae-fried-rice,식용유,식용유
잡채,잡채볶음밥,https://semie.cooking/recipe-lab/archive/japchae-fried-rice,쪽파,쪽파
잡채,잡채볶음밥,https://semie.cooking/recipe-lab/archive/japchae-fried-rice,연두진,진
잡채,타이베이 스타일 고추잡채,https://semie.cooking/recipe-lab/archive/chaochai-gochu-japchae,돼지고기 등심(잡채용,돼지고기
잡채,타이베이 스타일 고추잡채,https://semie.cooking/recipe-lab/archive/chaochai-gochu-japchae,피망,피망
잡채,타이베이 스타일 고추잡채,https://semie.cooking/recipe-lab/archive/chaochai-gochu-japchae,양파,양파
잡채,타이베이 스타일 고추잡채,https://semie.cooking/recipe-lab/archive/chaochai-gochu-japchae,식용유,식용유
잡채,타이베이 스타일 고추잡채,https://semie.cooking/recipe-lab/archive/chaochai-gochu-japchae,차오차이 고추잡채소스,채소
잡채,알록달록 고추없는 고추잡채,https://semie.cooking/recipe-lab/archive/gochu-japchae,청피망,청피망
잡채,알록달록 고추없는 고추잡채,https://semie.cooking/recipe-lab/archive/gochu-japchae,홍피망,홍피망
잡채,알록달록 고추없는 고추잡채,https://semie.cooking/recipe-lab/archive/gochu-japchae,돼지고기 안심(잡채용,돼지고기
잡채,알록달록 고추없는 고추잡채,https://semie.cooking/recipe-lab/archive/gochu-japchae,식용유,식용유
잡채,알록달록 고추없는 고추잡채,https://semie.cooking/recipe-lab/archive/gochu-japchae,양파,양파
잡채,알록달록 고추없는 고추잡채,https://semie.cooking/recipe-lab/archive/gochu-japchae,새미네부엌 잡채소스,채소
잡채,알록달록 고추없는 고추잡채,https://semie.cooking/recipe-lab/archive/gochu-japchae,참기름,참기름
잡채,콩나물 잡채,https://semie.cooking/recipe-lab/archive/bean-sprout-japchae,콩나물,콩나물
잡채,콩나물 잡채,https://semie.cooking/recipe-lab/archive/bean-sprout-japchae,당면,당면
잡채,콩나물 잡채,https://semie.cooking/recipe-lab/archive/bean-sprout-japchae,쪽파,쪽파
잡채,콩나물 잡채,https://semie.cooking/recipe-lab/archive/bean-sprout-japchae,연두순,순
잡채,콩나물 잡채,https://semie.cooking/recipe-lab/archive/bean-sprout-japchae,깨,깨
잡채,콩나물 잡채,https://semie.cooking/recipe-lab/archive/bean-sprout-japchae,참기름,참기름
잡채,콩나물 잡채,https://semie.cooking/recipe-lab/archive/bean-sprout-japchae,고춧가루,고춧가루
잡채,초간단 잡채,https://semie.cooking/recipe-lab/archive/family-japchae,당면,당면
잡채,초간단 잡채,https://semie.cooking/recipe-lab/archive/family-japchae,식용유,식용유
잡채,초간단 잡채,https://semie.cooking/recipe-lab/archive/family-japchae,소고기 (불고기용,소고기
잡채,초간단 잡채,https://semie.cooking/recipe-lab/archive/family-japchae,당근,당근
잡채,초간단 잡채,https://semie.cooking/recipe-lab/archive/family-japchae,양파,양파
잡채,초간단 잡채,https://semie.cooking/recipe-lab/archive/family-japchae,느타리버섯,느타리버섯
잡채,초간단 잡채,https://semie.cooking/recipe-lab/archive/family-japchae,부추,부추
잡채,초간단 잡채,https://semie.cooking/recipe-lab/archive/family-japchae,새미네부엌 잡채소스,채소
잡채,초간단 잡채,https://semie.cooking/recipe-lab/archive/family-japchae,참기름,참기름
잡채,[새미즈 3기] MISSION 3. 집밥 요리 챌린지 (두부면 버섯 잡채),https://semie.cooking/cooking/id/6777,두부면,두부
잡채,[새미즈 3기] MISSION 3. 집밥 요리 챌린지 (두부면 버섯 잡채),https://semie.cooking/cooking/id/6777,느타리버섯,느타리버섯
잡채,[새미즈 3기] MISSION 3. 집밥 요리 챌린지 (두부면 버섯 잡채),https://semie.cooking/cooking/id/6777,홍당무,무
잡채,[새미즈 3기] MISSION 3. 집밥 요리 챌린지 (두부면 버섯 잡채),https://semie.cooking/cooking/id/6777,양파,양파
잡채,[새미즈 3기] MISSION 3. 집밥 요리 챌린지 (두부면 버섯 잡채),https://semie.cooking/cooking/id/6777,쪽파,쪽파
잡채,[새미즈 3기] MISSION 3. 집밥 요리 챌린지 (두부면 버섯 잡채),https://semie.cooking/cooking/id/6777,마늘,마늘
잡채,[새미즈 3기] MISSION 3. 집밥 요리 챌린지 (두부면 버섯 잡채),https://semie.cooking/cooking/id/6777,깨,깨
잡채,[새미즈 3기] MISSION 3. 집밥 요리 챌린지 (두부면 버섯 잡채),https://semie.cooking/cooking/id/6777,올리브유,식용유
잡채,[새미즈 3기] MISSION 3. 집밥 요리 챌린지 (두부면 버섯 잡채),https://semie.cooking/cooking/id/6777,새미네부엌 쇠고기야채잡채소스,소고기
잡채,[새미즈 3기] MISSION 3. 집밥 요리 챌린지 (두부면 버섯 잡채),https://semie.cooking/cooking/id/6777,참기름,참기름
잡채,[새미즈3기] 미션3)잡채 만들기,https://semie.cooking/cooking/id/6759,당면,당면
잡채,[새미즈3기] 미션3)잡채 만들기,https://semie.cooking/cooking/id/6759,돼지고기,돼지고기
잡채,[새미즈3기] 미션3)잡채 만들기,https://semie.cooking/cooking/id/6759,당근,당근
잡채,[새미즈3기] 미션3)잡채 만들기,https://semie.cooking/cooking/id/6759,양파,양파
잡채,[새미즈3기] 미션3)잡채 만들기,https://semie.cooking/cooking/id/6759,미나리,미나리
잡채,[새미즈3기] 미션3)잡채 만들기,https://semie.cooking/cooking/id/6759,파프리카,파프리카
잡채,[새미즈3기] 미션3)잡채 만들기,https://semie.cooking/cooking/id/6759,깨 한 꼬집,깨한꼬집
잡채,[새미즈3기] 미션3)잡채 만들기,https://semie.cooking/cooking/id/6759,새미네부엌 잡채소스,채소
잡채,[새미즈3기] 미션3)잡채 만들기,https://semie.cooking/cooking/id/6759,포도씨유,식용유
잡채,[새미즈3기] 미션3)잡채 만들기,https://semie.cooking/cooking/id/6759,참기름,참기름
잡채,[새미즈3기] 미션6. 인생 첫 잡채 만들기 도전!,https://semie.cooking/cooking/id/6740,"당근, 양파, 시금치, 버섯, 소불고깃감, 당면",양파
잡채,[새미즈3기] 미션6. 인생 첫 잡채 만들기 도전!,https://semie.cooking/cooking/id/6740,콩나물 등 좋아하는 채소,채소
잡채,[새미즈3기] 미션6. 인생 첫 잡채 만들기 도전!,https://semie.cooking/cooking/id/6740,새미네부엌 쇠고기 야채 잡채 소스,소고기
잡채,생일에 고추잡채!! 촵촵!,https://semie.cooking/cooking/id/6286,돼지고기,돼지고기
잡채,생일에 고추잡채!! 촵촵!,https://semie.cooking/cooking/id/6286,피망,피망
잡채,생일에 고추잡채!! 촵촵!,https://semie.cooking/cooking/id/6286,당근,당근
잡채,생일에 고추잡채!! 촵촵!,https://semie.cooking/cooking/id/6286,양파,양파
잡채,생일에 고추잡채!! 촵촵!,https://semie.cooking/cooking/id/6286,차오차이 고추잡채 소스,채소
잡채,꽃빵이 필요한 고추잡채,https://semie.cooking/cooking/id/6051,돼지고기 등심 잡채용,돼지고기
잡채,꽃빵이 필요한 고추잡채,https://semie.cooking/cooking/id/6051,풋고추,고추
잡채,꽃빵이 필요한 고추잡채,https://semie.cooking/cooking/id/6051,양파,양파
잡채,꽃빵이 필요한 고추잡채,https://semie.cooking/cooking/id/6051,식용유,식용유
잡채,꽃빵이 필요한 고추잡채,https://semie.cooking/cooking/id/6051,차오차이 고추잡채 소스,채소
잡채,즐요클럽 고추잡채 파스타,https://semie.cooking/cooking/id/6050,간 돼지고기,돼지고기
잡채,즐요클럽 고추잡채 파스타,https://semie.cooking/cooking/id/6050,피망,피망
잡채,즐요클럽 고추잡채 파스타,https://semie.cooking/cooking/id/6050,새송이버섯,새송이버섯
잡채,즐요클럽 고추잡채 파스타,https://semie.cooking/cooking/id/6050,파스타면,파스타면
잡채,즐요클럽 고추잡채 파스타,https://semie.cooking/cooking/id/6050,차오차이 고추잡채소스,채소
잡채,엄마랑 함께 명절 잡채 만들기,https://semie.cooking/cooking/id/5982,당면,당면
잡채,엄마랑 함께 명절 잡채 만들기,https://semie.cooking/cooking/id/5982,양파,양파
잡채,엄마랑 함께 명절 잡채 만들기,https://semie.cooking/cooking/id/5982,당근,당근
잡채,엄마랑 함께 명절 잡채 만들기,https://semie.cooking/cooking/id/5982,피망,피망
잡채,엄마랑 함께 명절 잡채 만들기,https://semie.cooking/cooking/id/5982,돼지고기,돼지고기
잡채,엄마랑 함께 명절 잡채 만들기,https://semie.cooking/cooking/id/5982,새미네부엌 잡채소스,채소
잡채,엄마랑 함께 명절 잡채 만들기,https://semie.cooking/cooking/id/5982,샘표 진간장,간장
잡채,엄마랑 함께 명절 잡채 만들기,https://semie.cooking/cooking/id/5982,포도씨유,식용유
잡채,"🍃 #즐요클럽 간단하고 맛있는 , 불지않는 돼지고기 잡채만들기(w.잡채양념장)",https://semie.cooking/cooking/id/5947,당면,당면
잡채,"🍃 #즐요클럽 간단하고 맛있는 , 불지않는 돼지고기 잡채만들기(w.잡채양념장)",https://semie.cooking/cooking/id/5947,양파,양파
잡채,"🍃 #즐요클럽 간단하고 맛있는 , 불지않는 돼지고기 잡채만들기(w.잡채양념장)",https://semie.cooking/cooking/id/5947,돼지고기,돼지고기
잡채,"🍃 #즐요클럽 간단하고 맛있는 , 불지않는 돼지고기 잡채만들기(w.잡채양념장)",https://semie.cooking/cooking/id/5947,"식용유 , 참기름 , 참깨",참기름
잡채,"🍃 #즐요클럽 간단하고 맛있는 , 불지않는 돼지고기 잡채만들기(w.잡채양념장)",https://semie.cooking/cooking/id/5947,새미네 부엌 잡채소스,채소
잡채,💕즐요클럽-한식💚잡채,https://semie.cooking/cooking/id/5945,당면,당면
잡채,💕즐요클럽-한식💚잡채,https://semie.cooking/cooking/id/5945,양파,양파
잡채,💕즐요클럽-한식💚잡채,https://semie.cooking/cooking/id/5945,당근,당근
잡채,💕즐요클럽-한식💚잡채,https://semie.cooking/cooking/id/5945,표고버섯,표고버섯
잡채,💕즐요클럽-한식💚잡채,https://semie.cooking/cooking/id/5945,부추 한줌,부추
잡채,💕즐요클럽-한식💚잡채,https://semie.cooking/cooking/id/5945,목이버섯 약간,목이버섯
잡채,💕즐요클럽-한식💚잡채,https://semie.cooking/cooking/id/5945,새미네부엌 잡채소스,채소
잡채,💕즐요클럽-한식💚잡채,https://semie.cooking/cooking/id/5945,참기름,참기름
잡채,💕즐요클럽-한식💚잡채,https://semie.cooking/cooking/id/5945,통깨,통깨
콩나물무침,아삭함 가득 콩나물 무침,https://semie.cooking/recipe-lab/archive/kongnamulmuchim,콩나물,콩나물
콩나물무침,아삭함 가득 콩나물 무침,https://semie.cooking/recipe-lab/archive/kongnamulmuchim,물,물
콩나물무침,아삭함 가득 콩나물 무침,https://semie.cooking/recipe-lab/archive/kongnamulmuchim,당근,당근
콩나물무침,아삭함 가득 콩나물 무침,https://semie.cooking/recipe-lab/archive/kongnamulmuchim,쪽파,쪽파
콩나물무침,아삭함 가득 콩나물 무침,https://semie.cooking/recipe-lab/archive/kongnamulmuchim,연두순,순
콩나물무침,아삭함 가득 콩나물 무침,https://semie.cooking/recipe-lab/archive/kongnamulmuchim,참기름,참기름
콩나물무침,아삭함 가득 콩나물 무침,https://semie.cooking/recipe-lab/archive/kongnamulmuchim,깨,깨
콩나물무침,아삭함 가득 콩나물 무침,https://semie.cooking/recipe-lab/archive/kongnamulmuchim,고춧가루,고춧가루
콩나물무침,[새미즈 4기] 냄비 없이 찜기로 콩나물 무침!,https://semie.cooking/cooking/id/7483,콩나물,콩나물
콩나물무침,[새미즈 4기] 냄비 없이 찜기로 콩나물 무침!,https://semie.cooking/cooking/id/7483,양파,양파
콩나물무침,[새미즈 4기] 냄비 없이 찜기로 콩나물 무침!,https://semie.cooking/cooking/id/7483,청양고추,청양고추
콩나물무침,[새미즈 4기] 냄비 없이 찜기로 콩나물 무침!,https://semie.cooking/cooking/id/7483,마늘,마늘
콩나물무침,[새미즈 4기] 냄비 없이 찜기로 콩나물 무침!,https://semie.cooking/cooking/id/7483,연두순,순
콩나물무침,[새미즈 4기] 냄비 없이 찜기로 콩나물 무침!,https://semie.cooking/cooking/id/7483,깨,깨
콩나물무침,[새미즈 4기] 냄비 없이 찜기로 콩나물 무침!,https://semie.cooking/cooking/id/7483,소금,소금
콩나물무침,새미즈 - 콩나물무침,https://semie.cooking/cooking/id/4960,콩나물,콩나물
콩나물무침,새미즈 - 콩나물무침,https://semie.cooking/cooking/id/4960,물,물
콩나물무침,새미즈 - 콩나물무침,https://semie.cooking/cooking/id/4960,연두순,순
콩나물무침,새미즈 - 콩나물무침,https://semie.cooking/cooking/id/4960,참기름,참기름
콩나물무침,새미즈 - 반찬만들기 1.빨간 콩나물무침,https://semie.cooking/cooking/id/4897,콩나물,콩나물
콩나물무침,새미즈 - 반찬만들기 1.빨간 콩나물무침,https://semie.cooking/cooking/id/4897,당근약간,당근
콩나물무침,새미즈 - 반찬만들기 1.빨간 콩나물무침,https://semie.cooking/cooking/id/4897,파,파
콩나물무침,새미즈 - 반찬만들기 1.빨간 콩나물무침,https://semie.cooking/cooking/id/4897,연두,연두
콩나물무침,새미즈 - 반찬만들기 1.빨간 콩나물무침,https://semie.cooking/cooking/id/4897,고춧가루,고춧가루
콩나물무침,새미즈 - 반찬만들기 1.빨간 콩나물무침,https://semie.cooking/cooking/id/4897,참기름,참기름
콩나물무침,[새미즈] 솔루션&amp;레시피 참고를 통한 콩나물 무침 만들기,https://semie.cooking/cooking/id/4826,콩나물,콩나물
콩나물무침,[새미즈] 솔루션&amp;레시피 참고를 통한 콩나물 무침 만들기,https://semie.cooking/cooking/id/4826,"당근 조금, 쪽파 조금(없으면 생략",쪽파
콩나물무침,[새미즈] 솔루션&amp;레시피 참고를 통한 콩나물 무침 만들기,https://semie.cooking/cooking/id/4826,"다진마늘, 멸치액젓, 맛소금, 설탕, 참기름, 통깨",마늘
떡볶이,짜장떡볶이,https://semie.cooking/recipe-lab/archive/jjajang-tteokbokki,떡볶이용 밀떡,떡
떡볶이,짜장떡볶이,https://semie.cooking/recipe-lab/archive/jjajang-tteokbokki,차오차이,차오차이
떡볶이,짜장떡볶이,https://semie.cooking/recipe-lab/archive/jjajang-tteokbokki,물,물
떡볶이,짜장떡볶이,https://semie.cooking/recipe-lab/archive/jjajang-tteokbokki,대파,대파
떡볶이,짜장떡볶이,https://semie.cooking/recipe-lab/archive/jjajang-tteokbokki,차돌박이,돼지고기
떡볶이,짜장떡볶이,https://semie.cooking/recipe-lab/archive/jjajang-tteokbokki,식용유,식용유
떡볶이,추억의 분식집 떡볶이,https://semie.cooking/recipe-lab/archive/tteokbokki,떡,떡
떡볶이,추억의 분식집 떡볶이,https://semie.cooking/recipe-lab/archive/tteokbokki,사각어묵,어묵
떡볶이,추억의 분식집 떡볶이,https://semie.cooking/recipe-lab/archive/tteokbokki,마늘,마늘
떡볶이,추억의 분식집 떡볶이,https://semie.cooking/recipe-lab/archive/tteokbokki,식용유,식용유
떡볶이,추억의 분식집 떡볶이,https://semie.cooking/recipe-lab/archive/tteokbokki,물,물
떡볶이,추억의 분식집 떡볶이,https://semie.cooking/recipe-lab/archive/tteokbokki,쪽파,쪽파
떡볶이,추억의 분식집 떡볶이,https://semie.cooking/recipe-lab/archive/tteokbokki,조선고추장,고추장
떡볶이,추억의 분식집 떡볶이,https://semie.cooking/recipe-lab/archive/tteokbokki,연두순,순
떡볶이,추억의 분식집 떡볶이,https://semie.cooking/recipe-lab/archive/tteokbokki,설탕,설탕
떡볶이,추억의 분식집 떡볶이,https://semie.cooking/recipe-lab/archive/tteokbokki,물엿,올리고당
떡볶이,알싸함과 고소함 달래떡볶이,https://semie.cooking/recipe-lab/archive/dallae-tteokbokki,달래,달래
떡볶이,알싸함과 고소함 달래떡볶이,https://semie.cooking/recipe-lab/archive/dallae-tteokbokki,조랭이떡,떡
떡볶이,알싸함과 고소함 달래떡볶이,https://semie.cooking/recipe-lab/archive/dallae-tteokbokki,식용유,식용유
떡볶이,알싸함과 고소함 달래떡볶이,https://semie.cooking/recipe-lab/archive/dallae-tteokbokki,연두순,순
떡볶이,"떡볶이계의 샛별, 시금치크림떡볶이",https://semie.cooking/recipe-lab/archive/spinach-cream-tteokbokki,시금치,시금치
떡볶이,"떡볶이계의 샛별, 시금치크림떡볶이",https://semie.cooking/recipe-lab/archive/spinach-cream-tteokbokki,떡볶이떡,떡
떡볶이,"떡볶이계의 샛별, 시금치크림떡볶이",https://semie.cooking/recipe-lab/archive/spinach-cream-tteokbokki,식용유,식용유
떡볶이,"떡볶이계의 샛별, 시금치크림떡볶이",https://semie.cooking/recipe-lab/archive/spinach-cream-tteokbokki,다진 마늘,마늘
떡볶이,"떡볶이계의 샛별, 시금치크림떡볶이",https://semie.cooking/recipe-lab/archive/spinach-cream-tteokbokki,베이컨,베이컨
떡볶이,"떡볶이계의 샛별, 시금치크림떡볶이",https://semie.cooking/recipe-lab/archive/spinach-cream-tteokbokki,양파,양파
떡볶이,"떡볶이계의 샛별, 시금치크림떡볶이",https://semie.cooking/recipe-lab/archive/spinach-cream-tteokbokki,양송이버섯,양송이버섯
떡볶이,"떡볶이계의 샛별, 시금치크림떡볶이",https://semie.cooking/recipe-lab/archive/spinach-cream-tteokbokki,연두순,순
떡볶이,"떡볶이계의 샛별, 시금치크림떡볶이",https://semie.cooking/recipe-lab/archive/spinach-cream-tteokbokki,후추 약간,후춧가루
떡볶이,"떡볶이계의 샛별, 시금치크림떡볶이",https://semie.cooking/recipe-lab/archive/spinach-cream-tteokbokki,우유,우유
떡볶이,"떡볶이계의 샛별, 시금치크림떡볶이",https://semie.cooking/recipe-lab/archive/spinach-cream-tteokbokki,생크림,생크림
떡볶이,새미즈 - 매콤달콤 떡볶이,https://semie.cooking/cooking/id/4979,떡볶이떡,떡
떡볶이,새미즈 - 매콤달콤 떡볶이,https://semie.cooking/cooking/id/4979,어묵,어묵
떡볶이,새미즈 - 매콤달콤 떡볶이,https://semie.cooking/cooking/id/4979,포도씨유,식용유
떡볶이,새미즈 - 매콤달콤 떡볶이,https://semie.cooking/cooking/id/4979,조선고추장,고추장
떡볶이,새미즈 - 매콤달콤 떡볶이,https://semie.cooking/cooking/id/4979,연두순,순
떡볶이,새미즈 - 매콤달콤 떡볶이,https://semie.cooking/cooking/id/4979,설탕,설탕
떡볶이,새미즈 - 매콤달콤 떡볶이,https://semie.cooking/cooking/id/4979,올리고당,올리고당
떡볶이,새미즈 - 매콤달콤 떡볶이,https://semie.cooking/cooking/id/4979,물,물
떡볶이,[새미즈]매콤 달달한 국물 떡볶이,https://semie.cooking/cooking/id/4947,떡,떡
떡볶이,[새미즈]매콤 달달한 국물 떡볶이,https://semie.cooking/cooking/id/4947,어묵,어묵
떡볶이,[새미즈]매콤 달달한 국물 떡볶이,https://semie.cooking/cooking/id/4947,마늘,마늘
떡볶이,[새미즈]매콤 달달한 국물 떡볶이,https://semie.cooking/cooking/id/4947,오일,오일
떡볶이,[새미즈]매콤 달달한 국물 떡볶이,https://semie.cooking/cooking/id/4947,대파 약간,대파
떡볶이,[새미즈]매콤 달달한 국물 떡볶이,https://semie.cooking/cooking/id/4947,고추장,고추장
떡볶이,[새미즈]매콤 달달한 국물 떡볶이,https://semie.cooking/cooking/id/4947,연두순,순
떡볶이,[새미즈]매콤 달달한 국물 떡볶이,https://semie.cooking/cooking/id/4947,알룰로스,알룰로스
떡볶이,[새미즈]매콤 달달한 국물 떡볶이,https://semie.cooking/cooking/id/4947,물,물
떡볶이,분식집 이제 안녕~꾸덕 떡볶이,https://semie.cooking/cooking/id/4873,꽃떡,떡
떡볶이,분식집 이제 안녕~꾸덕 떡볶이,https://semie.cooking/cooking/id/4873,도톰사각어묵,어묵
떡볶이,분식집 이제 안녕~꾸덕 떡볶이,https://semie.cooking/cooking/id/4873,다진마늘,마늘
떡볶이,분식집 이제 안녕~꾸덕 떡볶이,https://semie.cooking/cooking/id/4873,포도씨유,식용유
떡볶이,분식집 이제 안녕~꾸덕 떡볶이,https://semie.cooking/cooking/id/4873,대파 약간,대파
떡볶이,분식집 이제 안녕~꾸덕 떡볶이,https://semie.cooking/cooking/id/4873,조선고추장,고추장
떡볶이,분식집 이제 안녕~꾸덕 떡볶이,https://semie.cooking/cooking/id/4873,연두순,순
떡볶이,분식집 이제 안녕~꾸덕 떡볶이,https://semie.cooking/cooking/id/4873,설탕,설탕
떡볶이,분식집 이제 안녕~꾸덕 떡볶이,https://semie.cooking/cooking/id/4873,알룰로스,알룰로스
떡볶이,분식집 이제 안녕~꾸덕 떡볶이,https://semie.cooking/cooking/id/4873,물,물
떡볶이,엽떡 러버가 만들어 본 떡볶이,https://semie.cooking/cooking/id/4720,떡 취향껏 한 줌,떡
떡볶이,엽떡 러버가 만들어 본 떡볶이,https://semie.cooking/cooking/id/4720,오뎅 취향껏,어묵
떡볶이,엽떡 러버가 만들어 본 떡볶이,https://semie.cooking/cooking/id/4720,소시지 취향껏,소시지
떡볶이,엽떡 러버가 만들어 본 떡볶이,https://semie.cooking/cooking/id/4720,물,물
떡볶이,엽떡 러버가 만들어 본 떡볶이,https://semie.cooking/cooking/id/4720,청양고추,청양고추
떡볶이,엽떡 러버가 만들어 본 떡볶이,https://semie.cooking/cooking/id/4720,양배추나 대파 등 좋아하는 채소 있으면 넣으세요!,대파
떡볶이,엽떡 러버가 만들어 본 떡볶이,https://semie.cooking/cooking/id/4720,고추장,고추장
떡볶이,엽떡 러버가 만들어 본 떡볶이,https://semie.cooking/cooking/id/4720,고춧가루,고춧가루
떡볶이,엽떡 러버가 만들어 본 떡볶이,https://semie.cooking/cooking/id/4720,후추 톡톡톡톡,후춧가루
떡볶이,엽떡 러버가 만들어 본 떡볶이,https://semie.cooking/cooking/id/4720,설탕,설탕
떡볶이,엽떡 러버가 만들어 본 떡볶이,https://semie.cooking/cooking/id/4720,올리고당,올리고당
떡볶이,엽떡 러버가 만들어 본 떡볶이,https://semie.cooking/cooking/id/4720,고형카레 반토막 (원래는 카레가루,고형카레반토막(원래는카레가루
떡볶이,엽떡 러버가 만들어 본 떡볶이,https://semie.cooking/cooking/id/4720,진간장,간장
떡볶이,엽떡 러버가 만들어 본 떡볶이,https://semie.cooking/cooking/id/4720,멸치맛 코인육수,멸치
떡볶이,로제떡볶이 + 쫄면,https://semie.cooking/cooking/id/4556,쫄면용면,쫄면용면
떡볶이,로제떡볶이 + 쫄면,https://semie.cooking/cooking/id/4556,밀떡,떡
떡볶이,로제떡볶이 + 쫄면,https://semie.cooking/cooking/id/4556,양배추,양배추
떡볶이,로제떡볶이 + 쫄면,https://semie.cooking/cooking/id/4556,로제떡볶이소스,떡
떡볶이,로제떡볶이 + 쫄면,https://semie.cooking/cooking/id/4556,쫄면용 소스,쫄면용소스
순대,순대볶음,https://semie.cooking/cooking/id/5244,순대,순대
순대,순대볶음,https://semie.cooking/cooking/id/5244,양배추,양배추
순대,순대볶음,https://semie.cooking/cooking/id/5244,깻잎,깻잎
순대,순대볶음,https://semie.cooking/cooking/id/5244,양파,양파
순대,순대볶음,https://semie.cooking/cooking/id/5244,파,파
순대,순대볶음,https://semie.cooking/cooking/id/5244,고추장,고추장
순대,순대볶음,https://semie.cooking/cooking/id/5244,고추가루,고춧가루
순대,순대볶음,https://semie.cooking/cooking/id/5244,진간장,간장
순대,순대볶음,https://semie.cooking/cooking/id/5244,올리고당,올리고당
순대,순대볶음,https://semie.cooking/cooking/id/5244,다진마늘,마늘
순대,순대볶음,https://semie.cooking/cooking/id/5244,다진파,대파
순대,순대볶음,https://semie.cooking/cooking/id/5244,미림,맛술
순대,순대볶음,https://semie.cooking/cooking/id/5244,다진생각 약간,다진생각
순대,순대볶음,https://semie.cooking/cooking/id/5244,물,물
보쌈,초간단 수육보쌈,https://semie.cooking/recipe-lab/archive/suyuk-bosam,돼지고기(수육용,돼지고기
보쌈,초간단 수육보쌈,https://semie.cooking/recipe-lab/archive/suyuk-bosam,물,물
보쌈,초간단 수육보쌈,https://semie.cooking/recipe-lab/archive/suyuk-bosam,새미네부엌 수육보쌈 육수,새미네부엌수육보쌈육수
보쌈,무말랭이 보쌈김치,https://semie.cooking/recipe-lab/archive/mumalengi-bosam-kimchi,무말랭이,무
보쌈,무말랭이 보쌈김치,https://semie.cooking/recipe-lab/archive/mumalengi-bosam-kimchi,쪽파,쪽파
보쌈,무말랭이 보쌈김치,https://semie.cooking/recipe-lab/archive/mumalengi-bosam-kimchi,새미네부엌 보쌈김치양념,배추김치
보쌈,무말랭이 보쌈김치,https://semie.cooking/recipe-lab/archive/mumalengi-bosam-kimchi,고춧가루,고춧가루
보쌈,요리초보도 이렇게 하면 수육 보쌈 식은 죽 먹기에요!,https://semie.cooking/cooking/id/7851,수육용 고기,수육용고기
보쌈,요리초보도 이렇게 하면 수육 보쌈 식은 죽 먹기에요!,https://semie.cooking/cooking/id/7851,새미네부엌 수육보쌈소스,새미네부엌수육보쌈소스
보쌈,[새미즈 4기] 미션 4-2 초간단수육보쌈,https://semie.cooking/cooking/id/7648,돼지고기(수육용,돼지고기
보쌈,[새미즈 4기] 미션 4-2 초간단수육보쌈,https://semie.cooking/cooking/id/7648,물,물
보쌈,[새미즈 4기] 미션 4-2 초간단수육보쌈,https://semie.cooking/cooking/id/7648,새미네부엌 수육보쌈 육수,새미네부엌수육보쌈육수
보쌈,"[새미즈 4기] 4-2 김장은 안했지만, 굴보쌈!",https://semie.cooking/cooking/id/7629,돼지고기,돼지고기
보쌈,"[새미즈 4기] 4-2 김장은 안했지만, 굴보쌈!",https://semie.cooking/cooking/id/7629,굴 횟감용,굴횟감용
보쌈,"[새미즈 4기] 4-2 김장은 안했지만, 굴보쌈!",https://semie.cooking/cooking/id/7629,묵은지,배추김치
보쌈,"[새미즈 4기] 4-2 김장은 안했지만, 굴보쌈!",https://semie.cooking/cooking/id/7629,명태회무침,무
보쌈,"[새미즈 4기] 4-2 김장은 안했지만, 굴보쌈!",https://semie.cooking/cooking/id/7629,쪽파,쪽파
보쌈,"[새미즈 4기] 4-2 김장은 안했지만, 굴보쌈!",https://semie.cooking/cooking/id/7629,무말랭이무침,무
보쌈,"[새미즈 4기] 4-2 김장은 안했지만, 굴보쌈!",https://semie.cooking/cooking/id/7629,새미네부엌 수육소스,새미네부엌수육소스
보쌈,[새미즈4] 미션4-2 겨울맞이 보쌈과 보쌈김치 만들기!,https://semie.cooking/cooking/id/7514,보쌈용 고기,보쌈용고기
보쌈,[새미즈4] 미션4-2 겨울맞이 보쌈과 보쌈김치 만들기!,https://semie.cooking/cooking/id/7514,새미네부엌 보쌈고기소스,새미네부엌보쌈고기소스
보쌈,[새미즈4] 미션4-2 겨울맞이 보쌈과 보쌈김치 만들기!,https://semie.cooking/cooking/id/7514,알배추 조금,배추
보쌈,[새미즈4] 미션4-2 겨울맞이 보쌈과 보쌈김치 만들기!,https://semie.cooking/cooking/id/7514,건무말랭이,무
보쌈,[새미즈4] 미션4-2 겨울맞이 보쌈과 보쌈김치 만들기!,https://semie.cooking/cooking/id/7514,고춧가루 적당량,고춧가루
보쌈,[새미즈4] 미션4-2 겨울맞이 보쌈과 보쌈김치 만들기!,https://semie.cooking/cooking/id/7514,새미네부엌 보쌈김치소스,배추김치
보쌈,[새미즈 3기] MISSION 3. 집밥 요리 챌린지 (초간단 수육보쌈),https://semie.cooking/cooking/id/6776,돼지고기,돼지고기
보쌈,[새미즈 3기] MISSION 3. 집밥 요리 챌린지 (초간단 수육보쌈),https://semie.cooking/cooking/id/6776,물,물
보쌈,[새미즈 3기] MISSION 3. 집밥 요리 챌린지 (초간단 수육보쌈),https://semie.cooking/cooking/id/6776,새미네부엌 수육보쌈소스,새미네부엌수육보쌈소스
식혜,2가지맛 식혜만들기,https://semie.cooking/recipe-lab/archive/sikhye-and-danhobaksikhye,밥,밥
식혜,2가지맛 식혜만들기,https://semie.cooking/recipe-lab/archive/sikhye-and-danhobaksikhye,엿기름,엿기름
식혜,2가지맛 식혜만들기,https://semie.cooking/recipe-lab/archive/sikhye-and-danhobaksikhye,설탕,설탕
식혜,2가지맛 식혜만들기,https://semie.cooking/recipe-lab/archive/sikhye-and-danhobaksikhye,물,물
감자전,쫀득쫀득 감자전,https://semie.cooking/recipe-lab/archive/chewy-potato-pancake,감자,감자
감자전,쫀득쫀득 감자전,https://semie.cooking/recipe-lab/archive/chewy-potato-pancake,식용유,식용유
감자전,쫀득쫀득 감자전,https://semie.cooking/recipe-lab/archive/chewy-potato-pancake,양파,양파
감자전,쫀득쫀득 감자전,https://semie.cooking/recipe-lab/archive/chewy-potato-pancake,연두순,순
감자전,바삭바삭한 라이스페이퍼 감자전!,https://semie.cooking/cooking/id/4894,감자,감자
감자전,바삭바삭한 라이스페이퍼 감자전!,https://semie.cooking/cooking/id/4894,라이스페이퍼,라이스페이퍼
감자전,바삭바삭한 라이스페이퍼 감자전!,https://semie.cooking/cooking/id/4894,피자치즈,치즈
감자전,바삭바삭한 라이스페이퍼 감자전!,https://semie.cooking/cooking/id/4894,연두,연두
계란말이,계란말이김밥,https://semie.cooking/recipe-lab/archive/gyeranmari-gimbap,김밥용김,김
계란말이,계란말이김밥,https://semie.cooking/recipe-lab/archive/gyeranmari-gimbap,밥,밥
계란말이,계란말이김밥,https://semie.cooking/recipe-lab/archive/gyeranmari-gimbap,달걀,계란
계란말이,계란말이김밥,https://semie.cooking/recipe-lab/archive/gyeranmari-gimbap,식용유,식용유
계란말이,계란말이김밥,https://semie.cooking/recipe-lab/archive/gyeranmari-gimbap,양파,양파
계란말이,계란말이김밥,https://semie.cooking/recipe-lab/archive/gyeranmari-gimbap,당근,당근
계란말이,계란말이김밥,https://semie.cooking/recipe-lab/archive/gyeranmari-gimbap,부추,부추
계란말이,계란말이김밥,https://semie.cooking/recipe-lab/archive/gyeranmari-gimbap,연두순,순
계란말이,계란말이김밥,https://semie.cooking/recipe-lab/archive/gyeranmari-gimbap,설탕,설탕
계란말이,계란말이김밥,https://semie.cooking/recipe-lab/archive/gyeranmari-gimbap,참기름,참기름
계란말이,계란말이김밥,https://semie.cooking/recipe-lab/archive/gyeranmari-gimbap,소금,소금
계란말이,계란말이 쉽게 하는 법,https://semie.cooking/recipe-lab/archive/gyeranmari,달걀,계란
계란말이,계란말이 쉽게 하는 법,https://semie.cooking/recipe-lab/archive/gyeranmari,식용유,식용유
계란말이,계란말이 쉽게 하는 법,https://semie.cooking/recipe-lab/archive/gyeranmari,양파,양파
계란말이,계란말이 쉽게 하는 법,https://semie.cooking/recipe-lab/archive/gyeranmari,당근,당근
계란말이,계란말이 쉽게 하는 법,https://semie.cooking/recipe-lab/archive/gyeranmari,쪽파,쪽파
계란말이,계란말이 쉽게 하는 법,https://semie.cooking/recipe-lab/archive/gyeranmari,연두순,순
계란말이,중학생되면 계란말이 가능!,https://semie.cooking/cooking/id/7905,계란,계란
계란말이,중학생되면 계란말이 가능!,https://semie.cooking/cooking/id/7905,자투리 채소,채소
계란말이,중학생되면 계란말이 가능!,https://semie.cooking/cooking/id/7905,연두,연두
계란말이,"사각팬 하나 있으면, 계란말이 참 쉽죵? 🍳",https://semie.cooking/cooking/id/7838,계란,계란
계란말이,"사각팬 하나 있으면, 계란말이 참 쉽죵? 🍳",https://semie.cooking/cooking/id/7838,대파 약간,대파
계란말이,"사각팬 하나 있으면, 계란말이 참 쉽죵? 🍳",https://semie.cooking/cooking/id/7838,요리에센스 연두,요리에센스
계란말이,[새미즈 4기] 감격스토리.. 계란말이 성공!!!! 오늘또 김밥[계란말이김밥],https://semie.cooking/cooking/id/7403,김밥김,김
계란말이,[새미즈 4기] 감격스토리.. 계란말이 성공!!!! 오늘또 김밥[계란말이김밥],https://semie.cooking/cooking/id/7403,밥,밥
계란말이,[새미즈 4기] 감격스토리.. 계란말이 성공!!!! 오늘또 김밥[계란말이김밥],https://semie.cooking/cooking/id/7403,계란,계란
계란말이,[새미즈 4기] 감격스토리.. 계란말이 성공!!!! 오늘또 김밥[계란말이김밥],https://semie.cooking/cooking/id/7403,양파,양파
계란말이,[새미즈 4기] 감격스토리.. 계란말이 성공!!!! 오늘또 김밥[계란말이김밥],https://semie.cooking/cooking/id/7403,부추 약간(양파와 동일하게,양파
계란말이,[새미즈 4기] 감격스토리.. 계란말이 성공!!!! 오늘또 김밥[계란말이김밥],https://semie.cooking/cooking/id/7403,당근 짜투리..(양파와 동일하게 맞춤,양파
계란말이,[새미즈 4기] 감격스토리.. 계란말이 성공!!!! 오늘또 김밥[계란말이김밥],https://semie.cooking/cooking/id/7403,김밥단무지,단무지
계란말이,[새미즈 4기] 감격스토리.. 계란말이 성공!!!! 오늘또 김밥[계란말이김밥],https://semie.cooking/cooking/id/7403,햄 약간..(양파와 동일하게,양파
계란말이,[새미즈 4기] 감격스토리.. 계란말이 성공!!!! 오늘또 김밥[계란말이김밥],https://semie.cooking/cooking/id/7403,연두순,순
계란말이,[새미즈 4기] 미션2-1 계란말이김밥을 만들어요,https://semie.cooking/cooking/id/7392,김밥김,김
계란말이,[새미즈 4기] 미션2-1 계란말이김밥을 만들어요,https://semie.cooking/cooking/id/7392,밥,밥
계란말이,[새미즈 4기] 미션2-1 계란말이김밥을 만들어요,https://semie.cooking/cooking/id/7392,달걀,계란
계란말이,[새미즈 4기] 미션2-1 계란말이김밥을 만들어요,https://semie.cooking/cooking/id/7392,양파,양파
계란말이,[새미즈 4기] 미션2-1 계란말이김밥을 만들어요,https://semie.cooking/cooking/id/7392,당근,당근
계란말이,[새미즈 4기] 미션2-1 계란말이김밥을 만들어요,https://semie.cooking/cooking/id/7392,애호박,애호박
계란말이,[새미즈 4기] 미션2-1 계란말이김밥을 만들어요,https://semie.cooking/cooking/id/7392,연두순,순
계란말이,[새미즈 4기] 미션2-1 계란말이김밥을 만들어요,https://semie.cooking/cooking/id/7392,설탕,설탕
계란말이,[새미즈 4기] 미션2-1 계란말이김밥을 만들어요,https://semie.cooking/cooking/id/7392,참기름,참기름
계란말이,[새미즈 4기] 미션2-1 계란말이김밥을 만들어요,https://semie.cooking/cooking/id/7392,소금한꼬집,소금
계란말이,[새미즈4기]미션2-1. 계란말이,https://semie.cooking/cooking/id/7369,계란,계란
계란말이,[새미즈4기]미션2-1. 계란말이,https://semie.cooking/cooking/id/7369,식용유,식용유
계란말이,[새미즈4기]미션2-1. 계란말이,https://semie.cooking/cooking/id/7369,양파,양파
계란말이,[새미즈4기]미션2-1. 계란말이,https://semie.cooking/cooking/id/7369,당근,당근
계란말이,[새미즈4기]미션2-1. 계란말이,https://semie.cooking/cooking/id/7369,연두,연두
계란말이,즐요클럽(한식) “계란말이”,https://semie.cooking/cooking/id/6011,계란,계란
계란말이,즐요클럽(한식) “계란말이”,https://semie.cooking/cooking/id/6011,양파 약간,양파
계란말이,즐요클럽(한식) “계란말이”,https://semie.cooking/cooking/id/6011,당근 약간,당근
계란말이,즐요클럽(한식) “계란말이”,https://semie.cooking/cooking/id/6011,부추 약간,부추
계란말이,즐요클럽(한식) “계란말이”,https://semie.cooking/cooking/id/6011,새미네부엌 연두순,새미네부엌연두순
계란말이,💕즐요클럽-한식💚계란말이,https://semie.cooking/cooking/id/5992,계란,계란
계란말이,💕즐요클럽-한식💚계란말이,https://semie.cooking/cooking/id/5992,당근,당근
계란말이,💕즐요클럽-한식💚계란말이,https://semie.cooking/cooking/id/5992,양파,양파
계란말이,💕즐요클럽-한식💚계란말이,https://semie.cooking/cooking/id/5992,쪽파or영양부추,쪽파
계란말이,💕즐요클럽-한식💚계란말이,https://semie.cooking/cooking/id/5992,"연두순, 참치액, 후추",후춧가루
계란말이,즐요클럽(한식)- 요린이의 연두와 함께한 계란말이,https://semie.cooking/cooking/id/5740,계란,계란
계란말이,즐요클럽(한식)- 요린이의 연두와 함께한 계란말이,https://semie.cooking/cooking/id/5740,연두,연두
계란말이,[새미즈 2기] 계란말이김밥을 응용한 참치김밥 만들기!,https://semie.cooking/cooking/id/5416,김밥용 김,김
계란말이,[새미즈 2기] 계란말이김밥을 응용한 참치김밥 만들기!,https://semie.cooking/cooking/id/5416,단무지 (김밥 세트에 포함,단무지
계란말이,[새미즈 2기] 계란말이김밥을 응용한 참치김밥 만들기!,https://semie.cooking/cooking/id/5416,맛살 (김밥 세트에 포함,김
계란말이,[새미즈 2기] 계란말이김밥을 응용한 참치김밥 만들기!,https://semie.cooking/cooking/id/5416,햄 (김밥 세트에 포함,햄
계란말이,[새미즈 2기] 계란말이김밥을 응용한 참치김밥 만들기!,https://semie.cooking/cooking/id/5416,계란지단,계란
계란말이,[새미즈 2기] 계란말이김밥을 응용한 참치김밥 만들기!,https://semie.cooking/cooking/id/5416,어묵,어묵
계란말이,[새미즈 2기] 계란말이김밥을 응용한 참치김밥 만들기!,https://semie.cooking/cooking/id/5416,쌀,쌀
계란말이,[새미즈 2기] 계란말이김밥을 응용한 참치김밥 만들기!,https://semie.cooking/cooking/id/5416,참치,참치
계란말이,[새미즈 2기] 계란말이김밥을 응용한 참치김밥 만들기!,https://semie.cooking/cooking/id/5416,마요네즈,마요네즈
계란말이,[새미즈 2기] 계란말이김밥을 응용한 참치김밥 만들기!,https://semie.cooking/cooking/id/5416,깻잎,깻잎
계란말이,[새미즈 2기] 계란말이김밥을 응용한 참치김밥 만들기!,https://semie.cooking/cooking/id/5416,샘표 요리에센스 연두,샘표요리에센스
계란말이,[새미즈 2기] 계란말이김밥을 응용한 참치김밥 만들기!,https://semie.cooking/cooking/id/5416,참기름,참기름
계란말이,[새미즈 2기] 계란말이김밥을 응용한 참치김밥 만들기!,https://semie.cooking/cooking/id/5416,깨,깨
계란말이,새미즈 - 봄을 보는 듯한 계란말이 김밥 만들기,https://semie.cooking/cooking/id/4965,김밥 김,김
계란말이,새미즈 - 봄을 보는 듯한 계란말이 김밥 만들기,https://semie.cooking/cooking/id/4965,밥,밥
계란말이,새미즈 - 봄을 보는 듯한 계란말이 김밥 만들기,https://semie.cooking/cooking/id/4965,계란,계란
계란말이,새미즈 - 봄을 보는 듯한 계란말이 김밥 만들기,https://semie.cooking/cooking/id/4965,잘게 자른 양파,양파
계란말이,새미즈 - 봄을 보는 듯한 계란말이 김밥 만들기,https://semie.cooking/cooking/id/4965,잘게 자른 당근,당근
계란말이,새미즈 - 봄을 보는 듯한 계란말이 김밥 만들기,https://semie.cooking/cooking/id/4965,쪽파,쪽파
계란말이,새미즈 - 봄을 보는 듯한 계란말이 김밥 만들기,https://semie.cooking/cooking/id/4965,치즈,치즈
계란말이,새미즈 - 봄을 보는 듯한 계란말이 김밥 만들기,https://semie.cooking/cooking/id/4965,맛살,맛살
계란말이,새미즈 - 봄을 보는 듯한 계란말이 김밥 만들기,https://semie.cooking/cooking/id/4965,햄,햄
계란말이,새미즈 - 봄을 보는 듯한 계란말이 김밥 만들기,https://semie.cooking/cooking/id/4965,단무지,단무지
계란말이,새미즈 - 봄을 보는 듯한 계란말이 김밥 만들기,https://semie.cooking/cooking/id/4965,소금,소금
계란말이,새미즈 - 봄을 보는 듯한 계란말이 김밥 만들기,https://semie.cooking/cooking/id/4965,참기름,참기름
계란말이,새미즈 - 봄을 보는 듯한 계란말이 김밥 만들기,https://semie.cooking/cooking/id/4965,마늘,마늘
계란말이,새미즈 - 봄을 보는 듯한 계란말이 김밥 만들기,https://semie.cooking/cooking/id/4965,연두,연두
계란말이,새미즈 - 봄을 보는 듯한 계란말이 김밥 만들기,https://semie.cooking/cooking/id/4965,설탕,설탕
계란말이,새미즈 - 야채 계란말이,https://semie.cooking/cooking/id/4851,계란,계란
계란말이,새미즈 - 야채 계란말이,https://semie.cooking/cooking/id/4851,"파, 표고버섯, 부추, 당근, 양파",양파
계란말이,새미즈 - 야채 계란말이,https://semie.cooking/cooking/id/4851,소금 두 꼬집,소금
계란말이,쉽고 맛있는 계란말이 만들기,https://semie.cooking/cooking/id/4633,계란,계란
계란말이,쉽고 맛있는 계란말이 만들기,https://semie.cooking/cooking/id/4633,양파,양파
계란말이,쉽고 맛있는 계란말이 만들기,https://semie.cooking/cooking/id/4633,파,파
계란말이,쉽고 맛있는 계란말이 만들기,https://semie.cooking/cooking/id/4633,당근,당근
계란말이,쉽고 맛있는 계란말이 만들기,https://semie.cooking/cooking/id/4633,옥수수콘,옥수수콘
계란말이,쉽고 맛있는 계란말이 만들기,https://semie.cooking/cooking/id/4633,소금,소금
계란말이,쉽고 맛있는 계란말이 만들기,https://semie.cooking/cooking/id/4633,후추,후춧가루
계란말이,계란말이,https://semie.cooking/cooking/id/4517,계란,계란
계란말이,계란말이,https://semie.cooking/cooking/id/4517,"양파,당근",양파
계란말이,계란말이,https://semie.cooking/cooking/id/4517,"샘표연두, 소금",소금
김치전,그냥김치전이 아니라 고구마순 김치전,https://semie.cooking/cooking/id/6477,고구마순 김치,배추김치
김치전,그냥김치전이 아니라 고구마순 김치전,https://semie.cooking/cooking/id/6477,"튀김가루, 콩가루,",김
김치전,그냥김치전이 아니라 고구마순 김치전,https://semie.cooking/cooking/id/6477,식용유,식용유
애호박전,"입안 가득, 반달애호박전",https://semie.cooking/recipe-lab/archive/half-moon-shaped-aehobakjeon,애호박,애호박
애호박전,"입안 가득, 반달애호박전",https://semie.cooking/recipe-lab/archive/half-moon-shaped-aehobakjeon,대파,대파
애호박전,"입안 가득, 반달애호박전",https://semie.cooking/recipe-lab/archive/half-moon-shaped-aehobakjeon,돼지고기 다짐육,돼지고기
애호박전,"입안 가득, 반달애호박전",https://semie.cooking/recipe-lab/archive/half-moon-shaped-aehobakjeon,양파,양파
애호박전,"입안 가득, 반달애호박전",https://semie.cooking/recipe-lab/archive/half-moon-shaped-aehobakjeon,달걀,계란
애호박전,"입안 가득, 반달애호박전",https://semie.cooking/recipe-lab/archive/half-moon-shaped-aehobakjeon,부침가루,부침가루
애호박전,"입안 가득, 반달애호박전",https://semie.cooking/recipe-lab/archive/half-moon-shaped-aehobakjeon,식용유,식용유
애호박전,"입안 가득, 반달애호박전",https://semie.cooking/recipe-lab/archive/half-moon-shaped-aehobakjeon,애호박 절임용) 소금,애호박
애호박전,"입안 가득, 반달애호박전",https://semie.cooking/recipe-lab/archive/half-moon-shaped-aehobakjeon,연두순,순
애호박전,"입안 가득, 반달애호박전",https://semie.cooking/recipe-lab/archive/half-moon-shaped-aehobakjeon,다진 생강,생강
애호박전,"입안 가득, 반달애호박전",https://semie.cooking/recipe-lab/archive/half-moon-shaped-aehobakjeon,후추 약간,후춧가루
애호박전,"입안 가득, 반달애호박전",https://semie.cooking/recipe-lab/archive/half-moon-shaped-aehobakjeon,참기름,참기름
애호박전,"입안 가득, 반달애호박전",https://semie.cooking/recipe-lab/archive/half-moon-shaped-aehobakjeon,홍고추,고추
애호박전,"입안 가득, 반달애호박전",https://semie.cooking/recipe-lab/archive/half-moon-shaped-aehobakjeon,청양고추,청양고추
애호박전,"입안 가득, 반달애호박전",https://semie.cooking/recipe-lab/archive/half-moon-shaped-aehobakjeon,깻잎,깻잎
파전,해물파전,https://semie.cooking/recipe-lab/archive/haemul-pajeon,쪽파,쪽파
파전,해물파전,https://semie.cooking/recipe-lab/archive/haemul-pajeon,냉동해물,냉동해물
파전,해물파전,https://semie.cooking/recipe-lab/archive/haemul-pajeon,양파,양파
파전,해물파전,https://semie.cooking/recipe-lab/archive/haemul-pajeon,청양고추,청양고추
파전,해물파전,https://semie.cooking/recipe-lab/archive/haemul-pajeon,튀김가루,김
파전,해물파전,https://semie.cooking/recipe-lab/archive/haemul-pajeon,물,물
파전,해물파전,https://semie.cooking/recipe-lab/archive/haemul-pajeon,식용유,식용유
장조림,원팬 장조림,https://semie.cooking/recipe-lab/archive/jangjorim,소고기,소고기
장조림,원팬 장조림,https://semie.cooking/recipe-lab/archive/jangjorim,꽈리고추,고추
장조림,원팬 장조림,https://semie.cooking/recipe-lab/archive/jangjorim,마늘,마늘
장조림,원팬 장조림,https://semie.cooking/recipe-lab/archive/jangjorim,새미네부엌 장조림소스,새미네부엌장조림소스
장조림,원팬 장조림,https://semie.cooking/recipe-lab/archive/jangjorim,물,물
장조림,3step 장조림전,https://semie.cooking/recipe-lab/archive/jangjorim-jeon,샘표 쓱쓱싹싹 밥도둑 돼지고기 장조림,돼지고기
장조림,3step 장조림전,https://semie.cooking/recipe-lab/archive/jangjorim-jeon,부침가루,부침가루
장조림,3step 장조림전,https://semie.cooking/recipe-lab/archive/jangjorim-jeon,물 약,물약
장조림,3step 장조림전,https://semie.cooking/recipe-lab/archive/jangjorim-jeon,식용유,식용유
장조림,3step 장조림전,https://semie.cooking/recipe-lab/archive/jangjorim-jeon,청양고추,청양고추
장조림,3step 장조림전,https://semie.cooking/recipe-lab/archive/jangjorim-jeon,홍고추,고추
장조림,3step 장조림전,https://semie.cooking/recipe-lab/archive/jangjorim-jeon,쪽파,쪽파
장조림,데구르르 메추리알 장조림,https://semie.cooking/recipe-lab/archive/quail-eggs-jangjorim,삶은 메추리알,삶은메추리알
장조림,데구르르 메추리알 장조림,https://semie.cooking/recipe-lab/archive/quail-eggs-jangjorim,새미네부엌 메추리알 장조림소스,새미네부엌메추리알장조림소스
장조림,데구르르 메추리알 장조림,https://semie.cooking/recipe-lab/archive/quail-eggs-jangjorim,물,물
장조림,데구르르 메추리알 장조림,https://semie.cooking/recipe-lab/archive/quail-eggs-jangjorim,꽈리고추,고추
장조림,데구르르 메추리알 장조림,https://semie.cooking/recipe-lab/archive/quail-eggs-jangjorim,마늘,마늘
장조림,냉장고 속 장조림으로 한그릇 요리 뚝딱! 장조림버터비빔밥 만들기 💛,https://semie.cooking/cooking/id/7852,밥 & 장조림,밥&장조림
장조림,냉장고 속 장조림으로 한그릇 요리 뚝딱! 장조림버터비빔밥 만들기 💛,https://semie.cooking/cooking/id/7852,계란,계란
장조림,냉장고 속 장조림으로 한그릇 요리 뚝딱! 장조림버터비빔밥 만들기 💛,https://semie.cooking/cooking/id/7852,버터 약간,버터
장조림,냉장고 속 장조림으로 한그릇 요리 뚝딱! 장조림버터비빔밥 만들기 💛,https://semie.cooking/cooking/id/7852,"파, 통깨",통깨
장조림,냉장고 속 장조림으로 한그릇 요리 뚝딱! 장조림버터비빔밥 만들기 💛,https://semie.cooking/cooking/id/7852,"식용유(스크램블용), 계란간장(기호에 따라 추가",간장
장조림,장조림소스 활용한 초간단 닭다리살조림(삼겹살조림 레시피 활용),https://semie.cooking/cooking/id/7522,닭다리살,닭고기
장조림,장조림소스 활용한 초간단 닭다리살조림(삼겹살조림 레시피 활용),https://semie.cooking/cooking/id/7522,대파(흰부분,대파
장조림,장조림소스 활용한 초간단 닭다리살조림(삼겹살조림 레시피 활용),https://semie.cooking/cooking/id/7522,새미네부엌 장조림소스,새미네부엌장조림소스
장조림,[새미즈4기] 간단한 원팬장조림 !,https://semie.cooking/cooking/id/7481,소고기 우둔,소고기
장조림,[새미즈4기] 간단한 원팬장조림 !,https://semie.cooking/cooking/id/7481,꽈리고추,고추
장조림,[새미즈4기] 간단한 원팬장조림 !,https://semie.cooking/cooking/id/7481,마늘,마늘
장조림,[새미즈4기] 간단한 원팬장조림 !,https://semie.cooking/cooking/id/7481,새미네부엌 장조림소스,새미네부엌장조림소스
장조림,[새미즈4기] 간단한 원팬장조림 !,https://semie.cooking/cooking/id/7481,물,물
장조림,(새미즈4기)사태계란장조림,https://semie.cooking/cooking/id/7468,계란,계란
장조림,(새미즈4기)사태계란장조림,https://semie.cooking/cooking/id/7468,부채살,부채살
장조림,(새미즈4기)사태계란장조림,https://semie.cooking/cooking/id/7468,연두,연두
장조림,(새미즈4기)사태계란장조림,https://semie.cooking/cooking/id/7468,간장,간장
장조림,[새미즈4기]미션3-2) 메추리알장조림,https://semie.cooking/cooking/id/7456,메추리알,메추리알
장조림,[새미즈4기]미션3-2) 메추리알장조림,https://semie.cooking/cooking/id/7456,통마늘,마늘
장조림,[새미즈4기]미션3-2) 메추리알장조림,https://semie.cooking/cooking/id/7456,현미유,현미유
장조림,[새미즈4기]미션3-2) 메추리알장조림,https://semie.cooking/cooking/id/7456,새미네부엌 장조림소스,새미네부엌장조림소스
장조림,(새미즈 4기) 3-1 장조림소스 이용한 달걀장,https://semie.cooking/cooking/id/7453,달걀,계란
장조림,(새미즈 4기) 3-1 장조림소스 이용한 달걀장,https://semie.cooking/cooking/id/7453,꽐고추,고추
장조림,(새미즈 4기) 3-1 장조림소스 이용한 달걀장,https://semie.cooking/cooking/id/7453,새미네 장조림소스,새미네장조림소스
장조림,새미즈 4기 미션3-2 [삼겹간장조림],https://semie.cooking/cooking/id/7451,삼겹살,돼지고기
장조림,새미즈 4기 미션3-2 [삼겹간장조림],https://semie.cooking/cooking/id/7451,양파 반개,양파
장조림,새미즈 4기 미션3-2 [삼겹간장조림],https://semie.cooking/cooking/id/7451,팽이버섯,팽이버섯
장조림,새미즈 4기 미션3-2 [삼겹간장조림],https://semie.cooking/cooking/id/7451,대파 약간,대파
장조림,새미즈 4기 미션3-2 [삼겹간장조림],https://semie.cooking/cooking/id/7451,새미네부엌 장조림소스,새미네부엌장조림소스
장조림,새미즈 4기 미션3-1 [장조림],https://semie.cooking/cooking/id/7447,메추리알,메추리알
장조림,새미즈 4기 미션3-1 [장조림],https://semie.cooking/cooking/id/7447,소고기,소고기
장조림,새미즈 4기 미션3-1 [장조림],https://semie.cooking/cooking/id/7447,꽈리고추,고추
장조림,새미즈 4기 미션3-1 [장조림],https://semie.cooking/cooking/id/7447,새미네부엌 장조림소스,새미네부엌장조림소스
장조림,새미즈 4기 미션3-1 [장조림],https://semie.cooking/cooking/id/7447,물,물
장조림,[새미즈 2기] 장조림 소스를 이용한 계란장 만들기!,https://semie.cooking/cooking/id/5579,계란,계란
장조림,[새미즈 2기] 장조림 소스를 이용한 계란장 만들기!,https://semie.cooking/cooking/id/5579,장조림 소스,장조림소스
장조림,[새미즈 2기] 돼지고기로 만드는 장조림 with 새미네부엌 계란쇠고기 장조림 소스🫧,https://semie.cooking/cooking/id/5557,돼지고기 앞다리살,돼지고기
장조림,[새미즈 2기] 돼지고기로 만드는 장조림 with 새미네부엌 계란쇠고기 장조림 소스🫧,https://semie.cooking/cooking/id/5557,양파 반개,양파
장조림,[새미즈 2기] 돼지고기로 만드는 장조림 with 새미네부엌 계란쇠고기 장조림 소스🫧,https://semie.cooking/cooking/id/5557,새미네 부엌 계란 쇠고기 장조림소스 소주잔,소고기
장조림,[새미즈 2기] 돼지고기로 만드는 장조림 with 새미네부엌 계란쇠고기 장조림 소스🫧,https://semie.cooking/cooking/id/5557,물 소주잔,물소주잔
장조림,[요리해] 데구르르 메추리알 장조림 &amp; 초간단 3STEP 미역국 따라해봤어요!,https://semie.cooking/cooking/id/5434,소고기 국거리용,소고기
장조림,[요리해] 데구르르 메추리알 장조림 &amp; 초간단 3STEP 미역국 따라해봤어요!,https://semie.cooking/cooking/id/5434,깐메추리알,깐메추리알
장조림,[요리해] 데구르르 메추리알 장조림 &amp; 초간단 3STEP 미역국 따라해봤어요!,https://semie.cooking/cooking/id/5434,새미네부엌 장조림소스,새미네부엌장조림소스
장조림,[요리해] 데구르르 메추리알 장조림 &amp; 초간단 3STEP 미역국 따라해봤어요!,https://semie.cooking/cooking/id/5434,물,물
장조림,소고기 다짐육을 이용한 장조림! 강추합니다,https://semie.cooking/cooking/id/5075,소고기 다짐육,소고기
장조림,소고기 다짐육을 이용한 장조림! 강추합니다,https://semie.cooking/cooking/id/5075,메추리알,메추리알
장조림,소고기 다짐육을 이용한 장조림! 강추합니다,https://semie.cooking/cooking/id/5075,꽈리고추,고추
장조림,소고기 다짐육을 이용한 장조림! 강추합니다,https://semie.cooking/cooking/id/5075,표고버섯,표고버섯
장조림,소고기 다짐육을 이용한 장조림! 강추합니다,https://semie.cooking/cooking/id/5075,"간장(진간장, 조선간장",간장
장조림,소고기 다짐육을 이용한 장조림! 강추합니다,https://semie.cooking/cooking/id/5075,올리고당,올리고당
장조림,소고기 다짐육을 이용한 장조림! 강추합니다,https://semie.cooking/cooking/id/5075,맛술,맛술
장조림,소고기 다짐육을 이용한 장조림! 강추합니다,https://semie.cooking/cooking/id/5075,연두링,링
김치찌개,돼지고기김치찌개,https://semie.cooking/recipe-lab/archive/dwaejigogikimchijjigae,김치,배추김치
김치찌개,돼지고기김치찌개,https://semie.cooking/recipe-lab/archive/dwaejigogikimchijjigae,삼겹살,돼지고기
김치찌개,돼지고기김치찌개,https://semie.cooking/recipe-lab/archive/dwaejigogikimchijjigae,식용유,식용유
김치찌개,돼지고기김치찌개,https://semie.cooking/recipe-lab/archive/dwaejigogikimchijjigae,물 혹은 쌀뜨물,물혹은쌀뜨물
김치찌개,돼지고기김치찌개,https://semie.cooking/recipe-lab/archive/dwaejigogikimchijjigae,대파,대파
김치찌개,돼지고기김치찌개,https://semie.cooking/recipe-lab/archive/dwaejigogikimchijjigae,양파,양파
김치찌개,돼지고기김치찌개,https://semie.cooking/recipe-lab/archive/dwaejigogikimchijjigae,청양고추,청양고추
김치찌개,돼지고기김치찌개,https://semie.cooking/recipe-lab/archive/dwaejigogikimchijjigae,홍고추,고추
김치찌개,돼지고기김치찌개,https://semie.cooking/recipe-lab/archive/dwaejigogikimchijjigae,연두진,진
김치찌개,돼지고기김치찌개,https://semie.cooking/recipe-lab/archive/dwaejigogikimchijjigae,굵은 고춧가루,고춧가루
김치찌개,돼지고기김치찌개,https://semie.cooking/recipe-lab/archive/dwaejigogikimchijjigae,다진마늘,마늘
김치찌개,김치찌개 100% 성공 레시피!,https://semie.cooking/cooking/id/7877,김치,배추김치
김치찌개,김치찌개 100% 성공 레시피!,https://semie.cooking/cooking/id/7877,돼지고기 목살,돼지고기
김치찌개,김치찌개 100% 성공 레시피!,https://semie.cooking/cooking/id/7877,연두링 멸치디포리,멸치
김치찌개,김치찌개 100% 성공 레시피!,https://semie.cooking/cooking/id/7877,연두링 다시마표고야채,다시마
김치찌개,새미즈 - 돼지고기 김치찌개,https://semie.cooking/cooking/id/4981,배추김치,배추김치
김치찌개,새미즈 - 돼지고기 김치찌개,https://semie.cooking/cooking/id/4981,앞다리살,돼지고기
김치찌개,새미즈 - 돼지고기 김치찌개,https://semie.cooking/cooking/id/4981,대파,대파
김치찌개,새미즈 - 돼지고기 김치찌개,https://semie.cooking/cooking/id/4981,양파,양파
김치찌개,새미즈 - 돼지고기 김치찌개,https://semie.cooking/cooking/id/4981,두부,두부
김치찌개,새미즈 - 돼지고기 김치찌개,https://semie.cooking/cooking/id/4981,연두진,진
김치찌개,새미즈 - 돼지고기 김치찌개,https://semie.cooking/cooking/id/4981,굵은 고춧가루,고춧가루
김치찌개,새미즈 - 돼지고기 김치찌개,https://semie.cooking/cooking/id/4981,다진마늘,마늘
김치찌개,새미즈 - 돼지고기 김치찌개,https://semie.cooking/cooking/id/4981,포도씨유,식용유
김치찌개,새미즈 - 돼지고기 김치찌개,https://semie.cooking/cooking/id/4981,물,물
김치찌개,새미즈 - 돼지고기 김치찌개,https://semie.cooking/cooking/id/4981,김치국물,김치국물
김치찌개,새미즈 - 돼지고기 김치찌개,https://semie.cooking/cooking/id/4981,생강즙,생강
된장찌개,된장찌개,https://semie.cooking/recipe-lab/archive/doenjangjjigae,감자,감자
된장찌개,된장찌개,https://semie.cooking/recipe-lab/archive/doenjangjjigae,애호박,애호박
된장찌개,된장찌개,https://semie.cooking/recipe-lab/archive/doenjangjjigae,두부,두부
된장찌개,된장찌개,https://semie.cooking/recipe-lab/archive/doenjangjjigae,청양고추,청양고추
된장찌개,된장찌개,https://semie.cooking/recipe-lab/archive/doenjangjjigae,홍고추,고추
된장찌개,된장찌개,https://semie.cooking/recipe-lab/archive/doenjangjjigae,대파,대파
된장찌개,된장찌개,https://semie.cooking/recipe-lab/archive/doenjangjjigae,표고버섯,표고버섯
된장찌개,된장찌개,https://semie.cooking/recipe-lab/archive/doenjangjjigae,토장,토장
된장찌개,된장찌개,https://semie.cooking/recipe-lab/archive/doenjangjjigae,물,물
된장찌개,된장찌개,https://semie.cooking/recipe-lab/archive/doenjangjjigae,고춧가루,고춧가루
된장찌개,냉이 된장찌개,https://semie.cooking/recipe-lab/archive/naengi-doenjang-soup,냉이,냉이
된장찌개,냉이 된장찌개,https://semie.cooking/recipe-lab/archive/naengi-doenjang-soup,두부,두부
된장찌개,냉이 된장찌개,https://semie.cooking/recipe-lab/archive/naengi-doenjang-soup,애호박,애호박
된장찌개,냉이 된장찌개,https://semie.cooking/recipe-lab/archive/naengi-doenjang-soup,양파,양파
된장찌개,냉이 된장찌개,https://semie.cooking/recipe-lab/archive/naengi-doenjang-soup,표고버섯,표고버섯
된장찌개,냉이 된장찌개,https://semie.cooking/recipe-lab/archive/naengi-doenjang-soup,풋고추,고추
된장찌개,냉이 된장찌개,https://semie.cooking/recipe-lab/archive/naengi-doenjang-soup,대파 약간,대파
된장찌개,냉이 된장찌개,https://semie.cooking/recipe-lab/archive/naengi-doenjang-soup,토장,토장
된장찌개,냉이 된장찌개,https://semie.cooking/recipe-lab/archive/naengi-doenjang-soup,물,물
된장찌개,보글보글 된장찌개 맛있게 끓이는 법🥘,https://semie.cooking/cooking/id/7920,"감자, 양파, 대파, 버섯, 청양고추, 두부",대파
된장찌개,보글보글 된장찌개 맛있게 끓이는 법🥘,https://semie.cooking/cooking/id/7920,"토장, 연두링","토장,연두링"
된장찌개,🍃 #즐요클럽 샘표 토장으로 구수한 된장찌개 끓이기,https://semie.cooking/cooking/id/6068,샘표 토장,샘표토장
된장찌개,🍃 #즐요클럽 샘표 토장으로 구수한 된장찌개 끓이기,https://semie.cooking/cooking/id/6068,감자,감자
된장찌개,🍃 #즐요클럽 샘표 토장으로 구수한 된장찌개 끓이기,https://semie.cooking/cooking/id/6068,두부,두부
된장찌개,🍃 #즐요클럽 샘표 토장으로 구수한 된장찌개 끓이기,https://semie.cooking/cooking/id/6068,버섯,버섯
된장찌개,🍃 #즐요클럽 샘표 토장으로 구수한 된장찌개 끓이기,https://semie.cooking/cooking/id/6068,"선택사항 (고춧가루 , 두부",고춧가루
된장찌개,🍃 #즐요클럽 샘표 토장으로 구수한 된장찌개 끓이기,https://semie.cooking/cooking/id/6068,샘표 토장,샘표토장
된장찌개,💕즐요클럽-한식💚된장찌개,https://semie.cooking/cooking/id/6033,감자 중,감자
된장찌개,💕즐요클럽-한식💚된장찌개,https://semie.cooking/cooking/id/6033,애호박,애호박
된장찌개,💕즐요클럽-한식💚된장찌개,https://semie.cooking/cooking/id/6033,두부,두부
된장찌개,💕즐요클럽-한식💚된장찌개,https://semie.cooking/cooking/id/6033,송이버섯,송이버섯
된장찌개,💕즐요클럽-한식💚된장찌개,https://semie.cooking/cooking/id/6033,홍고추,고추
된장찌개,💕즐요클럽-한식💚된장찌개,https://semie.cooking/cooking/id/6033,대파,대파
된장찌개,💕즐요클럽-한식💚된장찌개,https://semie.cooking/cooking/id/6033,물,물
된장찌개,💕즐요클럽-한식💚된장찌개,https://semie.cooking/cooking/id/6033,연두 링,링
된장찌개,💕즐요클럽-한식💚된장찌개,https://semie.cooking/cooking/id/6033,"토장, 고춧가루",고춧가루
된장찌개,즐요클럽(한식)“된장찌개“,https://semie.cooking/cooking/id/5933,감자,감자
된장찌개,즐요클럽(한식)“된장찌개“,https://semie.cooking/cooking/id/5933,호박 약간,애호박
된장찌개,즐요클럽(한식)“된장찌개“,https://semie.cooking/cooking/id/5933,두부 반모,두부
된장찌개,즐요클럽(한식)“된장찌개“,https://semie.cooking/cooking/id/5933,버섯,버섯
된장찌개,즐요클럽(한식)“된장찌개“,https://semie.cooking/cooking/id/5933,양파,양파
된장찌개,즐요클럽(한식)“된장찌개“,https://semie.cooking/cooking/id/5933,파 약간,파
된장찌개,즐요클럽(한식)“된장찌개“,https://semie.cooking/cooking/id/5933,새미네 토장찌개,새미네토장찌개
된장찌개,즐요클럽(한식)“된장찌개“,https://semie.cooking/cooking/id/5933,물,물
된장찌개,즐요클럽(한식)- 요린이의 토장과 함께한 된장찌개,https://semie.cooking/cooking/id/5902,감자,감자
된장찌개,즐요클럽(한식)- 요린이의 토장과 함께한 된장찌개,https://semie.cooking/cooking/id/5902,찌개용 손질 야채,찌개용손질야채
된장찌개,즐요클럽(한식)- 요린이의 토장과 함께한 된장찌개,https://semie.cooking/cooking/id/5902,두부,두부
된장찌개,즐요클럽(한식)- 요린이의 토장과 함께한 된장찌개,https://semie.cooking/cooking/id/5902,대파,대파
된장찌개,즐요클럽(한식)- 요린이의 토장과 함께한 된장찌개,https://semie.cooking/cooking/id/5902,토장,토장
된장찌개,즐요클럽(한식)- 요린이의 토장과 함께한 된장찌개,https://semie.cooking/cooking/id/5902,물,물
된장찌개,즐요클럽(한식)- 요린이의 토장과 함께한 된장찌개,https://semie.cooking/cooking/id/5902,고춧가루,고춧가루
된장찌개,"□ 즐요클럽 : 한식 □  토장 된장찌개  [feat.토장,연두링,연두 활용요리]",https://semie.cooking/cooking/id/5846,두부 :,두부
된장찌개,"□ 즐요클럽 : 한식 □  토장 된장찌개  [feat.토장,연두링,연두 활용요리]",https://semie.cooking/cooking/id/5846,양파 :,양파
된장찌개,"□ 즐요클럽 : 한식 □  토장 된장찌개  [feat.토장,연두링,연두 활용요리]",https://semie.cooking/cooking/id/5846,애호박 :,애호박
된장찌개,"□ 즐요클럽 : 한식 □  토장 된장찌개  [feat.토장,연두링,연두 활용요리]",https://semie.cooking/cooking/id/5846,표고버섯 :,표고버섯
된장찌개,"□ 즐요클럽 : 한식 □  토장 된장찌개  [feat.토장,연두링,연두 활용요리]",https://semie.cooking/cooking/id/5846,홍고추 :,고추
된장찌개,"□ 즐요클럽 : 한식 □  토장 된장찌개  [feat.토장,연두링,연두 활용요리]",https://semie.cooking/cooking/id/5846,대파 : 약간,대파
된장찌개,"□ 즐요클럽 : 한식 □  토장 된장찌개  [feat.토장,연두링,연두 활용요리]",https://semie.cooking/cooking/id/5846,쌀뜨물 :,쌀뜨물:
된장찌개,"□ 즐요클럽 : 한식 □  토장 된장찌개  [feat.토장,연두링,연두 활용요리]",https://semie.cooking/cooking/id/5846,토장 :,토장:
된장찌개,"□ 즐요클럽 : 한식 □  토장 된장찌개  [feat.토장,연두링,연두 활용요리]",https://semie.cooking/cooking/id/5846,연두링 [멸치디포리] :,멸치
된장찌개,"□ 즐요클럽 : 한식 □  토장 된장찌개  [feat.토장,연두링,연두 활용요리]",https://semie.cooking/cooking/id/5846,연두 :,:
된장찌개,"□ 즐요클럽 : 한식 □  토장 된장찌개  [feat.토장,연두링,연두 활용요리]",https://semie.cooking/cooking/id/5846,고춧가루 :,고춧가루
된장찌개,새미와 함께 즐겁게 요리해요)즐요클럽~된장찌개(feat.토장),https://semie.cooking/cooking/id/5700,"감자,애호박,두부,표고버섯,",애호박
된장찌개,새미와 함께 즐겁게 요리해요)즐요클럽~된장찌개(feat.토장),https://semie.cooking/cooking/id/5700,"청양고추,홍고추,대파",대파
된장찌개,새미와 함께 즐겁게 요리해요)즐요클럽~된장찌개(feat.토장),https://semie.cooking/cooking/id/5700,토장,토장
된장찌개,가리비로 끓이는 고급진😀된장찌개,https://semie.cooking/cooking/id/5123,가리비,가리비
된장찌개,가리비로 끓이는 고급진😀된장찌개,https://semie.cooking/cooking/id/5123,호박,애호박
된장찌개,가리비로 끓이는 고급진😀된장찌개,https://semie.cooking/cooking/id/5123,감자,감자
된장찌개,가리비로 끓이는 고급진😀된장찌개,https://semie.cooking/cooking/id/5123,양파,양파
된장찌개,가리비로 끓이는 고급진😀된장찌개,https://semie.cooking/cooking/id/5123,된장,된장
된장찌개,가리비로 끓이는 고급진😀된장찌개,https://semie.cooking/cooking/id/5123,연두링,링
된장찌개,새미즈_야채손질&amp;된장찌개끓이기,https://semie.cooking/cooking/id/4837,감자,감자
된장찌개,새미즈_야채손질&amp;된장찌개끓이기,https://semie.cooking/cooking/id/4837,양파,양파
된장찌개,새미즈_야채손질&amp;된장찌개끓이기,https://semie.cooking/cooking/id/4837,애호박,애호박
된장찌개,새미즈_야채손질&amp;된장찌개끓이기,https://semie.cooking/cooking/id/4837,무,무
된장찌개,새미즈_야채손질&amp;된장찌개끓이기,https://semie.cooking/cooking/id/4837,새송이버섯,새송이버섯
된장찌개,새미즈_야채손질&amp;된장찌개끓이기,https://semie.cooking/cooking/id/4837,된장,된장
된장찌개,새미즈_야채손질&amp;된장찌개끓이기,https://semie.cooking/cooking/id/4837,코인육수,코인육수
된장찌개,새미즈_야채손질&amp;된장찌개끓이기,https://semie.cooking/cooking/id/4837,고추장,고추장
순두부찌개,기본 순두부찌개,https://semie.cooking/recipe-lab/archive/basic-soft-tofu-stew,순두부,두부
순두부찌개,기본 순두부찌개,https://semie.cooking/recipe-lab/archive/basic-soft-tofu-stew,물,물
순두부찌개,기본 순두부찌개,https://semie.cooking/recipe-lab/archive/basic-soft-tofu-stew,양파,양파
순두부찌개,기본 순두부찌개,https://semie.cooking/recipe-lab/archive/basic-soft-tofu-stew,애호박,애호박
순두부찌개,기본 순두부찌개,https://semie.cooking/recipe-lab/archive/basic-soft-tofu-stew,대파,대파
순두부찌개,기본 순두부찌개,https://semie.cooking/recipe-lab/archive/basic-soft-tofu-stew,식용유,식용유
순두부찌개,기본 순두부찌개,https://semie.cooking/recipe-lab/archive/basic-soft-tofu-stew,고추기름,고추
순두부찌개,기본 순두부찌개,https://semie.cooking/recipe-lab/archive/basic-soft-tofu-stew,다진마늘,마늘
순두부찌개,기본 순두부찌개,https://semie.cooking/recipe-lab/archive/basic-soft-tofu-stew,연두진,진
순두부찌개,기본 순두부찌개,https://semie.cooking/recipe-lab/archive/basic-soft-tofu-stew,연두링 (황태와무,무
순두부찌개,기본 순두부찌개,https://semie.cooking/recipe-lab/archive/basic-soft-tofu-stew,고춧가루,고춧가루
순두부찌개,기본 순두부찌개,https://semie.cooking/recipe-lab/archive/basic-soft-tofu-stew,후추 약간,후춧가루
순두부찌개,얼큰 돼지고기 순두부찌개,https://semie.cooking/recipe-lab/archive/sundubujjigae,순두부,두부
순두부찌개,얼큰 돼지고기 순두부찌개,https://semie.cooking/recipe-lab/archive/sundubujjigae,물,물
순두부찌개,얼큰 돼지고기 순두부찌개,https://semie.cooking/recipe-lab/archive/sundubujjigae,양파,양파
순두부찌개,얼큰 돼지고기 순두부찌개,https://semie.cooking/recipe-lab/archive/sundubujjigae,애호박,애호박
순두부찌개,얼큰 돼지고기 순두부찌개,https://semie.cooking/recipe-lab/archive/sundubujjigae,대파,대파
순두부찌개,얼큰 돼지고기 순두부찌개,https://semie.cooking/recipe-lab/archive/sundubujjigae,다진 마늘,마늘
순두부찌개,얼큰 돼지고기 순두부찌개,https://semie.cooking/recipe-lab/archive/sundubujjigae,돼지고기 다짐육,돼지고기
순두부찌개,얼큰 돼지고기 순두부찌개,https://semie.cooking/recipe-lab/archive/sundubujjigae,바지락,바지락
순두부찌개,얼큰 돼지고기 순두부찌개,https://semie.cooking/recipe-lab/archive/sundubujjigae,식용유,식용유
순두부찌개,얼큰 돼지고기 순두부찌개,https://semie.cooking/recipe-lab/archive/sundubujjigae,달걀,계란
순두부찌개,얼큰 돼지고기 순두부찌개,https://semie.cooking/recipe-lab/archive/sundubujjigae,연두순,순
순두부찌개,얼큰 돼지고기 순두부찌개,https://semie.cooking/recipe-lab/archive/sundubujjigae,고추기름,고추
순두부찌개,얼큰 돼지고기 순두부찌개,https://semie.cooking/recipe-lab/archive/sundubujjigae,고춧가루,고춧가루
순두부찌개,얼큰 돼지고기 순두부찌개,https://semie.cooking/recipe-lab/archive/sundubujjigae,후추 약간,후춧가루
순두부찌개,추운 겨울에는~! 보들보들 순두부 찌개 🍲,https://semie.cooking/cooking/id/6411,순두부,두부
순두부찌개,추운 겨울에는~! 보들보들 순두부 찌개 🍲,https://semie.cooking/cooking/id/6411,버섯 (마음대로!,버섯(마음대로!
순두부찌개,추운 겨울에는~! 보들보들 순두부 찌개 🍲,https://semie.cooking/cooking/id/6411,양파,양파
순두부찌개,추운 겨울에는~! 보들보들 순두부 찌개 🍲,https://semie.cooking/cooking/id/6411,대파 취향껏,대파
순두부찌개,추운 겨울에는~! 보들보들 순두부 찌개 🍲,https://semie.cooking/cooking/id/6411,무 조금,무
순두부찌개,추운 겨울에는~! 보들보들 순두부 찌개 🍲,https://semie.cooking/cooking/id/6411,계란,계란
순두부찌개,추운 겨울에는~! 보들보들 순두부 찌개 🍲,https://semie.cooking/cooking/id/6411,샘표 순두부찌개 양념,두부
순두부찌개,[새미즈] 칼질솔루션을 통한 양파손질후 순두부찌개 만들기!,https://semie.cooking/cooking/id/4821,순두부,두부
순두부찌개,[새미즈] 칼질솔루션을 통한 양파손질후 순두부찌개 만들기!,https://semie.cooking/cooking/id/4821,양파,양파
순두부찌개,[새미즈] 칼질솔루션을 통한 양파손질후 순두부찌개 만들기!,https://semie.cooking/cooking/id/4821,연두,연두
부대찌개,보글보글 부대찌개,https://semie.cooking/recipe-lab/archive/budaejjigae,통조림햄,햄
부대찌개,보글보글 부대찌개,https://semie.cooking/recipe-lab/archive/budaejjigae,스모크햄,햄
부대찌개,보글보글 부대찌개,https://semie.cooking/recipe-lab/archive/budaejjigae,프랑크 소시지,프랑크소시지
부대찌개,보글보글 부대찌개,https://semie.cooking/recipe-lab/archive/budaejjigae,볶음김치,배추김치
부대찌개,보글보글 부대찌개,https://semie.cooking/recipe-lab/archive/budaejjigae,대파,대파
부대찌개,보글보글 부대찌개,https://semie.cooking/recipe-lab/archive/budaejjigae,양파,양파
부대찌개,보글보글 부대찌개,https://semie.cooking/recipe-lab/archive/budaejjigae,조랭이떡,떡
부대찌개,보글보글 부대찌개,https://semie.cooking/recipe-lab/archive/budaejjigae,연두진,진
부대찌개,보글보글 부대찌개,https://semie.cooking/recipe-lab/archive/budaejjigae,다진 마늘,마늘
부대찌개,보글보글 부대찌개,https://semie.cooking/recipe-lab/archive/budaejjigae,고춧가루,고춧가루
부대찌개,보글보글 부대찌개,https://semie.cooking/recipe-lab/archive/budaejjigae,물,물
부대찌개,보글보글 부대찌개,https://semie.cooking/recipe-lab/archive/budaejjigae,연두링(사골과 한우,소고기
부대찌개,초초초간단 부대찌개,https://semie.cooking/cooking/id/5183,스팸,햄
부대찌개,초초초간단 부대찌개,https://semie.cooking/cooking/id/5183,프랑크소시지,프랑크소시지
부대찌개,초초초간단 부대찌개,https://semie.cooking/cooking/id/5183,두부 반모,두부
부대찌개,초초초간단 부대찌개,https://semie.cooking/cooking/id/5183,"좋아하는 야채 취향껏 (양파, 고추, 배추",양파
부대찌개,초초초간단 부대찌개,https://semie.cooking/cooking/id/5183,김치,배추김치
부대찌개,초초초간단 부대찌개,https://semie.cooking/cooking/id/5183,사골육수,사골
부대찌개,초초초간단 부대찌개,https://semie.cooking/cooking/id/5183,연두,연두
부대찌개,초초초간단 부대찌개,https://semie.cooking/cooking/id/5183,연두링,링
부대찌개,초초초간단 부대찌개,https://semie.cooking/cooking/id/5183,고춧가루,고춧가루
부대찌개,초초초간단 부대찌개,https://semie.cooking/cooking/id/5183,다진마늘,마늘
갈비찜,밥솥 갈비찜,https://semie.cooking/recipe-lab/archive/rice-cooker-short-ribs,소갈비,갈비
갈비찜,밥솥 갈비찜,https://semie.cooking/recipe-lab/archive/rice-cooker-short-ribs,표고버섯,표고버섯
갈비찜,밥솥 갈비찜,https://semie.cooking/recipe-lab/archive/rice-cooker-short-ribs,대파,대파
갈비찜,밥솥 갈비찜,https://semie.cooking/recipe-lab/archive/rice-cooker-short-ribs,양파,양파
갈비찜,밥솥 갈비찜,https://semie.cooking/recipe-lab/archive/rice-cooker-short-ribs,당근,당근
갈비찜,밥솥 갈비찜,https://semie.cooking/recipe-lab/archive/rice-cooker-short-ribs,무,무
갈비찜,밥솥 갈비찜,https://semie.cooking/recipe-lab/archive/rice-cooker-short-ribs,샘표 조선갈비양념,갈비
갈비찜,밥솥 갈비찜,https://semie.cooking/recipe-lab/archive/rice-cooker-short-ribs,물,물
갈비찜,메인요리 끝판왕 갈비찜,https://semie.cooking/recipe-lab/archive/sogalbijjim,소갈비(찜용,갈비
갈비찜,메인요리 끝판왕 갈비찜,https://semie.cooking/recipe-lab/archive/sogalbijjim,물,물
갈비찜,메인요리 끝판왕 갈비찜,https://semie.cooking/recipe-lab/archive/sogalbijjim,감자,감자
갈비찜,메인요리 끝판왕 갈비찜,https://semie.cooking/recipe-lab/archive/sogalbijjim,당근,당근
갈비찜,메인요리 끝판왕 갈비찜,https://semie.cooking/recipe-lab/archive/sogalbijjim,무,무
갈비찜,메인요리 끝판왕 갈비찜,https://semie.cooking/recipe-lab/archive/sogalbijjim,대파,대파
갈비찜,메인요리 끝판왕 갈비찜,https://semie.cooking/recipe-lab/archive/sogalbijjim,홍고추,고추
갈비찜,메인요리 끝판왕 갈비찜,https://semie.cooking/recipe-lab/archive/sogalbijjim,청고추,청양고추
갈비찜,메인요리 끝판왕 갈비찜,https://semie.cooking/recipe-lab/archive/sogalbijjim,새미네부엌 장조림소스,새미네부엌장조림소스
갈비찜,메인요리 끝판왕 갈비찜,https://semie.cooking/recipe-lab/archive/sogalbijjim,물,물
갈비찜,메인요리 끝판왕 갈비찜,https://semie.cooking/recipe-lab/archive/sogalbijjim,통후추,후춧가루
갈비찜,메인요리 끝판왕 갈비찜,https://semie.cooking/recipe-lab/archive/sogalbijjim,월계수잎,월계수잎
갈비찜,엄마스타일 갈비찜 만들기,https://semie.cooking/cooking/id/7836,소고기 갈비,소고기
갈비찜,엄마스타일 갈비찜 만들기,https://semie.cooking/cooking/id/7836,당근,당근
갈비찜,엄마스타일 갈비찜 만들기,https://semie.cooking/cooking/id/7836,무,무
갈비찜,엄마스타일 갈비찜 만들기,https://semie.cooking/cooking/id/7836,꽈리고추,고추
갈비찜,엄마스타일 갈비찜 만들기,https://semie.cooking/cooking/id/7836,파인애플,파인애플
갈비찜,엄마스타일 갈비찜 만들기,https://semie.cooking/cooking/id/7836,버섯,버섯
갈비찜,엄마스타일 갈비찜 만들기,https://semie.cooking/cooking/id/7836,알밤(시판용,알밤(
갈비찜,엄마스타일 갈비찜 만들기,https://semie.cooking/cooking/id/7836,간장,간장
갈비찜,엄마스타일 갈비찜 만들기,https://semie.cooking/cooking/id/7836,올리고당(설탕,설탕
갈비찜,엄마스타일 갈비찜 만들기,https://semie.cooking/cooking/id/7836,맛술,맛술
갈비찜,엄마스타일 갈비찜 만들기,https://semie.cooking/cooking/id/7836,생강즙,생강
갈비찜,엄마스타일 갈비찜 만들기,https://semie.cooking/cooking/id/7836,다진마늘,마늘
족발,"족발의 색다른 변신, 카오카무",https://semie.cooking/recipe-lab/archive/kao-kha-moo,족발,족발
족발,"족발의 색다른 변신, 카오카무",https://semie.cooking/recipe-lab/archive/kao-kha-moo,밥,밥
족발,"족발의 색다른 변신, 카오카무",https://semie.cooking/recipe-lab/archive/kao-kha-moo,양파,양파
족발,"족발의 색다른 변신, 카오카무",https://semie.cooking/recipe-lab/archive/kao-kha-moo,대파(흰 부분,대파
족발,"족발의 색다른 변신, 카오카무",https://semie.cooking/recipe-lab/archive/kao-kha-moo,풋고추,고추
족발,"족발의 색다른 변신, 카오카무",https://semie.cooking/recipe-lab/archive/kao-kha-moo,홍고추,고추
족발,"족발의 색다른 변신, 카오카무",https://semie.cooking/recipe-lab/archive/kao-kha-moo,식용유,식용유
족발,"족발의 색다른 변신, 카오카무",https://semie.cooking/recipe-lab/archive/kao-kha-moo,생강,생강
족발,"족발의 색다른 변신, 카오카무",https://semie.cooking/recipe-lab/archive/kao-kha-moo,새미네부엌 장조림소스,새미네부엌장조림소스
족발,"족발의 색다른 변신, 카오카무",https://semie.cooking/recipe-lab/archive/kao-kha-moo,물,물
족발,"족발의 색다른 변신, 카오카무",https://semie.cooking/recipe-lab/archive/kao-kha-moo,달걀 노른자,계란
족발,"족발의 색다른 변신, 카오카무",https://semie.cooking/recipe-lab/archive/kao-kha-moo,쪽파,쪽파
족발,배달시키고 남은 족발로 5분만에 불족발 만들기!! 초초초간단😌,https://semie.cooking/cooking/id/4709,남은 족발,남은족발
족발,배달시키고 남은 족발로 5분만에 불족발 만들기!! 초초초간단😌,https://semie.cooking/cooking/id/4709,양파 또는 파를 넣어주면 좋은데 전 없어서 생략~ㅋ,양파
족발,배달시키고 남은 족발로 5분만에 불족발 만들기!! 초초초간단😌,https://semie.cooking/cooking/id/4709,간장,간장
족발,배달시키고 남은 족발로 5분만에 불족발 만들기!! 초초초간단😌,https://semie.cooking/cooking/id/4709,고추장,고추장
족발,배달시키고 남은 족발로 5분만에 불족발 만들기!! 초초초간단😌,https://semie.cooking/cooking/id/4709,고춧가루,고춧가루
족발,배달시키고 남은 족발로 5분만에 불족발 만들기!! 초초초간단😌,https://semie.cooking/cooking/id/4709,다진마늘,마늘
족발,배달시키고 남은 족발로 5분만에 불족발 만들기!! 초초초간단😌,https://semie.cooking/cooking/id/4709,설탕,설탕
족발,배달시키고 남은 족발로 5분만에 불족발 만들기!! 초초초간단😌,https://semie.cooking/cooking/id/4709,매실액,매실액
족발,배달시키고 남은 족발로 5분만에 불족발 만들기!! 초초초간단😌,https://semie.cooking/cooking/id/4709,식용유,식용유
족발,배달시키고 남은 족발로 5분만에 불족발 만들기!! 초초초간단😌,https://semie.cooking/cooking/id/4709,연두 청양초,청양초
족발,배달시키고 남은 족발로 5분만에 불족발 만들기!! 초초초간단😌,https://semie.cooking/cooking/id/4709,후추,후춧가루
갈비탕,LA갈비로 만든 라-갈비탕,https://semie.cooking/recipe-lab/archive/la-galbitang,LA갈비,갈비
갈비탕,LA갈비로 만든 라-갈비탕,https://semie.cooking/recipe-lab/archive/la-galbitang,물,물
갈비탕,LA갈비로 만든 라-갈비탕,https://semie.cooking/recipe-lab/archive/la-galbitang,대파,대파
갈비탕,LA갈비로 만든 라-갈비탕,https://semie.cooking/recipe-lab/archive/la-galbitang,통후추,후춧가루
갈비탕,LA갈비로 만든 라-갈비탕,https://semie.cooking/recipe-lab/archive/la-galbitang,연두순,순
갈비탕,LA갈비로 만든 라-갈비탕,https://semie.cooking/recipe-lab/archive/la-galbitang,물,물
삼계탕,초간단 백숙삼계탕,https://semie.cooking/recipe-lab/archive/super-easy-baeksuk-samgyetang,닭,닭고기
삼계탕,초간단 백숙삼계탕,https://semie.cooking/recipe-lab/archive/super-easy-baeksuk-samgyetang,물,물
삼계탕,초간단 백숙삼계탕,https://semie.cooking/recipe-lab/archive/super-easy-baeksuk-samgyetang,새미네부엌 백숙 삼계탕 육수,새미네부엌백숙삼계탕육수
삼계탕,삼계탕 끓이는 법,https://semie.cooking/recipe-lab/archive/samgyetang,닭,닭고기
삼계탕,삼계탕 끓이는 법,https://semie.cooking/recipe-lab/archive/samgyetang,물,물
삼계탕,삼계탕 끓이는 법,https://semie.cooking/recipe-lab/archive/samgyetang,수삼,수삼
삼계탕,삼계탕 끓이는 법,https://semie.cooking/recipe-lab/archive/samgyetang,대파(흰 부분,대파
삼계탕,삼계탕 끓이는 법,https://semie.cooking/recipe-lab/archive/samgyetang,대추,대추
삼계탕,삼계탕 끓이는 법,https://semie.cooking/recipe-lab/archive/samgyetang,밤,밤
삼계탕,삼계탕 끓이는 법,https://semie.cooking/recipe-lab/archive/samgyetang,마늘,마늘
삼계탕,삼계탕 끓이는 법,https://semie.cooking/recipe-lab/archive/samgyetang,찹쌀,찹쌀
삼계탕,삼계탕 끓이는 법,https://semie.cooking/recipe-lab/archive/samgyetang,청주,맛술
삼계탕,삼계탕 끓이는 법,https://semie.cooking/recipe-lab/archive/samgyetang,연두순,순
삼계탕,삼계탕 끓이는 법,https://semie.cooking/recipe-lab/archive/samgyetang,소금 약간,소금
삼계탕,삼계탕 끓이는 법,https://semie.cooking/recipe-lab/archive/samgyetang,후추 약간,후춧가루
삼계탕,으슬으슬 할 땐 백숙 삼계탕!,https://semie.cooking/cooking/id/7417,닭,닭고기
삼계탕,으슬으슬 할 땐 백숙 삼계탕!,https://semie.cooking/cooking/id/7417,물,물
삼계탕,으슬으슬 할 땐 백숙 삼계탕!,https://semie.cooking/cooking/id/7417,찹쌀 반 컵,찹쌀반컵
삼계탕,으슬으슬 할 땐 백숙 삼계탕!,https://semie.cooking/cooking/id/7417,새미네부엌 백숙 삼계탕 육수 한 봉,새미네부엌백숙삼계탕육수한봉
삼계탕,🐓복날엔 새미네부엌 백숙 삼계탕 육수를 활용한 찐~한 삼계탕!,https://semie.cooking/cooking/id/7216,영계 생닭,닭고기
삼계탕,🐓복날엔 새미네부엌 백숙 삼계탕 육수를 활용한 찐~한 삼계탕!,https://semie.cooking/cooking/id/7216,불린 찹쌀,불린찹쌀
삼계탕,🐓복날엔 새미네부엌 백숙 삼계탕 육수를 활용한 찐~한 삼계탕!,https://semie.cooking/cooking/id/7216,마늘,마늘
삼계탕,🐓복날엔 새미네부엌 백숙 삼계탕 육수를 활용한 찐~한 삼계탕!,https://semie.cooking/cooking/id/7216,대추,대추
삼계탕,🐓복날엔 새미네부엌 백숙 삼계탕 육수를 활용한 찐~한 삼계탕!,https://semie.cooking/cooking/id/7216,은행,은행
삼계탕,🐓복날엔 새미네부엌 백숙 삼계탕 육수를 활용한 찐~한 삼계탕!,https://semie.cooking/cooking/id/7216,인삼,인삼
삼계탕,🐓복날엔 새미네부엌 백숙 삼계탕 육수를 활용한 찐~한 삼계탕!,https://semie.cooking/cooking/id/7216,새미네부엌 백숙 삼계탕 육수,새미네부엌백숙삼계탕육수
삼계탕,초복맞이 삼계탕,https://semie.cooking/cooking/id/7158,영계닭,닭고기
삼계탕,초복맞이 삼계탕,https://semie.cooking/cooking/id/7158,수삼,수삼
삼계탕,초복맞이 삼계탕,https://semie.cooking/cooking/id/7158,깐마늘,마늘
삼계탕,초복맞이 삼계탕,https://semie.cooking/cooking/id/7158,"찹쌀,녹두, 건대추,깐밤 조금","찹쌀,녹두,건대추,깐밤조금"
삼계탕,초복맞이 삼계탕,https://semie.cooking/cooking/id/7158,전복,전복
삼계탕,초복맞이 삼계탕,https://semie.cooking/cooking/id/7158,다진 대파,대파
새우튀김,"바삭함 가득, 새우튀김",https://semie.cooking/recipe-lab/archive/fried-shrimp,생새우,새우
새우튀김,"바삭함 가득, 새우튀김",https://semie.cooking/recipe-lab/archive/fried-shrimp,식용유,식용유
새우튀김,"바삭함 가득, 새우튀김",https://semie.cooking/recipe-lab/archive/fried-shrimp,소금 약간,소금
새우튀김,"바삭함 가득, 새우튀김",https://semie.cooking/recipe-lab/archive/fried-shrimp,튀김가루,김
새우튀김,"바삭함 가득, 새우튀김",https://semie.cooking/recipe-lab/archive/fried-shrimp,물,물
새우튀김,"바삭함 가득, 새우튀김",https://semie.cooking/recipe-lab/archive/fried-shrimp,튀김가루,김
호떡,부들쫀떡 감자호떡,https://semie.cooking/recipe-lab/archive/gamja-hotteok,감자,감자
호떡,부들쫀떡 감자호떡,https://semie.cooking/recipe-lab/archive/gamja-hotteok,감자전분,전분
호떡,부들쫀떡 감자호떡,https://semie.cooking/recipe-lab/archive/gamja-hotteok,찹쌀가루,찹쌀가루
호떡,부들쫀떡 감자호떡,https://semie.cooking/recipe-lab/archive/gamja-hotteok,물,물
호떡,부들쫀떡 감자호떡,https://semie.cooking/recipe-lab/archive/gamja-hotteok,버터,버터
호떡,부들쫀떡 감자호떡,https://semie.cooking/recipe-lab/archive/gamja-hotteok,감태,감태
호떡,부들쫀떡 감자호떡,https://semie.cooking/recipe-lab/archive/gamja-hotteok,연두순,순
호떡,부들쫀떡 감자호떡,https://semie.cooking/recipe-lab/archive/gamja-hotteok,물엿,올리고당
호떡,부들쫀떡 감자호떡,https://semie.cooking/recipe-lab/archive/gamja-hotteok,소금 약간,소금
호떡,집에 있는 재료로 초간단호떡,https://semie.cooking/recipe-lab/archive/hotteok,식빵,식빵
호떡,집에 있는 재료로 초간단호떡,https://semie.cooking/recipe-lab/archive/hotteok,식용유,식용유
호떡,집에 있는 재료로 초간단호떡,https://semie.cooking/recipe-lab/archive/hotteok,설탕,설탕
호떡,집에 있는 재료로 초간단호떡,https://semie.cooking/recipe-lab/archive/hotteok,흑설탕,설탕
호떡,집에 있는 재료로 초간단호떡,https://semie.cooking/recipe-lab/archive/hotteok,견과류,견과류
호떡,홈메이드 호떡 도저언~!🧑‍🍳🧑‍🍳🧑‍🍳,https://semie.cooking/cooking/id/4653,시판 호떡믹스,호떡믹스
육회,"30분만에, 육회",https://semie.cooking/recipe-lab/archive/yukhoe,소고기 우둔살,소고기
육회,"30분만에, 육회",https://semie.cooking/recipe-lab/archive/yukhoe,쪽파,쪽파
육회,"30분만에, 육회",https://semie.cooking/recipe-lab/archive/yukhoe,영양부추,부추
육회,"30분만에, 육회",https://semie.cooking/recipe-lab/archive/yukhoe,연두순,순
육회,"30분만에, 육회",https://semie.cooking/recipe-lab/archive/yukhoe,설탕,설탕
육회,"30분만에, 육회",https://semie.cooking/recipe-lab/archive/yukhoe,참기름,참기름
육회,"30분만에, 육회",https://semie.cooking/recipe-lab/archive/yukhoe,깨,깨
육회,"30분만에, 육회",https://semie.cooking/recipe-lab/archive/yukhoe,달걀 노른자,계란
육회,"30분만에, 육회",https://semie.cooking/recipe-lab/archive/yukhoe,배,배
