menu_name,ingredient_canonical,n_total,k_count,freq,alpha_prior,beta_prior
간장게장,간장,911,908,0.997,909.0,4.0
간장게장,마늘,911,599,0.658,600.0,313.0
간장게장,설탕,911,581,0.638,582.0,331.0
간장게장,후춧가루,911,494,0.542,495.0,418.0
간장게장,맛술,911,467,0.513,468.0,445.0
간장게장,참기름,911,440,0.483,441.0,472.0
간장게장,통깨,911,402,0.441,403.0,510.0
간장게장,소금,911,398,0.437,399.0,514.0
간장게장,물,911,365,0.401,366.0,547.0
간장게장,대파,911,364,0.4,365.0,548.0
간장게장,식용유,911,354,0.389,355.0,558.0
간장게장,양파,911,352,0.386,353.0,560.0
간장게장,올리고당,911,307,0.337,308.0,605.0
간장게장,식초,911,271,0.297,272.0,641.0
간장게장,고추,911,257,0.282,258.0,655.0
간장게장,고춧가루,911,249,0.273,250.0,663.0
간장게장,생강,911,200,0.22,201.0,712.0
간장게장,청양고추,911,185,0.203,186.0,727.0
간장게장,계란,911,152,0.167,153.0,760.0
간장게장,고추장,911,137,0.15,138.0,775.0
간장게장,돼지고기,911,136,0.149,137.0,776.0
간장게장,당근,911,132,0.145,133.0,780.0
간장게장,쪽파,911,125,0.137,126.0,787.0
간장게장,소고기,911,123,0.135,124.0,789.0
간장게장,굴소스,911,109,0.12,110.0,803.0
간장게장,오이,911,96,0.105,97.0,816.0
간장게장,밥,911,94,0.103,95.0,818.0
간장게장,표고버섯,911,89,0.098,90.0,823.0
간장게장,무,911,88,0.097,89.0,824.0
간장게장,전분,911,86,0.094,87.0,826.0
간장게장,두부,911,77,0.085,78.0,835.0
간장게장,닭고기,911,73,0.08,74.0,839.0
간장게장,김,911,72,0.079,73.0,840.0
간장게장,깻잎,911,62,0.068,63.0,850.0
간장게장,멸치,911,62,0.068,63.0,850.0
간장게장,부추,911,60,0.066,61.0,852.0
간장게장,다시마,911,59,0.065,60.0,853.0
간장게장,양배추,911,57,0.063,58.0,855.0
간장게장,새우,911,53,0.058,54.0,859.0
간장게장,매실액,911,51,0.056,52.0,861.0
간장게장,애호박,911,51,0.056,52.0,861.0
간장게장,파프리카,911,48,0.053,49.0,864.0
간장게장,쌀,911,48,0.053,49.0,864.0
간장게장,육수,911,44,0.048,45.0,868.0
간장게장,들기름,911,42,0.046,43.0,870.0
간장게장,멸치액젓,911,41,0.045,42.0,871.0
간장게장,연겨자,911,40,0.044,41.0,872.0
간장게장,배추김치,911,39,0.043,40.0,873.0
간장게장,밀가루,911,37,0.041,38.0,875.0
간장게장,된장,911,36,0.04,37.0,876.0
간장게장,가지,911,35,0.038,36.0,877.0
간장게장,버터,911,33,0.036,34.0,879.0
간장게장,치즈,911,32,0.035,33.0,880.0
간장게장,오징어,911,32,0.035,33.0,880.0
간장게장,레몬즙,911,32,0.035,33.0,880.0
간장게장,부침가루,911,32,0.035,33.0,880.0
간장게장,감자,911,31,0.034,32.0,881.0
간장게장,깨,911,31,0.034,32.0,881.0
간장게장,팽이버섯,911,31,0.034,32.0,881.0
간장게장,배추,911,30,0.033,31.0,882.0
간장게장,채소,911,29,0.032,30.0,883.0
간장게장,떡,911,29,0.032,30.0,883.0
간장게장,새송이버섯,911,29,0.032,30.0,883.0
간장게장,숙주,911,28,0.031,29.0,884.0
간장게장,콩나물,911,27,0.03,28.0,885.0
간장게장,꿀,911,27,0.03,28.0,885.0
간장게장,치킨파우더,911,27,0.03,28.0,885.0
간장게장,마요네즈,911,25,0.027,26.0,887.0
간장게장,미나리,911,25,0.027,26.0,887.0
간장게장,월계수잎,911,25,0.027,26.0,887.0
간장게장,어묵,911,25,0.027,26.0,887.0
간장게장,우엉,911,24,0.026,25.0,888.0
간장게장,청경채,911,24,0.026,25.0,888.0
간장게장,느타리버섯,911,24,0.026,25.0,888.0
간장게장,케첩,911,23,0.025,24.0,889.0
간장게장,연근,911,21,0.023,22.0,891.0
간장게장,우유,911,20,0.022,21.0,892.0
간장게장,당면,911,20,0.022,21.0,892.0
간장게장,두반장,911,20,0.022,21.0,892.0
간장게장,레몬,911,19,0.021,20.0,893.0
간장게장,현미밥,911,19,0.021,20.0,893.0
간장게장,유자청,911,18,0.02,19.0,894.0
간장게장,소면,911,17,0.019,18.0,895.0
간장게장,방울토마토,911,17,0.019,18.0,895.0
간장게장,토마토,911,17,0.019,18.0,895.0
간장게장,브로콜리,911,16,0.018,17.0,896.0
간장게장,샐러리,911,16,0.018,17.0,896.0
간장게장,배,911,16,0.018,17.0,896.0
간장게장,참치액,911,15,0.016,16.0,897.0
간장게장,목이버섯,911,15,0.016,16.0,897.0
간장게장,고수,911,15,0.016,16.0,897.0
간장게장,시금치,911,14,0.015,15.0,898.0
간장게장,청피망,911,14,0.015,15.0,898.0
간장게장,만가닥버섯,911,14,0.015,15.0,898.0
간장게장,아보카도,911,12,0.013,13.0,900.0
간장게장,찹쌀가루,911,12,0.013,13.0,900.0
간장게장,참치캔,911,12,0.013,13.0,900.0
간장게장,죽순,911,12,0.013,13.0,900.0
간장게장,사과,911,11,0.012,12.0,901.0
간장게장,달래,911,11,0.012,12.0,901.0
간장게장,가쓰오부시,911,11,0.012,12.0,901.0
간장게장,쯔유,911,11,0.012,12.0,901.0
간장게장,단무지,911,11,0.012,12.0,901.0
간장게장,노두유,911,11,0.012,12.0,901.0
간장게장,파슬리가루,911,10,0.011,11.0,902.0
간장게장,녹말가루,911,10,0.011,11.0,902.0
간장게장,배즙,911,10,0.011,11.0,902.0
간장게장,갓,911,10,0.011,11.0,902.0
간장게장,페페론치노,911,10,0.011,11.0,902.0
간장게장,냉이,911,9,0.01,10.0,903.0
간장게장,전복,911,9,0.01,10.0,903.0
간장게장,라임,911,9,0.01,10.0,903.0
간장게장,햄,911,9,0.01,10.0,903.0
간장게장,채수,911,9,0.01,10.0,903.0
간장게장,김치국물,911,9,0.01,10.0,903.0
간장게장,검은깨,911,8,0.009,9.0,904.0
간장게장,메밀면,911,8,0.009,9.0,904.0
간장게장,팔각,911,8,0.009,9.0,904.0
간장게장,카레가루,911,8,0.009,9.0,904.0
간장게장,찹쌀,911,8,0.009,9.0,904.0
간장게장,양상추,911,8,0.009,9.0,904.0
간장게장,잣가루,911,8,0.009,9.0,904.0
간장게장,양송이버섯,911,8,0.009,9.0,904.0
간장게장,상추,911,8,0.009,9.0,904.0
간장게장,라이스페이퍼,911,8,0.009,9.0,904.0
간장게장,홍피망,911,8,0.009,9.0,904.0
간장게장,산초기름,911,8,0.009,9.0,904.0
간장게장,두릅,911,7,0.008,8.0,905.0
간장게장,밤,911,7,0.008,8.0,905.0
간장게장,불린쌀,911,7,0.008,8.0,905.0
간장게장,굴,911,7,0.008,8.0,905.0
간장게장,와사비,911,7,0.008,8.0,905.0
간장게장,봄동,911,7,0.008,8.0,905.0
간장게장,베이컨,911,7,0.008,8.0,905.0
간장게장,피망,911,7,0.008,8.0,905.0
간장게장,파슬리,911,7,0.008,8.0,905.0
간장게장,땅콩,911,7,0.008,8.0,905.0
간장게장,대추,911,6,0.007,7.0,906.0
간장게장,잣,911,6,0.007,7.0,906.0
간장게장,낙지,911,6,0.007,7.0,906.0
간장게장,은행,911,6,0.007,7.0,906.0
간장게장,치커리,911,6,0.007,7.0,906.0
간장게장,올리브,911,6,0.007,7.0,906.0
간장게장,차가운물,911,6,0.007,7.0,906.0
간장게장,꼬치,911,6,0.007,7.0,906.0
간장게장,스위트칠리소스,911,6,0.007,7.0,906.0
간장게장,멸치육수,911,6,0.007,7.0,906.0
간장게장,꼬막,911,6,0.007,7.0,906.0
간장게장,고등어,911,6,0.007,7.0,906.0
간장게장,주꾸미,911,6,0.007,7.0,906.0
간장게장,와인,911,6,0.007,7.0,906.0
간장게장,로즈마리,911,6,0.007,7.0,906.0
간장게장,정종,911,5,0.005,6.0,907.0
간장게장,토르티야,911,5,0.005,6.0,907.0
간장게장,고구마,911,5,0.005,6.0,907.0
간장게장,유부,911,5,0.005,6.0,907.0
간장게장,세발나물,911,5,0.005,6.0,907.0
간장게장,비트,911,5,0.005,6.0,907.0
간장게장,만두,911,5,0.005,6.0,907.0
간장게장,식물성유,911,5,0.005,6.0,907.0
간장게장,황태,911,5,0.005,6.0,907.0
간장게장,파스타면,911,5,0.005,6.0,907.0
간장게장,빵가루,911,5,0.005,6.0,907.0
간장게장,적채,911,5,0.005,6.0,907.0
간장게장,파인애플,911,5,0.005,6.0,907.0
간장게장,중면,911,5,0.005,6.0,907.0
간장게장,연와사비,911,5,0.005,6.0,907.0
간장게장,갈비,911,5,0.005,6.0,907.0
간장게장,스리라차,911,5,0.005,6.0,907.0
간장게장,피쉬소스,911,5,0.005,6.0,907.0
간장게장,가다랑어포,911,4,0.004,5.0,908.0
간장게장,스리라차소스,911,4,0.004,5.0,908.0
간장게장,현미,911,4,0.004,5.0,908.0
간장게장,취나물,911,4,0.004,5.0,908.0
간장게장,더덕,911,4,0.004,5.0,908.0
간장게장,바지락,911,4,0.004,5.0,908.0
간장게장,곤약,911,4,0.004,5.0,908.0
간장게장,명란젓,911,4,0.004,5.0,908.0
간장게장,호두,911,4,0.004,5.0,908.0
간장게장,들깨가루,911,4,0.004,5.0,908.0
간장게장,파,911,4,0.004,5.0,908.0
간장게장,청상추,911,4,0.004,5.0,908.0
간장게장,메이플시럽,911,4,0.004,5.0,908.0
간장게장,메추리알,911,4,0.004,5.0,908.0
간장게장,순살고등어,911,4,0.004,5.0,908.0
간장게장,골뱅이통조림,911,4,0.004,5.0,908.0
간장게장,치킨스톡,911,4,0.004,5.0,908.0
간장게장,연유,911,4,0.004,5.0,908.0
간장게장,맛살,911,4,0.004,5.0,908.0
간장게장,돌나물,911,4,0.004,5.0,908.0
간장게장,알룰로스,911,4,0.004,5.0,908.0
간장게장,홀그레인머스터드,911,4,0.004,5.0,908.0
간장게장,실곤약,911,4,0.004,5.0,908.0
간장게장,쌈무,911,4,0.004,5.0,908.0
간장게장,생면,911,4,0.004,5.0,908.0
간장게장,춘장,911,4,0.004,5.0,908.0
간장게장,비건마요네즈,911,4,0.004,5.0,908.0
간장게장,백만송이버섯,911,4,0.004,5.0,908.0
간장게장,청양초,911,4,0.004,5.0,908.0
간장게장,샬롯,911,4,0.004,5.0,908.0
간장게장,꽃게,911,3,0.003,4.0,909.0
간장게장,라임즙,911,3,0.003,4.0,909.0
간장게장,강황가루,911,3,0.003,4.0,909.0
간장게장,홍합살,911,3,0.003,4.0,909.0
간장게장,발사믹,911,3,0.003,4.0,909.0
간장게장,참나물,911,3,0.003,4.0,909.0
간장게장,항정살,911,3,0.003,4.0,909.0
간장게장,크래미,911,3,0.003,4.0,909.0
간장게장,훈제오리,911,3,0.003,4.0,909.0
간장게장,다진잣,911,3,0.003,4.0,909.0
간장게장,들깻가루,911,3,0.003,4.0,909.0
간장게장,마,911,3,0.003,4.0,909.0
간장게장,생곤드레,911,3,0.003,4.0,909.0
간장게장,가쓰오다시,911,3,0.003,4.0,909.0
간장게장,생크림,911,3,0.003,4.0,909.0
간장게장,셀러리,911,3,0.003,4.0,909.0
간장게장,얼음,911,3,0.003,4.0,909.0
간장게장,시판깨소스,911,3,0.003,4.0,909.0
간장게장,도토리가루,911,3,0.003,4.0,909.0
간장게장,면수,911,3,0.003,4.0,909.0
간장게장,비엔나소시지,911,3,0.003,4.0,909.0
간장게장,참치,911,3,0.003,4.0,909.0
간장게장,베이컨슬라이스,911,3,0.003,4.0,909.0
간장게장,잡육육수,911,3,0.003,4.0,909.0
간장게장,바지락살,911,3,0.003,4.0,909.0
간장게장,파채,911,3,0.003,4.0,909.0
간장게장,칠리소스,911,3,0.003,4.0,909.0
간장게장,불린현미,911,3,0.003,4.0,909.0
간장게장,산초가루,911,3,0.003,4.0,909.0
간장게장,생굴,911,3,0.003,4.0,909.0
간장게장,다진땅콩,911,3,0.003,4.0,909.0
간장게장,우동면,911,3,0.003,4.0,909.0
간장게장,스파게티면,911,3,0.003,4.0,909.0
간장게장,소시지,911,3,0.003,4.0,909.0
간장게장,루꼴라,911,3,0.003,4.0,909.0
간장게장,다진견과류,911,3,0.003,4.0,909.0
간장게장,술,911,3,0.003,4.0,909.0
간장게장,홀토마토,911,3,0.003,4.0,909.0
간장게장,라디치오,911,3,0.003,4.0,909.0
간장게장,잎상추,911,3,0.003,4.0,909.0
간장게장,큐민가루,911,2,0.002,3.0,910.0
간장게장,볶은땅콩,911,2,0.002,3.0,910.0
간장게장,삼치,911,2,0.002,3.0,910.0
간장게장,생연어,911,2,0.002,3.0,910.0
간장게장,렌틸콩,911,2,0.002,3.0,910.0
간장게장,대하,911,2,0.002,3.0,910.0
간장게장,부지깽이,911,2,0.002,3.0,910.0
간장게장,누룽지,911,2,0.002,3.0,910.0
간장게장,시판낫또,911,2,0.002,3.0,910.0
간장게장,청포묵,911,2,0.002,3.0,910.0
간장게장,매생이,911,2,0.002,3.0,910.0
간장게장,공기밥,911,2,0.002,3.0,910.0
간장게장,열무,911,2,0.002,3.0,910.0
간장게장,낫또,911,2,0.002,3.0,910.0
간장게장,은달래,911,2,0.002,3.0,910.0
간장게장,총각무,911,2,0.002,3.0,910.0
간장게장,고노와다,911,2,0.002,3.0,910.0
간장게장,깍두기,911,2,0.002,3.0,910.0
간장게장,깐은행,911,2,0.002,3.0,910.0
간장게장,불린찹쌀,911,2,0.002,3.0,910.0
간장게장,황기,911,2,0.002,3.0,910.0
간장게장,표고,911,2,0.002,3.0,910.0
간장게장,쑥,911,2,0.002,3.0,910.0
간장게장,레몬제스트,911,2,0.002,3.0,910.0
간장게장,도라지,911,2,0.002,3.0,910.0
간장게장,멥쌀,911,2,0.002,3.0,910.0
간장게장,메밀국수,911,2,0.002,3.0,910.0
간장게장,견과류,911,2,0.002,3.0,910.0
간장게장,해물코인육수,911,2,0.002,3.0,910.0
간장게장,산마,911,2,0.002,3.0,910.0
간장게장,부,911,2,0.002,3.0,910.0
간장게장,완두콩,911,2,0.002,3.0,910.0
간장게장,소꼬리,911,2,0.002,3.0,910.0
간장게장,석화,911,2,0.002,3.0,910.0
간장게장,믹스샐러드,911,2,0.002,3.0,910.0
간장게장,샐러드소스,911,2,0.002,3.0,910.0
간장게장,손질장어,911,2,0.002,3.0,910.0
간장게장,로즈메리,911,2,0.002,3.0,910.0
간장게장,다진달래,911,2,0.002,3.0,910.0
간장게장,아스파라거스,911,2,0.002,3.0,910.0
간장게장,옥수수통조림,911,2,0.002,3.0,910.0
간장게장,녹말,911,2,0.002,3.0,910.0
간장게장,로메인,911,2,0.002,3.0,910.0
간장게장,아몬드,911,2,0.002,3.0,910.0
간장게장,연어,911,2,0.002,3.0,910.0
간장게장,파기름,911,2,0.002,3.0,910.0
간장게장,버섯,911,2,0.002,3.0,910.0
간장게장,치킨육수,911,2,0.002,3.0,910.0
간장게장,계피,911,2,0.002,3.0,910.0
간장게장,불린샤미,911,2,0.002,3.0,910.0
간장게장,건미역,911,2,0.002,3.0,910.0
간장게장,페퍼론치노,911,2,0.002,3.0,910.0
간장게장,땅콩잼,911,2,0.002,3.0,910.0
간장게장,토마토페이스트,911,2,0.002,3.0,910.0
간장게장,쫄면,911,2,0.002,3.0,910.0
간장게장,새싹,911,2,0.002,3.0,910.0
간장게장,어린잎새싹,911,2,0.002,3.0,910.0
간장게장,데친쑥,911,2,0.002,3.0,910.0
간장게장,삶은고사리,911,2,0.002,3.0,910.0
간장게장,모듬견과류,911,2,0.002,3.0,910.0
간장게장,케일,911,2,0.002,3.0,910.0
간장게장,라면사리,911,2,0.002,3.0,910.0
간장게장,토마토소스,911,2,0.002,3.0,910.0
간장게장,돈가스소스,911,2,0.002,3.0,910.0
간장게장,냉동유부,911,2,0.002,3.0,910.0
간장게장,장어,911,2,0.002,3.0,910.0
간장게장,코다리,911,2,0.002,3.0,910.0
간장게장,미더덕,911,2,0.002,3.0,910.0
간장게장,허브가루,911,2,0.002,3.0,910.0
간장게장,사골,911,2,0.002,3.0,910.0
간장게장,가츠오부시,911,2,0.002,3.0,910.0
간장게장,잡곡밥,911,2,0.002,3.0,910.0
간장게장,비타민,911,2,0.002,3.0,910.0
간장게장,흰쌀밥,911,2,0.002,3.0,910.0
간장게장,조리유,911,2,0.002,3.0,910.0
간장게장,불린녹두,911,2,0.002,3.0,910.0
간장게장,골뱅이국물,911,2,0.002,3.0,910.0
간장게장,바게트,911,2,0.002,3.0,910.0
간장게장,시판바비큐소스,911,2,0.002,3.0,910.0
간장게장,버섯류,911,2,0.002,3.0,910.0
간장게장,베이크드빈스,911,2,0.002,3.0,910.0
간장게장,갈릭칠리페이스트,911,2,0.002,3.0,910.0
간장게장,그릭요거트,911,2,0.002,3.0,910.0
간장게장,다진딜,911,2,0.002,3.0,910.0
간장게장,머스터드,911,2,0.002,3.0,910.0
간장게장,쓰리라차소스,911,2,0.002,3.0,910.0
간장게장,취청오이,911,2,0.002,3.0,910.0
간장게장,땅콩가루,911,2,0.002,3.0,910.0
간장게장,쌀국수면,911,2,0.002,3.0,910.0
간장게장,다진베이컨,911,2,0.002,3.0,910.0
간장게장,청하,911,1,0.001,2.0,911.0
간장게장,볼락,911,1,0.001,2.0,911.0
간장게장,고사리,911,1,0.001,2.0,911.0
간장게장,색깔야채,911,1,0.001,2.0,911.0
간장게장,손질한고등어,911,1,0.001,2.0,911.0
간장게장,땅콩.캐슈넛,911,1,0.001,2.0,911.0
간장게장,토란,911,1,0.001,2.0,911.0
간장게장,모짜렐라볼,911,1,0.001,2.0,911.0
간장게장,래몬즙,911,1,0.001,2.0,911.0
간장게장,매실효소,911,1,0.001,2.0,911.0
간장게장,민물장어,911,1,0.001,2.0,911.0
간장게장,궁채,911,1,0.001,2.0,911.0
간장게장,고구마잎,911,1,0.001,2.0,911.0
간장게장,명이나물,911,1,0.001,2.0,911.0
간장게장,크러쉬드레드페퍼,911,1,0.001,2.0,911.0
간장게장,생유부,911,1,0.001,2.0,911.0
간장게장,톳,911,1,0.001,2.0,911.0
간장게장,참마,911,1,0.001,2.0,911.0
간장게장,염장톳또는미역,911,1,0.001,2.0,911.0
간장게장,통들깨,911,1,0.001,2.0,911.0
간장게장,연어살,911,1,0.001,2.0,911.0
간장게장,피문어슬라이스,911,1,0.001,2.0,911.0
간장게장,초밥용초,911,1,0.001,2.0,911.0
간장게장,딸기,911,1,0.001,2.0,911.0
간장게장,관자,911,1,0.001,2.0,911.0
간장게장,광어회,911,1,0.001,2.0,911.0
간장게장,감태,911,1,0.001,2.0,911.0
간장게장,껍질땅콩,911,1,0.001,2.0,911.0
간장게장,궁채잎,911,1,0.001,2.0,911.0
간장게장,뱅어포,911,1,0.001,2.0,911.0
간장게장,소세지,911,1,0.001,2.0,911.0
간장게장,대추방울토마토,911,1,0.001,2.0,911.0
간장게장,흰만가닥버섯,911,1,0.001,2.0,911.0
간장게장,현미즉석밥,911,1,0.001,2.0,911.0
간장게장,모둠건해초,911,1,0.001,2.0,911.0
간장게장,양장피,911,1,0.001,2.0,911.0
간장게장,건곤드레,911,1,0.001,2.0,911.0
간장게장,작은연근,911,1,0.001,2.0,911.0
간장게장,정어리통조림,911,1,0.001,2.0,911.0
간장게장,현미유,911,1,0.001,2.0,911.0
간장게장,베이킹식소다,911,1,0.001,2.0,911.0
간장게장,셀렉스썬화이버,911,1,0.001,2.0,911.0
간장게장,건취나물,911,1,0.001,2.0,911.0
간장게장,다진제피잎,911,1,0.001,2.0,911.0
간장게장,손질한치,911,1,0.001,2.0,911.0
간장게장,소바면,911,1,0.001,2.0,911.0
간장게장,애플비니거,911,1,0.001,2.0,911.0
간장게장,참외,911,1,0.001,2.0,911.0
간장게장,명란,911,1,0.001,2.0,911.0
간장게장,손질가자미,911,1,0.001,2.0,911.0
간장게장,마른미역,911,1,0.001,2.0,911.0
간장게장,간검은깨,911,1,0.001,2.0,911.0
간장게장,물미역,911,1,0.001,2.0,911.0
간장게장,머쉬마루버섯,911,1,0.001,2.0,911.0
간장게장,적상추,911,1,0.001,2.0,911.0
간장게장,발사믹글레이즈,911,1,0.001,2.0,911.0
간장게장,낫토,911,1,0.001,2.0,911.0
간장게장,오이지,911,1,0.001,2.0,911.0
간장게장,파래,911,1,0.001,2.0,911.0
간장게장,치마살,911,1,0.001,2.0,911.0
간장게장,순살갈치,911,1,0.001,2.0,911.0
간장게장,해삼,911,1,0.001,2.0,911.0
간장게장,들깨,911,1,0.001,2.0,911.0
간장게장,라면,911,1,0.001,2.0,911.0
간장게장,금태,911,1,0.001,2.0,911.0
간장게장,후리가케,911,1,0.001,2.0,911.0
간장게장,시소,911,1,0.001,2.0,911.0
간장게장,삶은시래기나물,911,1,0.001,2.0,911.0
간장게장,피칸,911,1,0.001,2.0,911.0
간장게장,포항초,911,1,0.001,2.0,911.0
간장게장,석류,911,1,0.001,2.0,911.0
간장게장,아몬드슬라이스,911,1,0.001,2.0,911.0
간장게장,건크랜베리,911,1,0.001,2.0,911.0
간장게장,명엽채,911,1,0.001,2.0,911.0
간장게장,검은콩,911,1,0.001,2.0,911.0
간장게장,염장미역줄기,911,1,0.001,2.0,911.0
간장게장,벌꿀,911,1,0.001,2.0,911.0
간장게장,겨자,911,1,0.001,2.0,911.0
간장게장,가리비속살,911,1,0.001,2.0,911.0
간장게장,찬밥,911,1,0.001,2.0,911.0
간장게장,송편,911,1,0.001,2.0,911.0
간장게장,한식채수,911,1,0.001,2.0,911.0
간장게장,굴비,911,1,0.001,2.0,911.0
간장게장,족발,911,1,0.001,2.0,911.0
간장게장,송화단,911,1,0.001,2.0,911.0
간장게장,다진땅콩가루,911,1,0.001,2.0,911.0
간장게장,문어다리,911,1,0.001,2.0,911.0
간장게장,사리곰탕수프,911,1,0.001,2.0,911.0
간장게장,적채피클,911,1,0.001,2.0,911.0
간장게장,시판돈가스,911,1,0.001,2.0,911.0
간장게장,가다랑어포육수,911,1,0.001,2.0,911.0
간장게장,오이껍질,911,1,0.001,2.0,911.0
간장게장,스테이크용연어,911,1,0.001,2.0,911.0
간장게장,가자미,911,1,0.001,2.0,911.0
간장게장,건파래,911,1,0.001,2.0,911.0
간장게장,황태채,911,1,0.001,2.0,911.0
간장게장,머스터드소스,911,1,0.001,2.0,911.0
간장게장,베트남쌀국수,911,1,0.001,2.0,911.0
간장게장,연두,911,1,0.001,2.0,911.0
간장게장,깐메추리알,911,1,0.001,2.0,911.0
간장게장,게맛살,911,1,0.001,2.0,911.0
간장게장,자른미역,911,1,0.001,2.0,911.0
간장게장,주스,911,1,0.001,2.0,911.0
간장게장,키위,911,1,0.001,2.0,911.0
간장게장,바질,911,1,0.001,2.0,911.0
간장게장,엑스트라버진,911,1,0.001,2.0,911.0
간장게장,레시틴,911,1,0.001,2.0,911.0
간장게장,씻은쌀,911,1,0.001,2.0,911.0
간장게장,손질낙지,911,1,0.001,2.0,911.0
간장게장,청콜라비말랭이,911,1,0.001,2.0,911.0
간장게장,시사모,911,1,0.001,2.0,911.0
간장게장,면,911,1,0.001,2.0,911.0
간장게장,생미역,911,1,0.001,2.0,911.0
간장게장,도토리묵,911,1,0.001,2.0,911.0
간장게장,등심돈까스,911,1,0.001,2.0,911.0
간장게장,네잎클로버,911,1,0.001,2.0,911.0
간장게장,이쑤시개,911,1,0.001,2.0,911.0
간장게장,바질잎,911,1,0.001,2.0,911.0
간장게장,만다리버섯,911,1,0.001,2.0,911.0
간장게장,강낭콩,911,1,0.001,2.0,911.0
간장게장,기장,911,1,0.001,2.0,911.0
간장게장,줄기콩,911,1,0.001,2.0,911.0
간장게장,손질고등어,911,1,0.001,2.0,911.0
간장게장,문어,911,1,0.001,2.0,911.0
간장게장,삶은통연근,911,1,0.001,2.0,911.0
간장게장,삶은통우엉,911,1,0.001,2.0,911.0
간장게장,우럭,911,1,0.001,2.0,911.0
간장게장,콩,911,1,0.001,2.0,911.0
간장게장,레몬슬라이스,911,1,0.001,2.0,911.0
간장게장,오일,911,1,0.001,2.0,911.0
간장게장,다진아몬드,911,1,0.001,2.0,911.0
간장게장,냉면육수,911,1,0.001,2.0,911.0
간장게장,삶은곤드레나물,911,1,0.001,2.0,911.0
간장게장,흰쌀,911,1,0.001,2.0,911.0
간장게장,우메보시,911,1,0.001,2.0,911.0
간장게장,호두분태,911,1,0.001,2.0,911.0
간장게장,홍합,911,1,0.001,2.0,911.0
간장게장,삶은시래기,911,1,0.001,2.0,911.0
간장게장,감태가루,911,1,0.001,2.0,911.0
간장게장,대추씨끓인물,911,1,0.001,2.0,911.0
간장게장,피스타치오,911,1,0.001,2.0,911.0
간장게장,피시소스,911,1,0.001,2.0,911.0
간장게장,말린허브,911,1,0.001,2.0,911.0
간장게장,볶은아마씨가루,911,1,0.001,2.0,911.0
간장게장,불린멥쌀,911,1,0.001,2.0,911.0
간장게장,해파리,911,1,0.001,2.0,911.0
간장게장,링귀니면,911,1,0.001,2.0,911.0
간장게장,시판토마토소스,911,1,0.001,2.0,911.0
간장게장,유채,911,1,0.001,2.0,911.0
간장게장,바게트빵슬라이스,911,1,0.001,2.0,911.0
간장게장,토스트식빵,911,1,0.001,2.0,911.0
간장게장,도삭면,911,1,0.001,2.0,911.0
간장게장,조갯살,911,1,0.001,2.0,911.0
간장게장,해물데친물,911,1,0.001,2.0,911.0
간장게장,톳장아찌,911,1,0.001,2.0,911.0
간장게장,인삼,911,1,0.001,2.0,911.0
간장게장,흑초원액,911,1,0.001,2.0,911.0
간장게장,삶은렌틸콩,911,1,0.001,2.0,911.0
간장게장,브라운양송이,911,1,0.001,2.0,911.0
간장게장,허브,911,1,0.001,2.0,911.0
간장게장,한치,911,1,0.001,2.0,911.0
간장게장,갈치,911,1,0.001,2.0,911.0
간장게장,쌀국수,911,1,0.001,2.0,911.0
간장게장,새꼬막,911,1,0.001,2.0,911.0
간장게장,적근대,911,1,0.001,2.0,911.0
간장게장,스윗칠리소스,911,1,0.001,2.0,911.0
간장게장,피클링스파이스,911,1,0.001,2.0,911.0
간장게장,송이버섯,911,1,0.001,2.0,911.0
간장게장,꼬시래기,911,1,0.001,2.0,911.0
간장게장,파스타,911,1,0.001,2.0,911.0
간장게장,양상추잎,911,1,0.001,2.0,911.0
간장게장,소주,911,1,0.001,2.0,911.0
간장게장,청국장,911,1,0.001,2.0,911.0
간장게장,마라소스,911,1,0.001,2.0,911.0
간장게장,깐토란,911,1,0.001,2.0,911.0
간장게장,도미,911,1,0.001,2.0,911.0
간장게장,곰취,911,1,0.001,2.0,911.0
간장게장,소등심,911,1,0.001,2.0,911.0
간장게장,베이컨칩,911,1,0.001,2.0,911.0
간장게장,미원,911,1,0.001,2.0,911.0
간장게장,"땅콩,호두",911,1,0.001,2.0,911.0
간장게장,불린시래기나물,911,1,0.001,2.0,911.0
간장게장,페퍼,911,1,0.001,2.0,911.0
간장게장,손질삼치,911,1,0.001,2.0,911.0
간장게장,야끼소바면,911,1,0.001,2.0,911.0
간장게장,자숙흑골뱅이,911,1,0.001,2.0,911.0
간장게장,삶은소면,911,1,0.001,2.0,911.0
간장게장,홍어,911,1,0.001,2.0,911.0
간장게장,찜소스,911,1,0.001,2.0,911.0
간장게장,흑곤약,911,1,0.001,2.0,911.0
간장게장,생표고,911,1,0.001,2.0,911.0
간장게장,명이나물장아찌,911,1,0.001,2.0,911.0
간장게장,제주밥심누룽지,911,1,0.001,2.0,911.0
간장게장,디종머스타드,911,1,0.001,2.0,911.0
간장게장,육전,911,1,0.001,2.0,911.0
간장게장,골뱅이,911,1,0.001,2.0,911.0
간장게장,마른소면,911,1,0.001,2.0,911.0
간장게장,초밥용유부,911,1,0.001,2.0,911.0
간장게장,동태,911,1,0.001,2.0,911.0
간장게장,모닝빵,911,1,0.001,2.0,911.0
간장게장,동그랑땡,911,1,0.001,2.0,911.0
간장게장,오이피클,911,1,0.001,2.0,911.0
간장게장,말린고춧잎,911,1,0.001,2.0,911.0
간장게장,꽁치통조림,911,1,0.001,2.0,911.0
간장게장,느타리한줌,911,1,0.001,2.0,911.0
간장게장,삶은토란대,911,1,0.001,2.0,911.0
간장게장,반건조서대,911,1,0.001,2.0,911.0
간장게장,레디쉬,911,1,0.001,2.0,911.0
간장게장,식용꽃,911,1,0.001,2.0,911.0
간장게장,가쓰오부시장국,911,1,0.001,2.0,911.0
간장게장,탄산수,911,1,0.001,2.0,911.0
간장게장,깍두기국물,911,1,0.001,2.0,911.0
간장게장,치아바타,911,1,0.001,2.0,911.0
간장게장,페페론치니,911,1,0.001,2.0,911.0
간장게장,양념장어,911,1,0.001,2.0,911.0
간장게장,해조류2~3가지,911,1,0.001,2.0,911.0
간장게장,오렌지,911,1,0.001,2.0,911.0
간장게장,꽃상추,911,1,0.001,2.0,911.0
간장게장,건자두,911,1,0.001,2.0,911.0
간장게장,흑임자,911,1,0.001,2.0,911.0
간장게장,과육,911,1,0.001,2.0,911.0
간장게장,말린오렌지껍질,911,1,0.001,2.0,911.0
간장게장,고수잎,911,1,0.001,2.0,911.0
간장게장,땅콩분태,911,1,0.001,2.0,911.0
간장게장,사케,911,1,0.001,2.0,911.0
간장게장,대합,911,1,0.001,2.0,911.0
간장게장,관자살,911,1,0.001,2.0,911.0
간장게장,찰현미밥,911,1,0.001,2.0,911.0
간장게장,밥톳,911,1,0.001,2.0,911.0
간장게장,식물성기름,911,1,0.001,2.0,911.0
간장게장,건세모가사리,911,1,0.001,2.0,911.0
간장게장,염장꼬시래기,911,1,0.001,2.0,911.0
간장게장,생톳,911,1,0.001,2.0,911.0
간장게장,샐러드믹스,911,1,0.001,2.0,911.0
간장게장,통살황태채,911,1,0.001,2.0,911.0
간장게장,꼬리삶은육수,911,1,0.001,2.0,911.0
간장게장,오트밀,911,1,0.001,2.0,911.0
간장게장,진미채,911,1,0.001,2.0,911.0
간장게장,브라운양송이버섯,911,1,0.001,2.0,911.0
간장게장,비트즙,911,1,0.001,2.0,911.0
간장게장,데친고사리,911,1,0.001,2.0,911.0
간장게장,깐더덕,911,1,0.001,2.0,911.0
간장게장,우민찌,911,1,0.001,2.0,911.0
간장게장,다진샬롯,911,1,0.001,2.0,911.0
간장게장,손질해파리,911,1,0.001,2.0,911.0
간장게장,백오이,911,1,0.001,2.0,911.0
간장게장,강겨자,911,1,0.001,2.0,911.0
간장게장,곰취잎,911,1,0.001,2.0,911.0
간장게장,곱게간깨,911,1,0.001,2.0,911.0
간장게장,바지락조개,911,1,0.001,2.0,911.0
간장게장,자숙꼬막살,911,1,0.001,2.0,911.0
간장게장,식용류,911,1,0.001,2.0,911.0
간장게장,우스터소스,911,1,0.001,2.0,911.0
간장게장,냉동중화면,911,1,0.001,2.0,911.0
간장게장,팔갹,911,1,0.001,2.0,911.0
간장게장,순대,911,1,0.001,2.0,911.0
간장게장,포도씨오일,911,1,0.001,2.0,911.0
간장게장,표고불린물,911,1,0.001,2.0,911.0
간장게장,오리고기,911,1,0.001,2.0,911.0
간장게장,템페,911,1,0.001,2.0,911.0
간장게장,퀴노아,911,1,0.001,2.0,911.0
간장게장,삶은병아리콩,911,1,0.001,2.0,911.0
간장게장,커민가루,911,1,0.001,2.0,911.0
간장게장,완자,911,1,0.001,2.0,911.0
간장게장,맛밤,911,1,0.001,2.0,911.0
간장게장,초이스레시피분말육수,911,1,0.001,2.0,911.0
간장게장,체리토마토,911,1,0.001,2.0,911.0
간장게장,황태포,911,1,0.001,2.0,911.0
간장게장,캐슈너트,911,1,0.001,2.0,911.0
간장게장,황두장,911,1,0.001,2.0,911.0
간장게장,끓는물,911,1,0.001,2.0,911.0
간장게장,삶은쿠스쿠스,911,1,0.001,2.0,911.0
간장게장,잉글리시머핀,911,1,0.001,2.0,911.0
간장게장,칼라방울토마토,911,1,0.001,2.0,911.0
간장게장,허브솔트,911,1,0.001,2.0,911.0
간장게장,불린메주콩,911,1,0.001,2.0,911.0
간장게장,귀리,911,1,0.001,2.0,911.0
간장게장,흑미,911,1,0.001,2.0,911.0
간장게장,생중화면,911,1,0.001,2.0,911.0
간장게장,돌문어,911,1,0.001,2.0,911.0
간장게장,덕자,911,1,0.001,2.0,911.0
간장게장,코셔솔트,911,1,0.001,2.0,911.0
간장게장,참나물오일,911,1,0.001,2.0,911.0
간장게장,새우젓,911,1,0.001,2.0,911.0
간장게장,이찌방다시,911,1,0.001,2.0,911.0
간장게장,문어바지락,911,1,0.001,2.0,911.0
간장게장,비장탄에구운한치슬라이스,911,1,0.001,2.0,911.0
간장게장,생와사비,911,1,0.001,2.0,911.0
간장게장,크래미맛살,911,1,0.001,2.0,911.0
간장게장,알파파,911,1,0.001,2.0,911.0
간장게장,황도,911,1,0.001,2.0,911.0
간장게장,자숙문어,911,1,0.001,2.0,911.0
간장게장,참소라,911,1,0.001,2.0,911.0
간장게장,베이킹파우더,911,1,0.001,2.0,911.0
간장게장,등심돈가스,911,1,0.001,2.0,911.0
간장게장,스테이크용생연어,911,1,0.001,2.0,911.0
간장게장,로메인또는양상추,911,1,0.001,2.0,911.0
간장게장,조림용생물고등어,911,1,0.001,2.0,911.0
간장게장,즉석밥,911,1,0.001,2.0,911.0
간장게장,부순땅콩,911,1,0.001,2.0,911.0
간장게장,이태리파슬리,911,1,0.001,2.0,911.0
간장게장,미삼,911,1,0.001,2.0,911.0
간장게장,돼기고기,911,1,0.001,2.0,911.0
간장게장,미국피칸,911,1,0.001,2.0,911.0
간장게장,다진미국피칸,911,1,0.001,2.0,911.0
간장게장,해선장,911,1,0.001,2.0,911.0
간장게장,기름,911,1,0.001,2.0,911.0
간장게장,래디쉬,911,1,0.001,2.0,911.0
간장게장,참치통조림,911,1,0.001,2.0,911.0
간장게장,검은깨간것,911,1,0.001,2.0,911.0
간장게장,순살아귀,911,1,0.001,2.0,911.0
간장게장,찜용콩나물,911,1,0.001,2.0,911.0
간장게장,조리용술,911,1,0.001,2.0,911.0
간장게장,홀그레인머스타드,911,1,0.001,2.0,911.0
간장게장,통조림국물,911,1,0.001,2.0,911.0
간장게장,칼국수면,911,1,0.001,2.0,911.0
간장게장,라임또는레몬즙,911,1,0.001,2.0,911.0
간장게장,손질아귀,911,1,0.001,2.0,911.0
간장게장,유부주머니,911,1,0.001,2.0,911.0
간장게장,백미,911,1,0.001,2.0,911.0
간장게장,비정제당,911,1,0.001,2.0,911.0
간장게장,다진피클,911,1,0.001,2.0,911.0
간장게장,두반장소스,911,1,0.001,2.0,911.0
간장게장,오레가노,911,1,0.001,2.0,911.0
간장게장,치킨스톡큐브,911,1,0.001,2.0,911.0
간장게장,토마토캔,911,1,0.001,2.0,911.0
간장게장,카레파우더,911,1,0.001,2.0,911.0
간장게장,건바질,911,1,0.001,2.0,911.0
간장게장,야생블루베리,911,1,0.001,2.0,911.0
간장게장,삶은퀴노아,911,1,0.001,2.0,911.0
간장게장,미국야생블루베리,911,1,0.001,2.0,911.0
간장게장,아귀,911,1,0.001,2.0,911.0
간장게장,일자콩나물,911,1,0.001,2.0,911.0
간장게장,페투치네면,911,1,0.001,2.0,911.0
간장게장,비트잎,911,1,0.001,2.0,911.0
간장게장,파인애플통조림,911,1,0.001,2.0,911.0
간장게장,파인애플통조림물,911,1,0.001,2.0,911.0
간장게장,인도식난,911,1,0.001,2.0,911.0
간장게장,말린허브가루,911,1,0.001,2.0,911.0
간장게장,몽글몽귤,911,1,0.001,2.0,911.0
간장게장,타임,911,1,0.001,2.0,911.0
간장게장,오레가노가루,911,1,0.001,2.0,911.0
갈비구이,대파,3,3,1.0,4.0,1.0
갈비구이,마늘,3,3,1.0,4.0,1.0
갈비구이,후춧가루,3,3,1.0,4.0,1.0
갈비구이,갈비,3,2,0.667,3.0,2.0
갈비구이,설탕,3,2,0.667,3.0,2.0
갈비구이,맛술,3,2,0.667,3.0,2.0
갈비구이,양파,3,2,0.667,3.0,2.0
갈비구이,간장,3,2,0.667,3.0,2.0
갈비구이,통깨,3,2,0.667,3.0,2.0
갈비구이,참기름,3,2,0.667,3.0,2.0
갈비구이,배즙,3,1,0.333,2.0,3.0
갈비구이,굴소스,3,1,0.333,2.0,3.0
갈비구이,올리고당,3,1,0.333,2.0,3.0
갈비구이,배,3,1,0.333,2.0,3.0
갈비구이,생강,3,1,0.333,2.0,3.0
갈비구이,물,3,1,0.333,2.0,3.0
갈비구이,돼지고기,3,1,0.333,2.0,3.0
갈비구이,감자,3,1,0.333,2.0,3.0
갈비구이,아스파라거스,3,1,0.333,2.0,3.0
갈비구이,식용유,3,1,0.333,2.0,3.0
갈비구이,소금,3,1,0.333,2.0,3.0
갈비구이,요거트,3,1,0.333,2.0,3.0
갈비구이,레몬즙,3,1,0.333,2.0,3.0
갈비찜,대파,11,11,1.0,12.0,1.0
갈비찜,마늘,11,11,1.0,12.0,1.0
갈비찜,후춧가루,11,11,1.0,12.0,1.0
갈비찜,간장,11,11,1.0,12.0,1.0
갈비찜,맛술,11,11,1.0,12.0,1.0
갈비찜,설탕,11,11,1.0,12.0,1.0
갈비찜,생강,11,10,0.909,11.0,2.0
갈비찜,당근,11,9,0.818,10.0,3.0
갈비찜,물,11,9,0.818,10.0,3.0
갈비찜,참기름,11,9,0.818,10.0,3.0
갈비찜,양파,11,8,0.727,9.0,4.0
갈비찜,올리고당,11,8,0.727,9.0,4.0
갈비찜,돼지고기,11,6,0.545,7.0,6.0
갈비찜,무,11,6,0.545,7.0,6.0
갈비찜,표고버섯,11,6,0.545,7.0,6.0
갈비찜,고추,11,5,0.455,6.0,7.0
갈비찜,월계수잎,11,5,0.455,6.0,7.0
갈비찜,통깨,11,4,0.364,5.0,8.0
갈비찜,소고기,11,4,0.364,5.0,8.0
갈비찜,콩나물,11,4,0.364,5.0,8.0
갈비찜,고춧가루,11,4,0.364,5.0,8.0
갈비찜,밤,11,3,0.273,4.0,9.0
갈비찜,깨,11,3,0.273,4.0,9.0
갈비찜,된장,11,3,0.273,4.0,9.0
갈비찜,굴소스,11,3,0.273,4.0,9.0
갈비찜,소금,11,3,0.273,4.0,9.0
갈비찜,떡,11,3,0.273,4.0,9.0
갈비찜,청양고추,11,2,0.182,3.0,10.0
갈비찜,배즙,11,2,0.182,3.0,10.0
갈비찜,갈비,11,1,0.091,2.0,11.0
갈비찜,감자,11,1,0.091,2.0,11.0
갈비찜,새송이버섯,11,1,0.091,2.0,11.0
갈비찜,대추,11,1,0.091,2.0,11.0
갈비찜,배,11,1,0.091,2.0,11.0
갈비찜,은행,11,1,0.091,2.0,11.0
갈비찜,쪽파,11,1,0.091,2.0,11.0
갈비찜,버섯,11,1,0.091,2.0,11.0
갈비찜,매실액,11,1,0.091,2.0,11.0
갈비찜,들기름,11,1,0.091,2.0,11.0
갈비찜,잣가루,11,1,0.091,2.0,11.0
갈비탕,갈비,1,1,1.0,2.0,1.0
갈비탕,무,1,1,1.0,2.0,1.0
갈비탕,표고버섯,1,1,1.0,2.0,1.0
갈비탕,대파,1,1,1.0,2.0,1.0
갈비탕,마늘,1,1,1.0,2.0,1.0
갈비탕,양파,1,1,1.0,2.0,1.0
갈비탕,생강,1,1,1.0,2.0,1.0
갈비탕,후춧가루,1,1,1.0,2.0,1.0
갈비탕,물,1,1,1.0,2.0,1.0
갈비탕,간장,1,1,1.0,2.0,1.0
갈비탕,소금,1,1,1.0,2.0,1.0
감자전,감자,3,3,1.0,4.0,1.0
감자전,소금,3,3,1.0,4.0,1.0
감자전,식용유,3,3,1.0,4.0,1.0
감자전,물,3,2,0.667,3.0,2.0
감자전,청양고추,3,2,0.667,3.0,2.0
감자전,후춧가루,3,2,0.667,3.0,2.0
감자전,간장,3,1,0.333,2.0,3.0
감자전,식초,3,1,0.333,2.0,3.0
감자전,배추김치,3,1,0.333,2.0,3.0
감자전,양파,3,1,0.333,2.0,3.0
감자전,햄,3,1,0.333,2.0,3.0
감자전,부침가루,3,1,0.333,2.0,3.0
감자전,베이컨,3,1,0.333,2.0,3.0
감자전,치즈,3,1,0.333,2.0,3.0
감자전,대파,3,1,0.333,2.0,3.0
감자전,전분,3,1,0.333,2.0,3.0
감자탕,돼지고기,2,2,1.0,3.0,1.0
감자탕,감자,2,2,1.0,3.0,1.0
감자탕,대파,2,2,1.0,3.0,1.0
감자탕,깻잎,2,2,1.0,3.0,1.0
감자탕,된장,2,2,1.0,3.0,1.0
감자탕,양파,2,2,1.0,3.0,1.0
감자탕,마늘,2,2,1.0,3.0,1.0
감자탕,후춧가루,2,2,1.0,3.0,1.0
감자탕,무,2,1,0.5,2.0,2.0
감자탕,청양고추,2,1,0.5,2.0,2.0
감자탕,고추,2,1,0.5,2.0,2.0
감자탕,들깻가루,2,1,0.5,2.0,2.0
감자탕,물,2,1,0.5,2.0,2.0
감자탕,맛술,2,1,0.5,2.0,2.0
감자탕,생강,2,1,0.5,2.0,2.0
감자탕,월계수잎,2,1,0.5,2.0,2.0
감자탕,고춧가루,2,1,0.5,2.0,2.0
감자탕,고추장,2,1,0.5,2.0,2.0
감자탕,간장,2,1,0.5,2.0,2.0
감자탕,들기름,2,1,0.5,2.0,2.0
감자탕,소금,2,1,0.5,2.0,2.0
감자탕,연와사비,2,1,0.5,2.0,2.0
감자탕,팽이버섯,2,1,0.5,2.0,2.0
감자탕,식용유,2,1,0.5,2.0,2.0
감자탕,들깨가루,2,1,0.5,2.0,2.0
감자탕,참치액,2,1,0.5,2.0,2.0
감자탕,설탕,2,1,0.5,2.0,2.0
갓김치,갓,1,1,1.0,2.0,1.0
갓김치,소금,1,1,1.0,2.0,1.0
갓김치,물,1,1,1.0,2.0,1.0
갓김치,쪽파,1,1,1.0,2.0,1.0
갓김치,고춧가루,1,1,1.0,2.0,1.0
갓김치,마늘,1,1,1.0,2.0,1.0
갓김치,생강,1,1,1.0,2.0,1.0
갓김치,양파,1,1,1.0,2.0,1.0
갓김치,배,1,1,1.0,2.0,1.0
갓김치,매실액,1,1,1.0,2.0,1.0
갓김치,새우젓,1,1,1.0,2.0,1.0
갓김치,멸치액젓,1,1,1.0,2.0,1.0
갓김치,설탕,1,1,1.0,2.0,1.0
계란말이,계란,9,9,1.0,10.0,1.0
계란말이,소금,9,8,0.889,9.0,2.0
계란말이,식용유,9,8,0.889,9.0,2.0
계란말이,맛술,9,5,0.556,6.0,5.0
계란말이,쪽파,9,3,0.333,4.0,7.0
계란말이,당근,9,3,0.333,4.0,7.0
계란말이,후춧가루,9,3,0.333,4.0,7.0
계란말이,치즈,9,3,0.333,4.0,7.0
계란말이,참기름,9,2,0.222,3.0,8.0
계란말이,김,9,2,0.222,3.0,8.0
계란말이,대파,9,2,0.222,3.0,8.0
계란말이,물,9,2,0.222,3.0,8.0
계란말이,흰쌀밥,9,1,0.111,2.0,9.0
계란말이,분홍소시지,9,1,0.111,2.0,9.0
계란말이,명란알,9,1,0.111,2.0,9.0
계란말이,밥,9,1,0.111,2.0,9.0
계란말이,새우,9,1,0.111,2.0,9.0
계란말이,양파,9,1,0.111,2.0,9.0
계란말이,애호박,9,1,0.111,2.0,9.0
계란말이,깨,9,1,0.111,2.0,9.0
계란말이,굴소스,9,1,0.111,2.0,9.0
계란말이,케첩,9,1,0.111,2.0,9.0
계란말이,마늘,9,1,0.111,2.0,9.0
계란말이,멸치,9,1,0.111,2.0,9.0
계란말이,민물장어,9,1,0.111,2.0,9.0
계란말이,다시마,9,1,0.111,2.0,9.0
계란말이,가다랑어포,9,1,0.111,2.0,9.0
계란말이,간장,9,1,0.111,2.0,9.0
계란말이,설탕,9,1,0.111,2.0,9.0
계란말이,취나물,9,1,0.111,2.0,9.0
계란말이,꽃모양틀,9,1,0.111,2.0,9.0
계란말이,맛살,9,1,0.111,2.0,9.0
곰탕,대파,7,7,1.0,8.0,1.0
곰탕,물,7,6,0.857,7.0,2.0
곰탕,간장,7,5,0.714,6.0,3.0
곰탕,닭고기,7,4,0.571,5.0,4.0
곰탕,마늘,7,4,0.571,5.0,4.0
곰탕,소금,7,4,0.571,5.0,4.0
곰탕,계란,7,3,0.429,4.0,5.0
곰탕,양파,7,3,0.429,4.0,5.0
곰탕,후춧가루,7,3,0.429,4.0,5.0
곰탕,고춧가루,7,3,0.429,4.0,5.0
곰탕,식용유,7,2,0.286,3.0,6.0
곰탕,생강,7,1,0.143,2.0,7.0
곰탕,소꼬리,7,1,0.143,2.0,7.0
곰탕,겨자,7,1,0.143,2.0,7.0
곰탕,사리곰탕수프,7,1,0.143,2.0,7.0
곰탕,청양고추,7,1,0.143,2.0,7.0
곰탕,당면,7,1,0.143,2.0,7.0
곰탕,느타리버섯,7,1,0.143,2.0,7.0
곰탕,만가닥버섯,7,1,0.143,2.0,7.0
곰탕,참기름,7,1,0.143,2.0,7.0
곰탕,멸치육수,7,1,0.143,2.0,7.0
곰탕,공기밥,7,1,0.143,2.0,7.0
곰탕,멸치액젓,7,1,0.143,2.0,7.0
곰탕,인스턴트라면,7,1,0.143,2.0,7.0
곰탕,라면수프,7,1,0.143,2.0,7.0
곰탕,된장,7,1,0.143,2.0,7.0
곰탕,버터,7,1,0.143,2.0,7.0
곰탕,햄,7,1,0.143,2.0,7.0
곰탕,숙주,7,1,0.143,2.0,7.0
곰탕,캔옥수수,7,1,0.143,2.0,7.0
김밥,김,55,51,0.927,52.0,5.0
김밥,소금,55,45,0.818,46.0,11.0
김밥,참기름,55,36,0.655,37.0,20.0
김밥,밥,55,33,0.6,34.0,23.0
김밥,식용유,55,32,0.582,33.0,24.0
김밥,통깨,55,32,0.582,33.0,24.0
김밥,설탕,55,29,0.527,30.0,27.0
김밥,간장,55,24,0.436,25.0,32.0
김밥,물,55,21,0.382,22.0,35.0
김밥,계란,55,20,0.364,21.0,36.0
김밥,오이,55,19,0.345,20.0,37.0
김밥,맛술,55,18,0.327,19.0,38.0
김밥,후춧가루,55,17,0.309,18.0,39.0
김밥,올리고당,55,16,0.291,17.0,40.0
김밥,식초,55,16,0.291,17.0,40.0
김밥,마요네즈,55,15,0.273,16.0,41.0
김밥,당근,55,13,0.236,14.0,43.0
김밥,단무지,55,11,0.2,12.0,45.0
김밥,배추김치,55,11,0.2,12.0,45.0
김밥,마늘,55,10,0.182,11.0,46.0
김밥,고추,55,9,0.164,10.0,47.0
김밥,청양고추,55,8,0.145,9.0,48.0
김밥,햄,55,8,0.145,9.0,48.0
김밥,치즈,55,7,0.127,8.0,49.0
김밥,고추장,55,6,0.109,7.0,50.0
김밥,어묵,55,5,0.091,6.0,51.0
김밥,들기름,55,5,0.091,6.0,51.0
김밥,현미밥,55,5,0.091,6.0,51.0
김밥,참치캔,55,5,0.091,6.0,51.0
김밥,우엉,55,5,0.091,6.0,51.0
김밥,맛살,55,5,0.091,6.0,51.0
김밥,상추,55,4,0.073,5.0,52.0
김밥,파프리카,55,4,0.073,5.0,52.0
김밥,쪽파,55,4,0.073,5.0,52.0
김밥,깻잎,55,4,0.073,5.0,52.0
김밥,고춧가루,55,4,0.073,5.0,52.0
김밥,대파,55,4,0.073,5.0,52.0
김밥,굴소스,55,3,0.055,4.0,53.0
김밥,연겨자,55,3,0.055,4.0,53.0
김밥,두부,55,3,0.055,4.0,53.0
김밥,양파,55,3,0.055,4.0,53.0
김밥,아보카도,55,3,0.055,4.0,53.0
김밥,청상추,55,3,0.055,4.0,53.0
김밥,표고버섯,55,3,0.055,4.0,53.0
김밥,멸치,55,3,0.055,4.0,53.0
김밥,시금치,55,2,0.036,3.0,54.0
김밥,쯔유,55,2,0.036,3.0,54.0
김밥,공기밥,55,2,0.036,3.0,54.0
김밥,참치,55,2,0.036,3.0,54.0
김밥,깨,55,2,0.036,3.0,54.0
김밥,돼지고기,55,2,0.036,3.0,54.0
김밥,된장,55,2,0.036,3.0,54.0
김밥,검은깨,55,2,0.036,3.0,54.0
김밥,채소,55,2,0.036,3.0,54.0
김밥,참치액,55,2,0.036,3.0,54.0
김밥,양배추,55,2,0.036,3.0,54.0
김밥,찹쌀가루,55,2,0.036,3.0,54.0
김밥,전복,55,2,0.036,3.0,54.0
김밥,후리가케,55,2,0.036,3.0,54.0
김밥,토마토,55,1,0.018,2.0,55.0
김밥,소등심,55,1,0.018,2.0,55.0
김밥,케일,55,1,0.018,2.0,55.0
김밥,꼬시래기,55,1,0.018,2.0,55.0
김밥,배추,55,1,0.018,2.0,55.0
김밥,미역,55,1,0.018,2.0,55.0
김밥,냉이,55,1,0.018,2.0,55.0
김밥,모둠건해초,55,1,0.018,2.0,55.0
김밥,연어,55,1,0.018,2.0,55.0
김밥,레몬즙,55,1,0.018,2.0,55.0
김밥,꿀,55,1,0.018,2.0,55.0
김밥,톳장아찌,55,1,0.018,2.0,55.0
김밥,흑미밥,55,1,0.018,2.0,55.0
김밥,고사리나물,55,1,0.018,2.0,55.0
김밥,콩나물,55,1,0.018,2.0,55.0
김밥,메밀국수,55,1,0.018,2.0,55.0
김밥,크래미,55,1,0.018,2.0,55.0
김밥,와사비,55,1,0.018,2.0,55.0
김밥,시판낫또,55,1,0.018,2.0,55.0
김밥,세발나물,55,1,0.018,2.0,55.0
김밥,프랑크소시지,55,1,0.018,2.0,55.0
김밥,조림우엉,55,1,0.018,2.0,55.0
김밥,머스터드소스,55,1,0.018,2.0,55.0
김밥,진미채,55,1,0.018,2.0,55.0
김밥,김치국물,55,1,0.018,2.0,55.0
김밥,분홍소시지,55,1,0.018,2.0,55.0
김밥,닭고기,55,1,0.018,2.0,55.0
김밥,소고기,55,1,0.018,2.0,55.0
김밥,적채,55,1,0.018,2.0,55.0
김밥,잎상추,55,1,0.018,2.0,55.0
김밥,오징어,55,1,0.018,2.0,55.0
김밥,무,55,1,0.018,2.0,55.0
김밥,적채피클,55,1,0.018,2.0,55.0
김밥,전분,55,1,0.018,2.0,55.0
김밥,비건마요네즈,55,1,0.018,2.0,55.0
김밥,게맛살,55,1,0.018,2.0,55.0
김밥,호두,55,1,0.018,2.0,55.0
김밥,컬리케일,55,1,0.018,2.0,55.0
김밥,베이컨,55,1,0.018,2.0,55.0
김밥,파슬리,55,1,0.018,2.0,55.0
김밥,메밀면,55,1,0.018,2.0,55.0
김밥,한식채수,55,1,0.018,2.0,55.0
김밥,등심돈까스,55,1,0.018,2.0,55.0
김밥,방울토마토,55,1,0.018,2.0,55.0
김밥,돈까스소스,55,1,0.018,2.0,55.0
김밥,케첩,55,1,0.018,2.0,55.0
김밥,우동면,55,1,0.018,2.0,55.0
김밥,레몬,55,1,0.018,2.0,55.0
김밥,생강,55,1,0.018,2.0,55.0
김밥,차가운물,55,1,0.018,2.0,55.0
김밥,랩,55,1,0.018,2.0,55.0
김밥,저염명란젓,55,1,0.018,2.0,55.0
김밥,쌀밥,55,1,0.018,2.0,55.0
김밥,아스파라거스,55,1,0.018,2.0,55.0
김밥,버터,55,1,0.018,2.0,55.0
김밥,소시지,55,1,0.018,2.0,55.0
김밥,칼국수면,55,1,0.018,2.0,55.0
김밥,땅콩,55,1,0.018,2.0,55.0
김밥,라임또는레몬즙,55,1,0.018,2.0,55.0
김밥,두반장,55,1,0.018,2.0,55.0
김밥,불린현미,55,1,0.018,2.0,55.0
김밥,백미,55,1,0.018,2.0,55.0
김밥,다시마,55,1,0.018,2.0,55.0
김밥,비정제당,55,1,0.018,2.0,55.0
김밥,새송이버섯,55,1,0.018,2.0,55.0
김밥,가지,55,1,0.018,2.0,55.0
김밥,총각무,55,1,0.018,2.0,55.0
김밥,멸치액젓,55,1,0.018,2.0,55.0
김밥,구운감태,55,1,0.018,2.0,55.0
김밥,명란젓,55,1,0.018,2.0,55.0
김밥,허브줄기,55,1,0.018,2.0,55.0
김밥,비트가루,55,1,0.018,2.0,55.0
김치볶음밥,배추김치,1,1,1.0,2.0,1.0
김치볶음밥,고슬고슬한밥,1,1,1.0,2.0,1.0
김치볶음밥,베이컨슬라이스,1,1,1.0,2.0,1.0
김치볶음밥,계란,1,1,1.0,2.0,1.0
김치볶음밥,양파,1,1,1.0,2.0,1.0
김치볶음밥,대파,1,1,1.0,2.0,1.0
김치볶음밥,참기름,1,1,1.0,2.0,1.0
김치볶음밥,식용유,1,1,1.0,2.0,1.0
김치볶음밥,통깨,1,1,1.0,2.0,1.0
김치볶음밥,김치국물,1,1,1.0,2.0,1.0
김치볶음밥,올리고당,1,1,1.0,2.0,1.0
김치볶음밥,고춧가루,1,1,1.0,2.0,1.0
김치볶음밥,후춧가루,1,1,1.0,2.0,1.0
김치전,배추김치,1,1,1.0,2.0,1.0
김치전,오징어,1,1,1.0,2.0,1.0
김치전,청양고추,1,1,1.0,2.0,1.0
김치전,식용유,1,1,1.0,2.0,1.0
김치전,부침가루,1,1,1.0,2.0,1.0
김치전,물,1,1,1.0,2.0,1.0
김치전,계란,1,1,1.0,2.0,1.0
김치찌개,배추김치,4,4,1.0,5.0,1.0
김치찌개,대파,4,4,1.0,5.0,1.0
김치찌개,마늘,4,4,1.0,5.0,1.0
김치찌개,고춧가루,4,4,1.0,5.0,1.0
김치찌개,두부,4,3,0.75,4.0,2.0
김치찌개,돼지고기,4,2,0.5,3.0,3.0
김치찌개,양파,4,2,0.5,3.0,3.0
김치찌개,소금,4,2,0.5,3.0,3.0
김치찌개,청양고추,4,2,0.5,3.0,3.0
김치찌개,김치국물,4,2,0.5,3.0,3.0
김치찌개,멸치,4,2,0.5,3.0,3.0
김치찌개,멸치액젓,4,1,0.25,2.0,4.0
김치찌개,물,4,1,0.25,2.0,4.0
김치찌개,타바스코소스,4,1,0.25,2.0,4.0
김치찌개,낫또,4,1,0.25,2.0,4.0
김치찌개,대저토마토,4,1,0.25,2.0,4.0
김치찌개,참치캔,4,1,0.25,2.0,4.0
김치찌개,들기름,4,1,0.25,2.0,4.0
김치찌개,설탕,4,1,0.25,2.0,4.0
김치찌개,쌀뜨물,4,1,0.25,2.0,4.0
김치찌개,꽁치통조림,4,1,0.25,2.0,4.0
김치찌개,고추,4,1,0.25,2.0,4.0
김치찌개,식용유,4,1,0.25,2.0,4.0
김치찌개,맛술,4,1,0.25,2.0,4.0
김치찌개,생강,4,1,0.25,2.0,4.0
김치찌개,후춧가루,4,1,0.25,2.0,4.0
깍두기,통깨,9,7,0.778,8.0,3.0
깍두기,고춧가루,9,7,0.778,8.0,3.0
깍두기,소금,9,5,0.556,6.0,5.0
깍두기,멸치액젓,9,5,0.556,6.0,5.0
깍두기,매실액,9,5,0.556,6.0,5.0
깍두기,쪽파,9,5,0.556,6.0,5.0
깍두기,마늘,9,4,0.444,5.0,6.0
깍두기,간장,9,4,0.444,5.0,6.0
깍두기,설탕,9,3,0.333,4.0,7.0
깍두기,대파,9,3,0.333,4.0,7.0
깍두기,오이,9,2,0.222,3.0,8.0
깍두기,양파,9,2,0.222,3.0,8.0
깍두기,부추,9,2,0.222,3.0,8.0
깍두기,올리고당,9,2,0.222,3.0,8.0
깍두기,깍두기,9,2,0.222,3.0,8.0
깍두기,김,9,2,0.222,3.0,8.0
깍두기,참기름,9,2,0.222,3.0,8.0
깍두기,무,9,2,0.222,3.0,8.0
깍두기,돼지고기,9,1,0.111,2.0,9.0
깍두기,계란,9,1,0.111,2.0,9.0
깍두기,공기밥,9,1,0.111,2.0,9.0
깍두기,식용유,9,1,0.111,2.0,9.0
깍두기,고추장,9,1,0.111,2.0,9.0
깍두기,깍두기국물,9,1,0.111,2.0,9.0
깍두기,연근,9,1,0.111,2.0,9.0
깍두기,현미밥,9,1,0.111,2.0,9.0
깍두기,식물성유,9,1,0.111,2.0,9.0
깍두기,새우젓,9,1,0.111,2.0,9.0
깍두기,생강,9,1,0.111,2.0,9.0
깍두기,찹쌀가루,9,1,0.111,2.0,9.0
깍두기,황태다시육수,9,1,0.111,2.0,9.0
깍두기,단감,9,1,0.111,2.0,9.0
깍두기,참외,9,1,0.111,2.0,9.0
깍두기,배,9,1,0.111,2.0,9.0
깍두기,생연어,9,1,0.111,2.0,9.0
깍두기,날치알,9,1,0.111,2.0,9.0
깍두기,마요네즈,9,1,0.111,2.0,9.0
깍두기,스리라차소스,9,1,0.111,2.0,9.0
깍두기,레몬즙,9,1,0.111,2.0,9.0
깍두기,다진제피잎,9,1,0.111,2.0,9.0
깻잎장아찌,깻잎,1,1,1.0,2.0,1.0
깻잎장아찌,청양고추,1,1,1.0,2.0,1.0
깻잎장아찌,고추,1,1,1.0,2.0,1.0
깻잎장아찌,식초,1,1,1.0,2.0,1.0
깻잎장아찌,소금,1,1,1.0,2.0,1.0
깻잎장아찌,물,1,1,1.0,2.0,1.0
깻잎장아찌,간장,1,1,1.0,2.0,1.0
깻잎장아찌,설탕,1,1,1.0,2.0,1.0
깻잎장아찌,다시마,1,1,1.0,2.0,1.0
나박김치,배추,2,2,1.0,3.0,1.0
나박김치,무,2,2,1.0,3.0,1.0
나박김치,오이,2,2,1.0,3.0,1.0
나박김치,쪽파,2,2,1.0,3.0,1.0
나박김치,미나리,2,2,1.0,3.0,1.0
나박김치,소금,2,2,1.0,3.0,1.0
나박김치,고춧가루,2,2,1.0,3.0,1.0
나박김치,물,2,2,1.0,3.0,1.0
나박김치,마늘,2,2,1.0,3.0,1.0
나박김치,생강,2,2,1.0,3.0,1.0
나박김치,고추,2,1,0.5,2.0,2.0
나박김치,배,2,1,0.5,2.0,2.0
나박김치,설탕,2,1,0.5,2.0,2.0
나박김치,양파,2,1,0.5,2.0,2.0
나박김치,당근,2,1,0.5,2.0,2.0
나박김치,사과즙,2,1,0.5,2.0,2.0
닭갈비,닭고기,2,2,1.0,3.0,1.0
닭갈비,고구마,2,2,1.0,3.0,1.0
닭갈비,양파,2,2,1.0,3.0,1.0
닭갈비,양배추,2,2,1.0,3.0,1.0
닭갈비,청양고추,2,2,1.0,3.0,1.0
닭갈비,대파,2,2,1.0,3.0,1.0
닭갈비,깻잎,2,2,1.0,3.0,1.0
닭갈비,떡,2,2,1.0,3.0,1.0
닭갈비,우유,2,2,1.0,3.0,1.0
닭갈비,고춧가루,2,2,1.0,3.0,1.0
닭갈비,간장,2,2,1.0,3.0,1.0
닭갈비,설탕,2,2,1.0,3.0,1.0
닭갈비,마늘,2,2,1.0,3.0,1.0
닭갈비,카레가루,2,2,1.0,3.0,1.0
닭갈비,생강,2,2,1.0,3.0,1.0
닭갈비,참기름,2,2,1.0,3.0,1.0
닭갈비,고추,2,1,0.5,2.0,2.0
닭갈비,치즈,2,1,0.5,2.0,2.0
닭갈비,고추장,2,1,0.5,2.0,2.0
닭갈비,맛술,2,1,0.5,2.0,2.0
닭갈비,올리고당,2,1,0.5,2.0,2.0
닭갈비,후춧가루,2,1,0.5,2.0,2.0
닭갈비,깨,2,1,0.5,2.0,2.0
닭갈비,당근,2,1,0.5,2.0,2.0
닭갈비,통깨,2,1,0.5,2.0,2.0
동그랑땡,양파,3,3,1.0,4.0,1.0
동그랑땡,간장,3,3,1.0,4.0,1.0
동그랑땡,후춧가루,3,3,1.0,4.0,1.0
동그랑땡,식용유,3,2,0.667,3.0,2.0
동그랑땡,굴소스,3,2,0.667,3.0,2.0
동그랑땡,맛술,3,2,0.667,3.0,2.0
동그랑땡,생강,3,2,0.667,3.0,2.0
동그랑땡,표고버섯,3,2,0.667,3.0,2.0
동그랑땡,참기름,3,2,0.667,3.0,2.0
동그랑땡,물,3,2,0.667,3.0,2.0
동그랑땡,모닝빵,3,1,0.333,2.0,3.0
동그랑땡,동그랑땡,3,1,0.333,2.0,3.0
동그랑땡,토마토,3,1,0.333,2.0,3.0
동그랑땡,오이피클,3,1,0.333,2.0,3.0
동그랑땡,채소,3,1,0.333,2.0,3.0
동그랑땡,마요네즈,3,1,0.333,2.0,3.0
동그랑땡,올리고당,3,1,0.333,2.0,3.0
동그랑땡,두부,3,1,0.333,2.0,3.0
동그랑땡,애호박,3,1,0.333,2.0,3.0
동그랑땡,당근,3,1,0.333,2.0,3.0
동그랑땡,부침가루,3,1,0.333,2.0,3.0
동그랑땡,소금,3,1,0.333,2.0,3.0
동그랑땡,강황가루,3,1,0.333,2.0,3.0
동그랑땡,완자,3,1,0.333,2.0,3.0
동그랑땡,청경채,3,1,0.333,2.0,3.0
동그랑땡,양송이버섯,3,1,0.333,2.0,3.0
동그랑땡,대파,3,1,0.333,2.0,3.0
동그랑땡,마늘,3,1,0.333,2.0,3.0
동그랑땡,고추,3,1,0.333,2.0,3.0
동그랑땡,육수,3,1,0.333,2.0,3.0
동그랑땡,설탕,3,1,0.333,2.0,3.0
동그랑땡,전분,3,1,0.333,2.0,3.0
된장찌개,된장,9,9,1.0,10.0,1.0
된장찌개,애호박,9,9,1.0,10.0,1.0
된장찌개,양파,9,9,1.0,10.0,1.0
된장찌개,두부,9,9,1.0,10.0,1.0
된장찌개,대파,9,8,0.889,9.0,2.0
된장찌개,청양고추,9,8,0.889,9.0,2.0
된장찌개,마늘,9,7,0.778,8.0,3.0
된장찌개,멸치,9,7,0.778,8.0,3.0
된장찌개,고추,9,7,0.778,8.0,3.0
된장찌개,고춧가루,9,6,0.667,7.0,4.0
된장찌개,무,9,4,0.444,5.0,6.0
된장찌개,감자,9,3,0.333,4.0,7.0
된장찌개,돼지고기,9,3,0.333,4.0,7.0
된장찌개,표고버섯,9,3,0.333,4.0,7.0
된장찌개,쌀뜨물,9,2,0.222,3.0,8.0
된장찌개,고추장,9,2,0.222,3.0,8.0
된장찌개,식용유,9,2,0.222,3.0,8.0
된장찌개,간장,9,2,0.222,3.0,8.0
된장찌개,미더덕,9,1,0.111,2.0,9.0
된장찌개,맛술,9,1,0.111,2.0,9.0
된장찌개,후춧가루,9,1,0.111,2.0,9.0
된장찌개,팽이버섯,9,1,0.111,2.0,9.0
된장찌개,냉이,9,1,0.111,2.0,9.0
된장찌개,바지락조개,9,1,0.111,2.0,9.0
된장찌개,손질갈치,9,1,0.111,2.0,9.0
된장찌개,소금,9,1,0.111,2.0,9.0
된장찌개,꽃게,9,1,0.111,2.0,9.0
된장찌개,멸치육수,9,1,0.111,2.0,9.0
된장찌개,청국장,9,1,0.111,2.0,9.0
된장찌개,배추김치,9,1,0.111,2.0,9.0
된장찌개,김치국물,9,1,0.111,2.0,9.0
된장찌개,참기름,9,1,0.111,2.0,9.0
떡꼬치,떡,4,4,1.0,5.0,1.0
떡꼬치,케첩,4,4,1.0,5.0,1.0
떡꼬치,올리고당,4,4,1.0,5.0,1.0
떡꼬치,고추장,4,4,1.0,5.0,1.0
떡꼬치,식용유,4,3,0.75,4.0,2.0
떡꼬치,설탕,4,3,0.75,4.0,2.0
떡꼬치,후춧가루,4,3,0.75,4.0,2.0
떡꼬치,간장,4,3,0.75,4.0,2.0
떡꼬치,마늘,4,2,0.5,3.0,3.0
떡꼬치,비엔나소시지,4,2,0.5,3.0,3.0
떡꼬치,땅콩,4,1,0.25,2.0,4.0
떡꼬치,맛술,4,1,0.25,2.0,4.0
떡꼬치,베이컨,4,1,0.25,2.0,4.0
떡꼬치,파프리카,4,1,0.25,2.0,4.0
떡꼬치,치즈,4,1,0.25,2.0,4.0
떡꼬치,대파,4,1,0.25,2.0,4.0
떡꼬치,참기름,4,1,0.25,2.0,4.0
떡꼬치,머스터드소스,4,1,0.25,2.0,4.0
떡꼬치,무,4,1,0.25,2.0,4.0
떡꼬치,다진견과류,4,1,0.25,2.0,4.0
떡꼬치,꼬치,4,1,0.25,2.0,4.0
떡꼬치,파슬리가루,4,1,0.25,2.0,4.0
떡꼬치,스위트칠리소스,4,1,0.25,2.0,4.0
떡만두국,간장,147,81,0.551,82.0,67.0
떡만두국,소금,147,78,0.531,79.0,70.0
떡만두국,설탕,147,76,0.517,77.0,72.0
떡만두국,마늘,147,75,0.51,76.0,73.0
떡만두국,후춧가루,147,69,0.469,70.0,79.0
떡만두국,대파,147,67,0.456,68.0,81.0
떡만두국,물,147,59,0.401,60.0,89.0
떡만두국,떡,147,50,0.34,51.0,98.0
떡만두국,양파,147,50,0.34,51.0,98.0
떡만두국,참기름,147,49,0.333,50.0,99.0
떡만두국,맛술,147,46,0.313,47.0,102.0
떡만두국,식용유,147,39,0.265,40.0,109.0
떡만두국,올리고당,147,35,0.238,36.0,113.0
떡만두국,고춧가루,147,33,0.224,34.0,115.0
떡만두국,계란,147,28,0.19,29.0,120.0
떡만두국,통깨,147,24,0.163,25.0,124.0
떡만두국,치즈,147,23,0.156,24.0,125.0
떡만두국,고추장,147,23,0.156,24.0,125.0
떡만두국,표고버섯,147,23,0.156,24.0,125.0
떡만두국,만가닥버섯,147,22,0.15,23.0,126.0
떡만두국,멸치,147,21,0.143,22.0,127.0
떡만두국,소고기,147,20,0.136,21.0,128.0
떡만두국,청양고추,147,20,0.136,21.0,128.0
떡만두국,고추,147,19,0.129,20.0,129.0
떡만두국,우유,147,18,0.122,19.0,130.0
떡만두국,당근,147,17,0.116,18.0,131.0
떡만두국,무,147,17,0.116,18.0,131.0
떡만두국,식초,147,17,0.116,18.0,131.0
떡만두국,생강,147,15,0.102,16.0,133.0
떡만두국,돼지고기,147,15,0.102,16.0,133.0
떡만두국,굴소스,147,12,0.082,13.0,136.0
떡만두국,어묵,147,12,0.082,13.0,136.0
떡만두국,애호박,147,12,0.082,13.0,136.0
떡만두국,버터,147,12,0.082,13.0,136.0
떡만두국,찹쌀가루,147,12,0.082,13.0,136.0
떡만두국,닭고기,147,11,0.075,12.0,137.0
떡만두국,김,147,11,0.075,12.0,137.0
떡만두국,두부,147,11,0.075,12.0,137.0
떡만두국,다시마,147,10,0.068,11.0,138.0
떡만두국,밀가루,147,10,0.068,11.0,138.0
떡만두국,느타리버섯,147,10,0.068,11.0,138.0
떡만두국,전분,147,10,0.068,11.0,138.0
떡만두국,배추김치,147,10,0.068,11.0,138.0
떡만두국,청경채,147,9,0.061,10.0,139.0
떡만두국,감자,147,9,0.061,10.0,139.0
떡만두국,카레가루,147,9,0.061,10.0,139.0
떡만두국,마요네즈,147,9,0.061,10.0,139.0
떡만두국,양배추,147,8,0.054,9.0,140.0
떡만두국,파프리카,147,8,0.054,9.0,140.0
떡만두국,새우,147,8,0.054,9.0,140.0
떡만두국,부추,147,8,0.054,9.0,140.0
떡만두국,베이컨,147,7,0.048,8.0,141.0
떡만두국,케첩,147,7,0.048,8.0,141.0
떡만두국,육수,147,7,0.048,8.0,141.0
떡만두국,미나리,147,7,0.048,8.0,141.0
떡만두국,배추,147,7,0.048,8.0,141.0
떡만두국,깻잎,147,6,0.041,7.0,142.0
떡만두국,쪽파,147,6,0.041,7.0,142.0
떡만두국,레몬즙,147,6,0.041,7.0,142.0
떡만두국,밥,147,6,0.041,7.0,142.0
떡만두국,팽이버섯,147,5,0.034,6.0,143.0
떡만두국,된장,147,5,0.034,6.0,143.0
떡만두국,숙주,147,5,0.034,6.0,143.0
떡만두국,만두,147,5,0.034,6.0,143.0
떡만두국,새송이버섯,147,5,0.034,6.0,143.0
떡만두국,파슬리가루,147,4,0.027,5.0,144.0
떡만두국,깨,147,4,0.027,5.0,144.0
떡만두국,들깨가루,147,4,0.027,5.0,144.0
떡만두국,멸치액젓,147,4,0.027,5.0,144.0
떡만두국,연유,147,4,0.027,5.0,144.0
떡만두국,우엉,147,4,0.027,5.0,144.0
떡만두국,쌀,147,4,0.027,5.0,144.0
떡만두국,대추,147,4,0.027,5.0,144.0
떡만두국,햄,147,4,0.027,5.0,144.0
떡만두국,오이,147,4,0.027,5.0,144.0
떡만두국,토마토소스,147,3,0.02,4.0,145.0
떡만두국,오징어,147,3,0.02,4.0,145.0
떡만두국,밤,147,3,0.02,4.0,145.0
떡만두국,비엔나소시지,147,3,0.02,4.0,145.0
떡만두국,브로콜리,147,3,0.02,4.0,145.0
떡만두국,생크림,147,3,0.02,4.0,145.0
떡만두국,당면,147,3,0.02,4.0,145.0
떡만두국,계피,147,3,0.02,4.0,145.0
떡만두국,굴,147,3,0.02,4.0,145.0
떡만두국,콩나물,147,3,0.02,4.0,145.0
떡만두국,깐밤,147,3,0.02,4.0,145.0
떡만두국,시금치,147,3,0.02,4.0,145.0
떡만두국,배,147,3,0.02,4.0,145.0
떡만두국,연겨자,147,3,0.02,4.0,145.0
떡만두국,찹쌀,147,3,0.02,4.0,145.0
떡만두국,녹말가루,147,3,0.02,4.0,145.0
떡만두국,꿀,147,3,0.02,4.0,145.0
떡만두국,들기름,147,3,0.02,4.0,145.0
떡만두국,토르티야,147,2,0.014,3.0,146.0
떡만두국,다진잣,147,2,0.014,3.0,146.0
떡만두국,배즙,147,2,0.014,3.0,146.0
떡만두국,사골,147,2,0.014,3.0,146.0
떡만두국,휘핑크림,147,2,0.014,3.0,146.0
떡만두국,호떡믹스,147,2,0.014,3.0,146.0
떡만두국,월계수잎,147,2,0.014,3.0,146.0
떡만두국,갈비,147,2,0.014,3.0,146.0
떡만두국,라이스페이퍼,147,2,0.014,3.0,146.0
떡만두국,베이킹파우더,147,2,0.014,3.0,146.0
떡만두국,호두,147,2,0.014,3.0,146.0
떡만두국,레몬,147,2,0.014,3.0,146.0
떡만두국,참치,147,2,0.014,3.0,146.0
떡만두국,팥,147,2,0.014,3.0,146.0
떡만두국,만다리버섯,147,2,0.014,3.0,146.0
떡만두국,고구마,147,2,0.014,3.0,146.0
떡만두국,달래,147,2,0.014,3.0,146.0
떡만두국,타임,147,2,0.014,3.0,146.0
떡만두국,주꾸미,147,2,0.014,3.0,146.0
떡만두국,불린녹두,147,2,0.014,3.0,146.0
떡만두국,멥쌀가루,147,2,0.014,3.0,146.0
떡만두국,잣,147,2,0.014,3.0,146.0
떡만두국,팥앙금,147,2,0.014,3.0,146.0
떡만두국,매실액,147,2,0.014,3.0,146.0
떡만두국,소시지,147,2,0.014,3.0,146.0
떡만두국,버섯,147,2,0.014,3.0,146.0
떡만두국,우스터소스,147,2,0.014,3.0,146.0
떡만두국,전복,147,2,0.014,3.0,146.0
떡만두국,인삼,147,2,0.014,3.0,146.0
떡만두국,두반장,147,2,0.014,3.0,146.0
떡만두국,레몬제스트,147,2,0.014,3.0,146.0
떡만두국,슈가파우더,147,2,0.014,3.0,146.0
떡만두국,냉이,147,2,0.014,3.0,146.0
떡만두국,낙지,147,2,0.014,3.0,146.0
떡만두국,단무지,147,2,0.014,3.0,146.0
떡만두국,참치캔,147,2,0.014,3.0,146.0
떡만두국,옥수수통조림,147,1,0.007,2.0,147.0
떡만두국,누룽지,147,1,0.007,2.0,147.0
떡만두국,땅콩,147,1,0.007,2.0,147.0
떡만두국,생굴,147,1,0.007,2.0,147.0
떡만두국,피망,147,1,0.007,2.0,147.0
떡만두국,목이버섯,147,1,0.007,2.0,147.0
떡만두국,잣가루,147,1,0.007,2.0,147.0
떡만두국,머스터드소스,147,1,0.007,2.0,147.0
떡만두국,볶은호두,147,1,0.007,2.0,147.0
떡만두국,따듯한물,147,1,0.007,2.0,147.0
떡만두국,이스트,147,1,0.007,2.0,147.0
떡만두국,미국피칸,147,1,0.007,2.0,147.0
떡만두국,매생이,147,1,0.007,2.0,147.0
떡만두국,메추리알,147,1,0.007,2.0,147.0
떡만두국,춘장,147,1,0.007,2.0,147.0
떡만두국,유부주머니,147,1,0.007,2.0,147.0
떡만두국,체리,147,1,0.007,2.0,147.0
떡만두국,불린감정콩,147,1,0.007,2.0,147.0
떡만두국,완두콩,147,1,0.007,2.0,147.0
떡만두국,크랜베리,147,1,0.007,2.0,147.0
떡만두국,저염명란젓,147,1,0.007,2.0,147.0
떡만두국,날치알,147,1,0.007,2.0,147.0
떡만두국,사과,147,1,0.007,2.0,147.0
떡만두국,파슬리,147,1,0.007,2.0,147.0
떡만두국,비트,147,1,0.007,2.0,147.0
떡만두국,비트즙,147,1,0.007,2.0,147.0
떡만두국,삶은시래기나물,147,1,0.007,2.0,147.0
떡만두국,소송채,147,1,0.007,2.0,147.0
떡만두국,소바면,147,1,0.007,2.0,147.0
떡만두국,산마간것,147,1,0.007,2.0,147.0
떡만두국,낫토,147,1,0.007,2.0,147.0
떡만두국,와사비,147,1,0.007,2.0,147.0
떡만두국,소바다시,147,1,0.007,2.0,147.0
떡만두국,토란,147,1,0.007,2.0,147.0
떡만두국,적앙금,147,1,0.007,2.0,147.0
떡만두국,샐러드오일,147,1,0.007,2.0,147.0
떡만두국,다진견과류,147,1,0.007,2.0,147.0
떡만두국,꼬치,147,1,0.007,2.0,147.0
떡만두국,스위트칠리소스,147,1,0.007,2.0,147.0
떡만두국,청포도,147,1,0.007,2.0,147.0
떡만두국,적포도,147,1,0.007,2.0,147.0
떡만두국,칼라만시액,147,1,0.007,2.0,147.0
떡만두국,피클링스파이스,147,1,0.007,2.0,147.0
떡만두국,식물성유,147,1,0.007,2.0,147.0
떡만두국,불린샤미,147,1,0.007,2.0,147.0
떡만두국,치킨파우더,147,1,0.007,2.0,147.0
떡만두국,기름,147,1,0.007,2.0,147.0
떡만두국,콩가루,147,1,0.007,2.0,147.0
떡만두국,은행,147,1,0.007,2.0,147.0
떡만두국,네잎클로버,147,1,0.007,2.0,147.0
떡만두국,이쑤시개,147,1,0.007,2.0,147.0
떡만두국,프랑크소시지,147,1,0.007,2.0,147.0
떡만두국,비타민,147,1,0.007,2.0,147.0
떡만두국,청국장,147,1,0.007,2.0,147.0
떡만두국,페퍼론치노,147,1,0.007,2.0,147.0
떡만두국,봄동,147,1,0.007,2.0,147.0
떡만두국,유자청,147,1,0.007,2.0,147.0
떡만두국,데친고사리,147,1,0.007,2.0,147.0
떡만두국,마,147,1,0.007,2.0,147.0
떡만두국,검은깨,147,1,0.007,2.0,147.0
떡만두국,드라이이스트,147,1,0.007,2.0,147.0
떡만두국,옥수수가루,147,1,0.007,2.0,147.0
떡만두국,탈지분유,147,1,0.007,2.0,147.0
떡만두국,막걸리,147,1,0.007,2.0,147.0
떡만두국,베이크드빈스,147,1,0.007,2.0,147.0
떡만두국,라면사리,147,1,0.007,2.0,147.0
떡만두국,채소,147,1,0.007,2.0,147.0
떡만두국,청상추,147,1,0.007,2.0,147.0
떡만두국,적상추,147,1,0.007,2.0,147.0
떡만두국,치커리,147,1,0.007,2.0,147.0
떡만두국,허브가루,147,1,0.007,2.0,147.0
떡만두국,오렌지,147,1,0.007,2.0,147.0
떡만두국,견과류,147,1,0.007,2.0,147.0
떡만두국,셀러리,147,1,0.007,2.0,147.0
떡만두국,식용꽃,147,1,0.007,2.0,147.0
떡만두국,양송이,147,1,0.007,2.0,147.0
떡만두국,와인,147,1,0.007,2.0,147.0
떡만두국,치킨스톡,147,1,0.007,2.0,147.0
떡만두국,다진세이지,147,1,0.007,2.0,147.0
떡만두국,바질,147,1,0.007,2.0,147.0
떡만두국,포도씨오일,147,1,0.007,2.0,147.0
떡만두국,참마,147,1,0.007,2.0,147.0
떡만두국,대합,147,1,0.007,2.0,147.0
떡만두국,관자살,147,1,0.007,2.0,147.0
떡만두국,대추방울토마토,147,1,0.007,2.0,147.0
떡만두국,열무,147,1,0.007,2.0,147.0
떡만두국,흰만가닥버섯,147,1,0.007,2.0,147.0
떡만두국,현미즉석밥,147,1,0.007,2.0,147.0
떡만두국,샐러리,147,1,0.007,2.0,147.0
떡만두국,스파게티면,147,1,0.007,2.0,147.0
떡만두국,면수,147,1,0.007,2.0,147.0
떡만두국,코코넛롱,147,1,0.007,2.0,147.0
떡만두국,실곤약,147,1,0.007,2.0,147.0
떡만두국,갓,147,1,0.007,2.0,147.0
떡만두국,브라운양송이버섯,147,1,0.007,2.0,147.0
떡만두국,올리브,147,1,0.007,2.0,147.0
떡만두국,수박,147,1,0.007,2.0,147.0
떡만두국,파파야,147,1,0.007,2.0,147.0
떡만두국,방울토마토,147,1,0.007,2.0,147.0
떡만두국,다진민트잎,147,1,0.007,2.0,147.0
떡만두국,멸치육수,147,1,0.007,2.0,147.0
떡만두국,크로아상생지,147,1,0.007,2.0,147.0
떡만두국,시나몬파우더,147,1,0.007,2.0,147.0
떡만두국,견과류믹스,147,1,0.007,2.0,147.0
떡만두국,밀크커버춰초콜릿,147,1,0.007,2.0,147.0
떡만두국,다크커버춰초콜릿,147,1,0.007,2.0,147.0
떡만두국,초콜릿블록,147,1,0.007,2.0,147.0
떡만두국,메이플시럽,147,1,0.007,2.0,147.0
떡만두국,바지락,147,1,0.007,2.0,147.0
떡만두국,모시조개,147,1,0.007,2.0,147.0
떡만두국,홍가리비,147,1,0.007,2.0,147.0
떡만두국,딜,147,1,0.007,2.0,147.0
떡만두국,이탈리아파슬리,147,1,0.007,2.0,147.0
떡만두국,드라이오레가노,147,1,0.007,2.0,147.0
떡만두국,오레키에테,147,1,0.007,2.0,147.0
떡만두국,땅두릅,147,1,0.007,2.0,147.0
떡만두국,유채꽃나물,147,1,0.007,2.0,147.0
떡만두국,상추,147,1,0.007,2.0,147.0
떡만두국,작은연근,147,1,0.007,2.0,147.0
떡만두국,정어리통조림,147,1,0.007,2.0,147.0
떡만두국,허브솔트,147,1,0.007,2.0,147.0
떡만두국,빈스,147,1,0.007,2.0,147.0
떡만두국,흑임자,147,1,0.007,2.0,147.0
떡만두국,양상추,147,1,0.007,2.0,147.0
떡만두국,피클,147,1,0.007,2.0,147.0
떡만두국,바지락조개,147,1,0.007,2.0,147.0
떡만두국,연와사비,147,1,0.007,2.0,147.0
떡만두국,쫄면,147,1,0.007,2.0,147.0
떡만두국,크루아상,147,1,0.007,2.0,147.0
떡만두국,콩고물인절미,147,1,0.007,2.0,147.0
떡만두국,흑임자인절미,147,1,0.007,2.0,147.0
떡만두국,카스텔라인절미,147,1,0.007,2.0,147.0
떡만두국,볶은콩가루,147,1,0.007,2.0,147.0
떡만두국,피스타치오,147,1,0.007,2.0,147.0
떡만두국,참치액,147,1,0.007,2.0,147.0
떡만두국,볶은땅콩,147,1,0.007,2.0,147.0
떡만두국,손질갈치,147,1,0.007,2.0,147.0
떡만두국,꽃게,147,1,0.007,2.0,147.0
떡만두국,맛살,147,1,0.007,2.0,147.0
떡만두국,쌀밥,147,1,0.007,2.0,147.0
떡만두국,아스파라거스,147,1,0.007,2.0,147.0
떡만두국,후리가케,147,1,0.007,2.0,147.0
떡만두국,썬드라이토마토,147,1,0.007,2.0,147.0
떡만두국,흑곤약,147,1,0.007,2.0,147.0
떡만두국,냉동유부,147,1,0.007,2.0,147.0
떡만두국,생표고,147,1,0.007,2.0,147.0
떡만두국,술,147,1,0.007,2.0,147.0
떡만두국,완숙토마토,147,1,0.007,2.0,147.0
떡만두국,생바질,147,1,0.007,2.0,147.0
떡만두국,시판토마토소스,147,1,0.007,2.0,147.0
떡만두국,시판용카레가루,147,1,0.007,2.0,147.0
떡만두국,중면,147,1,0.007,2.0,147.0
떡만두국,깐은행,147,1,0.007,2.0,147.0
떡만두국,미삼,147,1,0.007,2.0,147.0
떡만두국,스파게티소스,147,1,0.007,2.0,147.0
떡만두국,피자소스,147,1,0.007,2.0,147.0
떡만두국,명란젓,147,1,0.007,2.0,147.0
떡만두국,불린찹쌀,147,1,0.007,2.0,147.0
떡만두국,황기,147,1,0.007,2.0,147.0
떡만두국,향,147,1,0.007,2.0,147.0
떡만두국,연근,147,1,0.007,2.0,147.0
떡만두국,탄산수,147,1,0.007,2.0,147.0
떡만두국,가쓰오부시,147,1,0.007,2.0,147.0
떡만두국,건미역,147,1,0.007,2.0,147.0
떡만두국,표고,147,1,0.007,2.0,147.0
떡만두국,쯔유,147,1,0.007,2.0,147.0
떡만두국,그릭요거트,147,1,0.007,2.0,147.0
떡만두국,빠다코코넛,147,1,0.007,2.0,147.0
떡볶이,떡,33,32,0.97,33.0,2.0
떡볶이,설탕,33,28,0.848,29.0,6.0
떡볶이,간장,33,25,0.758,26.0,9.0
떡볶이,대파,33,23,0.697,24.0,11.0
떡볶이,올리고당,33,22,0.667,23.0,12.0
떡볶이,마늘,33,20,0.606,21.0,14.0
떡볶이,고추장,33,19,0.576,20.0,15.0
떡볶이,고춧가루,33,19,0.576,20.0,15.0
떡볶이,후춧가루,33,19,0.576,20.0,15.0
떡볶이,양파,33,17,0.515,18.0,17.0
떡볶이,맛술,33,14,0.424,15.0,20.0
떡볶이,물,33,12,0.364,13.0,22.0
떡볶이,어묵,33,10,0.303,11.0,24.0
떡볶이,참기름,33,10,0.303,11.0,24.0
떡볶이,치즈,33,10,0.303,11.0,24.0
떡볶이,통깨,33,10,0.303,11.0,24.0
떡볶이,소금,33,8,0.242,9.0,26.0
떡볶이,식용유,33,7,0.212,8.0,27.0
떡볶이,멸치,33,7,0.212,8.0,27.0
떡볶이,당근,33,7,0.212,8.0,27.0
떡볶이,우유,33,7,0.212,8.0,27.0
떡볶이,카레가루,33,6,0.182,7.0,28.0
떡볶이,양배추,33,6,0.182,7.0,28.0
떡볶이,굴소스,33,5,0.152,6.0,29.0
떡볶이,베이컨,33,5,0.152,6.0,29.0
떡볶이,감자,33,5,0.152,6.0,29.0
떡볶이,파프리카,33,5,0.152,6.0,29.0
떡볶이,케첩,33,5,0.152,6.0,29.0
떡볶이,닭고기,33,5,0.152,6.0,29.0
떡볶이,소고기,33,4,0.121,5.0,30.0
떡볶이,표고버섯,33,4,0.121,5.0,30.0
떡볶이,버터,33,4,0.121,5.0,30.0
떡볶이,청양고추,33,4,0.121,5.0,30.0
떡볶이,생강,33,4,0.121,5.0,30.0
떡볶이,비엔나소시지,33,3,0.091,4.0,31.0
떡볶이,깨,33,3,0.091,4.0,31.0
떡볶이,오징어,33,3,0.091,4.0,31.0
떡볶이,애호박,33,3,0.091,4.0,31.0
떡볶이,파슬리가루,33,2,0.061,3.0,32.0
떡볶이,토마토소스,33,2,0.061,3.0,32.0
떡볶이,당면,33,2,0.061,3.0,32.0
떡볶이,생크림,33,2,0.061,3.0,32.0
떡볶이,육수,33,2,0.061,3.0,32.0
떡볶이,돼지고기,33,2,0.061,3.0,32.0
떡볶이,깻잎,33,2,0.061,3.0,32.0
떡볶이,계란,33,2,0.061,3.0,32.0
떡볶이,브로콜리,33,2,0.061,3.0,32.0
떡볶이,휘핑크림,33,2,0.061,3.0,32.0
떡볶이,무,33,2,0.061,3.0,32.0
떡볶이,새우,33,2,0.061,3.0,32.0
떡볶이,청경채,33,2,0.061,3.0,32.0
떡볶이,팽이버섯,33,2,0.061,3.0,32.0
떡볶이,고추,33,2,0.061,3.0,32.0
떡볶이,누룽지,33,1,0.03,2.0,33.0
떡볶이,다시마,33,1,0.03,2.0,33.0
떡볶이,옥수수통조림,33,1,0.03,2.0,33.0
떡볶이,토르티야,33,1,0.03,2.0,33.0
떡볶이,볶은호두,33,1,0.03,2.0,33.0
떡볶이,라이스페이퍼,33,1,0.03,2.0,33.0
떡볶이,메추리알,33,1,0.03,2.0,33.0
떡볶이,춘장,33,1,0.03,2.0,33.0
떡볶이,피망,33,1,0.03,2.0,33.0
떡볶이,만가닥버섯,33,1,0.03,2.0,33.0
떡볶이,목이버섯,33,1,0.03,2.0,33.0
떡볶이,다진잣,33,1,0.03,2.0,33.0
떡볶이,땅콩,33,1,0.03,2.0,33.0
떡볶이,머스터드소스,33,1,0.03,2.0,33.0
떡볶이,다진견과류,33,1,0.03,2.0,33.0
떡볶이,꼬치,33,1,0.03,2.0,33.0
떡볶이,스위트칠리소스,33,1,0.03,2.0,33.0
떡볶이,콩나물,33,1,0.03,2.0,33.0
떡볶이,쪽파,33,1,0.03,2.0,33.0
떡볶이,된장,33,1,0.03,2.0,33.0
떡볶이,월계수잎,33,1,0.03,2.0,33.0
떡볶이,고구마,33,1,0.03,2.0,33.0
떡볶이,부추,33,1,0.03,2.0,33.0
떡볶이,식초,33,1,0.03,2.0,33.0
떡볶이,연겨자,33,1,0.03,2.0,33.0
떡볶이,밤,33,1,0.03,2.0,33.0
떡볶이,잣가루,33,1,0.03,2.0,33.0
떡볶이,배즙,33,1,0.03,2.0,33.0
막국수,들기름,2,2,1.0,3.0,1.0
막국수,통깨,2,2,1.0,3.0,1.0
막국수,메밀면,2,1,0.5,2.0,2.0
막국수,김,2,1,0.5,2.0,2.0
막국수,쪽파,2,1,0.5,2.0,2.0
막국수,간장,2,1,0.5,2.0,2.0
막국수,설탕,2,1,0.5,2.0,2.0
막국수,식초,2,1,0.5,2.0,2.0
막국수,한식채수,2,1,0.5,2.0,2.0
막국수,발사믹,2,1,0.5,2.0,2.0
막국수,쯔유,2,1,0.5,2.0,2.0
막국수,올리고당,2,1,0.5,2.0,2.0
만두,소금,27,19,0.704,20.0,9.0
만두,후춧가루,27,18,0.667,19.0,10.0
만두,마늘,27,17,0.63,18.0,11.0
만두,만두,27,15,0.556,16.0,13.0
만두,간장,27,13,0.481,14.0,15.0
만두,참기름,27,13,0.481,14.0,15.0
만두,대파,27,11,0.407,12.0,17.0
만두,식용유,27,11,0.407,12.0,17.0
만두,설탕,27,10,0.37,11.0,18.0
만두,맛술,27,10,0.37,11.0,18.0
만두,부추,27,9,0.333,10.0,19.0
만두,양파,27,9,0.333,10.0,19.0
만두,물,27,9,0.333,10.0,19.0
만두,청양고추,27,8,0.296,9.0,20.0
만두,돼지고기,27,8,0.296,9.0,20.0
만두,굴소스,27,8,0.296,9.0,20.0
만두,밀가루,27,8,0.296,9.0,20.0
만두,식초,27,7,0.259,8.0,21.0
만두,고춧가루,27,7,0.259,8.0,21.0
만두,두부,27,6,0.222,7.0,22.0
만두,표고버섯,27,6,0.222,7.0,22.0
만두,계란,27,6,0.222,7.0,22.0
만두,통깨,27,4,0.148,5.0,24.0
만두,느타리버섯,27,4,0.148,5.0,24.0
만두,고추,27,4,0.148,5.0,24.0
만두,양배추,27,4,0.148,5.0,24.0
만두,생강,27,4,0.148,5.0,24.0
만두,시금치,27,4,0.148,5.0,24.0
만두,새우,27,4,0.148,5.0,24.0
만두,배추김치,27,4,0.148,5.0,24.0
만두,치즈,27,4,0.148,5.0,24.0
만두,당면,27,3,0.111,4.0,25.0
만두,애호박,27,3,0.111,4.0,25.0
만두,전분,27,3,0.111,4.0,25.0
만두,김,27,3,0.111,4.0,25.0
만두,배추,27,2,0.074,3.0,26.0
만두,사골,27,2,0.074,3.0,26.0
만두,비트즙,27,2,0.074,3.0,26.0
만두,깨,27,2,0.074,3.0,26.0
만두,팽이버섯,27,2,0.074,3.0,26.0
만두,슈가파우더,27,2,0.074,3.0,26.0
만두,숙주,27,2,0.074,3.0,26.0
만두,버터,27,2,0.074,3.0,26.0
만두,쪽파,27,2,0.074,3.0,26.0
만두,바질,27,2,0.074,3.0,26.0
만두,연근,27,1,0.037,2.0,27.0
만두,당근,27,1,0.037,2.0,27.0
만두,유부,27,1,0.037,2.0,27.0
만두,요리면,27,1,0.037,2.0,27.0
만두,배,27,1,0.037,2.0,27.0
만두,갓,27,1,0.037,2.0,27.0
만두,라이스페이퍼,27,1,0.037,2.0,27.0
만두,참치캔,27,1,0.037,2.0,27.0
만두,깻잎,27,1,0.037,2.0,27.0
만두,피쉬소스,27,1,0.037,2.0,27.0
만두,새송이버섯,27,1,0.037,2.0,27.0
만두,들기름,27,1,0.037,2.0,27.0
만두,다진땅콩,27,1,0.037,2.0,27.0
만두,소고기,27,1,0.037,2.0,27.0
만두,참마,27,1,0.037,2.0,27.0
만두,바닐라에센스,27,1,0.037,2.0,27.0
만두,멸치,27,1,0.037,2.0,27.0
만두,멸치액젓,27,1,0.037,2.0,27.0
만두,빵가루,27,1,0.037,2.0,27.0
만두,파슬리,27,1,0.037,2.0,27.0
만두,견과류,27,1,0.037,2.0,27.0
만두,메이플시럽,27,1,0.037,2.0,27.0
만두,꿀,27,1,0.037,2.0,27.0
만두,삶은시래기나물,27,1,0.037,2.0,27.0
만두,들깨가루,27,1,0.037,2.0,27.0
만두,사과,27,1,0.037,2.0,27.0
만두,계피,27,1,0.037,2.0,27.0
만두,레몬즙,27,1,0.037,2.0,27.0
만두,사이다,27,1,0.037,2.0,27.0
만두,카라멜소스,27,1,0.037,2.0,27.0
만두,셀러리,27,1,0.037,2.0,27.0
만두,우스터소스,27,1,0.037,2.0,27.0
만두,전복,27,1,0.037,2.0,27.0
만두,식용꽃,27,1,0.037,2.0,27.0
만두,양송이,27,1,0.037,2.0,27.0
만두,생크림,27,1,0.037,2.0,27.0
만두,와인,27,1,0.037,2.0,27.0
만두,치킨스톡,27,1,0.037,2.0,27.0
만두,다진세이지,27,1,0.037,2.0,27.0
만두,포도씨오일,27,1,0.037,2.0,27.0
만두,저염명란젓,27,1,0.037,2.0,27.0
만두,날치알,27,1,0.037,2.0,27.0
만두,마요네즈,27,1,0.037,2.0,27.0
만두,홍게다리살,27,1,0.037,2.0,27.0
만두,다진청피망,27,1,0.037,2.0,27.0
만두,소시지,27,1,0.037,2.0,27.0
만두,방울토마토,27,1,0.037,2.0,27.0
만두,양송이버섯,27,1,0.037,2.0,27.0
만두,파프리카,27,1,0.037,2.0,27.0
만두,가지,27,1,0.037,2.0,27.0
만두,올리브,27,1,0.037,2.0,27.0
만두,케첩,27,1,0.037,2.0,27.0
만두,오레가노,27,1,0.037,2.0,27.0
만두,비건소시지,27,1,0.037,2.0,27.0
만두,템페,27,1,0.037,2.0,27.0
만두,베이크드빈,27,1,0.037,2.0,27.0
만두,라면사리,27,1,0.037,2.0,27.0
만두,채수,27,1,0.037,2.0,27.0
만두,고추장,27,1,0.037,2.0,27.0
만두,면,27,1,0.037,2.0,27.0
만두,닭고기,27,1,0.037,2.0,27.0
만두,치킨파우더,27,1,0.037,2.0,27.0
만두,비트,27,1,0.037,2.0,27.0
만두,참치,27,1,0.037,2.0,27.0
무생채,무,1,1,1.0,2.0,1.0
무생채,고춧가루,1,1,1.0,2.0,1.0
무생채,대파,1,1,1.0,2.0,1.0
무생채,통깨,1,1,1.0,2.0,1.0
무생채,멸치액젓,1,1,1.0,2.0,1.0
무생채,식초,1,1,1.0,2.0,1.0
무생채,설탕,1,1,1.0,2.0,1.0
무생채,마늘,1,1,1.0,2.0,1.0
무생채,소금,1,1,1.0,2.0,1.0
무생채,생강,1,1,1.0,2.0,1.0
물냉면,꼬시래기,1,1,1.0,2.0,1.0
물냉면,시판용냉면육수,1,1,1.0,2.0,1.0
물냉면,오이,1,1,1.0,2.0,1.0
물냉면,계란,1,1,1.0,2.0,1.0
물냉면,쌈무,1,1,1.0,2.0,1.0
물냉면,통깨,1,1,1.0,2.0,1.0
물냉면,소금,1,1,1.0,2.0,1.0
물냉면,식초,1,1,1.0,2.0,1.0
물냉면,고추장,1,1,1.0,2.0,1.0
물냉면,고춧가루,1,1,1.0,2.0,1.0
물냉면,매실액,1,1,1.0,2.0,1.0
물냉면,참기름,1,1,1.0,2.0,1.0
미역국,간장,11,10,0.909,11.0,2.0
미역국,마늘,11,9,0.818,10.0,3.0
미역국,소금,11,9,0.818,10.0,3.0
미역국,참기름,11,8,0.727,9.0,4.0
미역국,건미역,11,8,0.727,9.0,4.0
미역국,물,11,5,0.455,6.0,7.0
미역국,멸치액젓,11,5,0.455,6.0,7.0
미역국,후춧가루,11,4,0.364,5.0,8.0
미역국,소고기,11,3,0.273,4.0,9.0
미역국,들기름,11,3,0.273,4.0,9.0
미역국,맛술,11,3,0.273,4.0,9.0
미역국,들깨가루,11,2,0.182,3.0,10.0
미역국,자른미역,11,1,0.091,2.0,11.0
미역국,황태,11,1,0.091,2.0,11.0
미역국,표고버섯,11,1,0.091,2.0,11.0
미역국,다시마,11,1,0.091,2.0,11.0
미역국,성게,11,1,0.091,2.0,11.0
미역국,육수,11,1,0.091,2.0,11.0
미역국,전복,11,1,0.091,2.0,11.0
미역국,멸치육수,11,1,0.091,2.0,11.0
미역국,굴,11,1,0.091,2.0,11.0
미역국,무,11,1,0.091,2.0,11.0
미역국,멸치,11,1,0.091,2.0,11.0
미역국,손질가자미,11,1,0.091,2.0,11.0
미역국,마른미역,11,1,0.091,2.0,11.0
미역국,참옥돔,11,1,0.091,2.0,11.0
미역국,불린미역,11,1,0.091,2.0,11.0
미역국,참가자미,11,1,0.091,2.0,11.0
미역국,생강,11,1,0.091,2.0,11.0
미역국,쌀,11,1,0.091,2.0,11.0
미역국,청양고추,11,1,0.091,2.0,11.0
미역국,고추,11,1,0.091,2.0,11.0
미역국,통깨,11,1,0.091,2.0,11.0
배추김치,배추김치,24,21,0.875,22.0,4.0
배추김치,마늘,24,17,0.708,18.0,8.0
배추김치,고춧가루,24,15,0.625,16.0,10.0
배추김치,대파,24,14,0.583,15.0,11.0
배추김치,후춧가루,24,14,0.583,15.0,11.0
배추김치,소금,24,12,0.5,13.0,13.0
배추김치,간장,24,12,0.5,13.0,13.0
배추김치,참기름,24,12,0.5,13.0,13.0
배추김치,식용유,24,10,0.417,11.0,15.0
배추김치,맛술,24,10,0.417,11.0,15.0
배추김치,양파,24,9,0.375,10.0,16.0
배추김치,청양고추,24,9,0.375,10.0,16.0
배추김치,고추,24,8,0.333,9.0,17.0
배추김치,멸치,24,8,0.333,9.0,17.0
배추김치,설탕,24,8,0.333,9.0,17.0
배추김치,올리고당,24,7,0.292,8.0,18.0
배추김치,통깨,24,7,0.292,8.0,18.0
배추김치,물,24,6,0.25,7.0,19.0
배추김치,계란,24,6,0.25,7.0,19.0
배추김치,두부,24,6,0.25,7.0,19.0
배추김치,밥,24,5,0.208,6.0,20.0
배추김치,김치국물,24,5,0.208,6.0,20.0
배추김치,생강,24,4,0.167,5.0,21.0
배추김치,된장,24,4,0.167,5.0,21.0
배추김치,애호박,24,4,0.167,5.0,21.0
배추김치,무,24,3,0.125,4.0,22.0
배추김치,새우젓,24,3,0.125,4.0,22.0
배추김치,멸치액젓,24,3,0.125,4.0,22.0
배추김치,매실액,24,3,0.125,4.0,22.0
배추김치,다시마,24,3,0.125,4.0,22.0
배추김치,당근,24,3,0.125,4.0,22.0
배추김치,오이,24,3,0.125,4.0,22.0
배추김치,식초,24,3,0.125,4.0,22.0
배추김치,소고기,24,3,0.125,4.0,22.0
배추김치,깨,24,3,0.125,4.0,22.0
배추김치,돼지고기,24,3,0.125,4.0,22.0
배추김치,쪽파,24,2,0.083,3.0,23.0
배추김치,양배추,24,2,0.083,3.0,23.0
배추김치,찹쌀가루,24,2,0.083,3.0,23.0
배추김치,오징어,24,2,0.083,3.0,23.0
배추김치,만가닥버섯,24,2,0.083,3.0,23.0
배추김치,청국장,24,2,0.083,3.0,23.0
배추김치,미나리,24,2,0.083,3.0,23.0
배추김치,고추장,24,2,0.083,3.0,23.0
배추김치,숙주,24,2,0.083,3.0,23.0
배추김치,밀가루,24,2,0.083,3.0,23.0
배추김치,치즈,24,2,0.083,3.0,23.0
배추김치,표고버섯,24,2,0.083,3.0,23.0
배추김치,배추,24,1,0.042,2.0,24.0
배추김치,배,24,1,0.042,2.0,24.0
배추김치,사과,24,1,0.042,2.0,24.0
배추김치,찹쌀밥,24,1,0.042,2.0,24.0
배추김치,부침가루,24,1,0.042,2.0,24.0
배추김치,꽁치통조림,24,1,0.042,2.0,24.0
배추김치,콩나물,24,1,0.042,2.0,24.0
배추김치,도토리묵,24,1,0.042,2.0,24.0
배추김치,적채,24,1,0.042,2.0,24.0
배추김치,달래,24,1,0.042,2.0,24.0
배추김치,고슬고슬한밥,24,1,0.042,2.0,24.0
배추김치,베이컨슬라이스,24,1,0.042,2.0,24.0
배추김치,맛살,24,1,0.042,2.0,24.0
배추김치,불린녹두,24,1,0.042,2.0,24.0
배추김치,데친고사리,24,1,0.042,2.0,24.0
배추김치,바지락조개,24,1,0.042,2.0,24.0
배추김치,감자,24,1,0.042,2.0,24.0
배추김치,냉동유부,24,1,0.042,2.0,24.0
배추김치,육수,24,1,0.042,2.0,24.0
배추김치,부추,24,1,0.042,2.0,24.0
배추김치,스파게티면,24,1,0.042,2.0,24.0
배추김치,베이컨,24,1,0.042,2.0,24.0
배추김치,새우,24,1,0.042,2.0,24.0
배추김치,버터,24,1,0.042,2.0,24.0
배추김치,파슬리가루,24,1,0.042,2.0,24.0
배추김치,토마토소스,24,1,0.042,2.0,24.0
배추김치,우유,24,1,0.042,2.0,24.0
배추김치,면수,24,1,0.042,2.0,24.0
배추김치,들기름,24,1,0.042,2.0,24.0
배추김치,삶은시래기나물,24,1,0.042,2.0,24.0
배추김치,만두,24,1,0.042,2.0,24.0
배추김치,들깨가루,24,1,0.042,2.0,24.0
배추김치,소면,24,1,0.042,2.0,24.0
배추김치,냉면육수,24,1,0.042,2.0,24.0
배추김치,라자냐,24,1,0.042,2.0,24.0
배추김치,볼로네제소스,24,1,0.042,2.0,24.0
배추김치,생크림,24,1,0.042,2.0,24.0
백김치,물,2,2,1.0,3.0,1.0
백김치,배추,2,1,0.5,2.0,2.0
백김치,무,2,1,0.5,2.0,2.0
백김치,쪽파,2,1,0.5,2.0,2.0
백김치,파프리카,2,1,0.5,2.0,2.0
백김치,배,2,1,0.5,2.0,2.0
백김치,사과,2,1,0.5,2.0,2.0
백김치,마늘,2,1,0.5,2.0,2.0
백김치,생강,2,1,0.5,2.0,2.0
백김치,소금,2,1,0.5,2.0,2.0
백김치,다시마,2,1,0.5,2.0,2.0
백김치,찹쌀가루,2,1,0.5,2.0,2.0
백김치,대추방울토마토,2,1,0.5,2.0,2.0
백김치,열무,2,1,0.5,2.0,2.0
백김치,흰만가닥버섯,2,1,0.5,2.0,2.0
백김치,식용유,2,1,0.5,2.0,2.0
백김치,치즈,2,1,0.5,2.0,2.0
백김치,현미즉석밥,2,1,0.5,2.0,2.0
백김치,후춧가루,2,1,0.5,2.0,2.0
백김치,간장,2,1,0.5,2.0,2.0
보쌈,마늘,9,9,1.0,10.0,1.0
보쌈,돼지고기,9,8,0.889,9.0,2.0
보쌈,생강,9,7,0.778,8.0,3.0
보쌈,양파,9,6,0.667,7.0,4.0
보쌈,소금,9,6,0.667,7.0,4.0
보쌈,설탕,9,6,0.667,7.0,4.0
보쌈,간장,9,6,0.667,7.0,4.0
보쌈,통깨,9,5,0.556,6.0,5.0
보쌈,맛술,9,5,0.556,6.0,5.0
보쌈,대파,9,5,0.556,6.0,5.0
보쌈,후춧가루,9,5,0.556,6.0,5.0
보쌈,올리고당,9,5,0.556,6.0,5.0
보쌈,월계수잎,9,5,0.556,6.0,5.0
보쌈,물,9,4,0.444,5.0,6.0
보쌈,된장,9,4,0.444,5.0,6.0
보쌈,식초,9,4,0.444,5.0,6.0
보쌈,오이,9,3,0.333,4.0,7.0
보쌈,연겨자,9,3,0.333,4.0,7.0
보쌈,참기름,9,3,0.333,4.0,7.0
보쌈,고추,9,3,0.333,4.0,7.0
보쌈,무,9,2,0.222,3.0,8.0
보쌈,고춧가루,9,2,0.222,3.0,8.0
보쌈,쪽파,9,2,0.222,3.0,8.0
보쌈,멸치액젓,9,2,0.222,3.0,8.0
보쌈,파프리카,9,2,0.222,3.0,8.0
보쌈,연유,9,2,0.222,3.0,8.0
보쌈,사과,9,2,0.222,3.0,8.0
보쌈,매실액,9,2,0.222,3.0,8.0
보쌈,굴,9,1,0.111,2.0,9.0
보쌈,배추,9,1,0.111,2.0,9.0
보쌈,월계수,9,1,0.111,2.0,9.0
보쌈,굴소스,9,1,0.111,2.0,9.0
보쌈,상추,9,1,0.111,2.0,9.0
보쌈,깨,9,1,0.111,2.0,9.0
보쌈,팔각,9,1,0.111,2.0,9.0
보쌈,계피,9,1,0.111,2.0,9.0
보쌈,잣가루,9,1,0.111,2.0,9.0
보쌈,유자청,9,1,0.111,2.0,9.0
보쌈,꿀,9,1,0.111,2.0,9.0
보쌈,두반장,9,1,0.111,2.0,9.0
보쌈,새우젓,9,1,0.111,2.0,9.0
보쌈,청양고추,9,1,0.111,2.0,9.0
보쌈,알룰로스,9,1,0.111,2.0,9.0
보쌈,우유,9,1,0.111,2.0,9.0
보쌈,양배추,9,1,0.111,2.0,9.0
보쌈,검은깨,9,1,0.111,2.0,9.0
보쌈,식용유,9,1,0.111,2.0,9.0
보쌈,레몬즙,9,1,0.111,2.0,9.0
부대찌개,대파,3,3,1.0,4.0,1.0
부대찌개,양파,3,3,1.0,4.0,1.0
부대찌개,간장,3,3,1.0,4.0,1.0
부대찌개,마늘,3,3,1.0,4.0,1.0
부대찌개,후춧가루,3,3,1.0,4.0,1.0
부대찌개,고춧가루,3,3,1.0,4.0,1.0
부대찌개,햄,3,2,0.667,3.0,2.0
부대찌개,소시지,3,2,0.667,3.0,2.0
부대찌개,베이크드빈스,3,2,0.667,3.0,2.0
부대찌개,두부,3,2,0.667,3.0,2.0
부대찌개,배추김치,3,2,0.667,3.0,2.0
부대찌개,치즈,3,2,0.667,3.0,2.0
부대찌개,라면사리,3,2,0.667,3.0,2.0
부대찌개,맛술,3,2,0.667,3.0,2.0
부대찌개,고추장,3,2,0.667,3.0,2.0
부대찌개,소금,3,2,0.667,3.0,2.0
부대찌개,소고기,3,1,0.333,2.0,3.0
부대찌개,떡,3,1,0.333,2.0,3.0
부대찌개,사골,3,1,0.333,2.0,3.0
부대찌개,비건소시지,3,1,0.333,2.0,3.0
부대찌개,템페,3,1,0.333,2.0,3.0
부대찌개,만두,3,1,0.333,2.0,3.0
부대찌개,베이크드빈,3,1,0.333,2.0,3.0
부대찌개,팽이버섯,3,1,0.333,2.0,3.0
부대찌개,표고버섯,3,1,0.333,2.0,3.0
부대찌개,채수,3,1,0.333,2.0,3.0
부대찌개,양배추,3,1,0.333,2.0,3.0
부대찌개,식용유,3,1,0.333,2.0,3.0
부대찌개,통깨,3,1,0.333,2.0,3.0
부대찌개,물,3,1,0.333,2.0,3.0
부대찌개,케첩,3,1,0.333,2.0,3.0
부대찌개,올리고당,3,1,0.333,2.0,3.0
부대찌개,설탕,3,1,0.333,2.0,3.0
불고기,간장,60,51,0.85,52.0,10.0
불고기,소고기,60,47,0.783,48.0,14.0
불고기,마늘,60,47,0.783,48.0,14.0
불고기,후춧가루,60,47,0.783,48.0,14.0
불고기,설탕,60,42,0.7,43.0,19.0
불고기,양파,60,37,0.617,38.0,24.0
불고기,참기름,60,37,0.617,38.0,24.0
불고기,맛술,60,36,0.6,37.0,25.0
불고기,대파,60,26,0.433,27.0,35.0
불고기,소금,60,26,0.433,27.0,35.0
불고기,식용유,60,21,0.35,22.0,40.0
불고기,통깨,60,19,0.317,20.0,42.0
불고기,올리고당,60,19,0.317,20.0,42.0
불고기,물,60,18,0.3,19.0,43.0
불고기,당근,60,15,0.25,16.0,46.0
불고기,고추,60,14,0.233,15.0,47.0
불고기,식초,60,12,0.2,13.0,49.0
불고기,돼지고기,60,12,0.2,13.0,49.0
불고기,고춧가루,60,12,0.2,13.0,49.0
불고기,표고버섯,60,10,0.167,11.0,51.0
불고기,청양고추,60,9,0.15,10.0,52.0
불고기,고추장,60,9,0.15,10.0,52.0
불고기,생강,60,9,0.15,10.0,52.0
불고기,계란,60,8,0.133,9.0,53.0
불고기,깻잎,60,8,0.133,9.0,53.0
불고기,치즈,60,8,0.133,9.0,53.0
불고기,밥,60,8,0.133,9.0,53.0
불고기,팽이버섯,60,7,0.117,8.0,54.0
불고기,쪽파,60,7,0.117,8.0,54.0
불고기,파프리카,60,7,0.117,8.0,54.0
불고기,굴소스,60,7,0.117,8.0,54.0
불고기,애호박,60,6,0.1,7.0,55.0
불고기,멸치,60,5,0.083,6.0,56.0
불고기,채소,60,5,0.083,6.0,56.0
불고기,오징어,60,5,0.083,6.0,56.0
불고기,가지,60,4,0.067,5.0,57.0
불고기,배추,60,4,0.067,5.0,57.0
불고기,느타리버섯,60,4,0.067,5.0,57.0
불고기,연겨자,60,4,0.067,5.0,57.0
불고기,육수,60,3,0.05,4.0,58.0
불고기,토마토,60,3,0.05,4.0,58.0
불고기,꿀,60,3,0.05,4.0,58.0
불고기,오이,60,3,0.05,4.0,58.0
불고기,토르티야,60,3,0.05,4.0,58.0
불고기,부추,60,3,0.05,4.0,58.0
불고기,배,60,3,0.05,4.0,58.0
불고기,깨,60,3,0.05,4.0,58.0
불고기,무,60,3,0.05,4.0,58.0
불고기,멸치액젓,60,3,0.05,4.0,58.0
불고기,버터,60,3,0.05,4.0,58.0
불고기,숙주,60,3,0.05,4.0,58.0
불고기,연근,60,3,0.05,4.0,58.0
불고기,당면,60,2,0.033,3.0,59.0
불고기,마요네즈,60,2,0.033,3.0,59.0
불고기,홀그레인머스터드,60,2,0.033,3.0,59.0
불고기,버섯류,60,2,0.033,3.0,59.0
불고기,참치액,60,2,0.033,3.0,59.0
불고기,현미밥,60,2,0.033,3.0,59.0
불고기,검은깨,60,2,0.033,3.0,59.0
불고기,방울토마토,60,2,0.033,3.0,59.0
불고기,라임,60,2,0.033,3.0,59.0
불고기,피쉬소스,60,2,0.033,3.0,59.0
불고기,칠리소스,60,2,0.033,3.0,59.0
불고기,우엉,60,2,0.033,3.0,59.0
불고기,콩나물,60,2,0.033,3.0,59.0
불고기,명란젓,60,2,0.033,3.0,59.0
불고기,양배추,60,2,0.033,3.0,59.0
불고기,새송이버섯,60,2,0.033,3.0,59.0
불고기,청경채,60,2,0.033,3.0,59.0
불고기,우유,60,2,0.033,3.0,59.0
불고기,된장,60,2,0.033,3.0,59.0
불고기,밀가루,60,2,0.033,3.0,59.0
불고기,떡,60,2,0.033,3.0,59.0
불고기,피망,60,2,0.033,3.0,59.0
불고기,배추김치,60,2,0.033,3.0,59.0
불고기,다시마,60,2,0.033,3.0,59.0
불고기,만가닥버섯,60,2,0.033,3.0,59.0
불고기,브로콜리,60,2,0.033,3.0,59.0
불고기,씻은쌀,60,1,0.017,2.0,60.0
불고기,손질낙지,60,1,0.017,2.0,60.0
불고기,부침가루,60,1,0.017,2.0,60.0
불고기,잉글리시머핀,60,1,0.017,2.0,60.0
불고기,양상추,60,1,0.017,2.0,60.0
불고기,머스터드,60,1,0.017,2.0,60.0
불고기,치아바타,60,1,0.017,2.0,60.0
불고기,적채,60,1,0.017,2.0,60.0
불고기,잎상추,60,1,0.017,2.0,60.0
불고기,김,60,1,0.017,2.0,60.0
불고기,토마토소스,60,1,0.017,2.0,60.0
불고기,케첩,60,1,0.017,2.0,60.0
불고기,체리토마토,60,1,0.017,2.0,60.0
불고기,시판토마토소스,60,1,0.017,2.0,60.0
불고기,아스파라거스,60,1,0.017,2.0,60.0
불고기,배즙,60,1,0.017,2.0,60.0
불고기,치커리,60,1,0.017,2.0,60.0
불고기,고수,60,1,0.017,2.0,60.0
불고기,청상추,60,1,0.017,2.0,60.0
불고기,도라지,60,1,0.017,2.0,60.0
불고기,대추,60,1,0.017,2.0,60.0
불고기,스파게티소스,60,1,0.017,2.0,60.0
불고기,피자소스,60,1,0.017,2.0,60.0
불고기,두반장,60,1,0.017,2.0,60.0
불고기,매실액,60,1,0.017,2.0,60.0
불고기,새송이,60,1,0.017,2.0,60.0
불고기,어린잎,60,1,0.017,2.0,60.0
불고기,시금치,60,1,0.017,2.0,60.0
불고기,생크림,60,1,0.017,2.0,60.0
불고기,핫도그빵,60,1,0.017,2.0,60.0
불고기,참마,60,1,0.017,2.0,60.0
불고기,만두,60,1,0.017,2.0,60.0
불고기,홀토마토,60,1,0.017,2.0,60.0
불고기,치킨육수,60,1,0.017,2.0,60.0
불고기,소면,60,1,0.017,2.0,60.0
불고기,새우,60,1,0.017,2.0,60.0
불고기,곰취잎,60,1,0.017,2.0,60.0
불고기,단무지,60,1,0.017,2.0,60.0
불고기,가쓰오부시,60,1,0.017,2.0,60.0
불고기,두릅,60,1,0.017,2.0,60.0
불고기,전분,60,1,0.017,2.0,60.0
불고기,치킨스톡큐브,60,1,0.017,2.0,60.0
불고기,토마토캔,60,1,0.017,2.0,60.0
불고기,카레파우더,60,1,0.017,2.0,60.0
불고기,건바질,60,1,0.017,2.0,60.0
불고기,닭고기,60,1,0.017,2.0,60.0
불고기,쌀,60,1,0.017,2.0,60.0
불고기,낙지,60,1,0.017,2.0,60.0
불고기,백만송이버섯,60,1,0.017,2.0,60.0
불고기,갓,60,1,0.017,2.0,60.0
불고기,두부,60,1,0.017,2.0,60.0
불고기,모듬견과류,60,1,0.017,2.0,60.0
불고기,호두,60,1,0.017,2.0,60.0
붕어빵,와플믹스,2,1,0.5,2.0,2.0
붕어빵,물,2,1,0.5,2.0,2.0
붕어빵,식용유,2,1,0.5,2.0,2.0
붕어빵,불린팥,2,1,0.5,2.0,2.0
붕어빵,설탕,2,1,0.5,2.0,2.0
붕어빵,올리고당,2,1,0.5,2.0,2.0
붕어빵,버터,2,1,0.5,2.0,2.0
붕어빵,팥앙금,2,1,0.5,2.0,2.0
붕어빵,붕어빵그릴,2,1,0.5,2.0,2.0
비빔밥,참기름,20,18,0.9,19.0,3.0
비빔밥,통깨,20,15,0.75,16.0,6.0
비빔밥,밥,20,14,0.7,15.0,7.0
비빔밥,마늘,20,13,0.65,14.0,8.0
비빔밥,간장,20,13,0.65,14.0,8.0
비빔밥,설탕,20,10,0.5,11.0,11.0
비빔밥,고추장,20,9,0.45,10.0,12.0
비빔밥,고춧가루,20,8,0.4,9.0,13.0
비빔밥,올리고당,20,8,0.4,9.0,13.0
비빔밥,양파,20,7,0.35,8.0,14.0
비빔밥,당근,20,7,0.35,8.0,14.0
비빔밥,식초,20,6,0.3,7.0,15.0
비빔밥,채소,20,6,0.3,7.0,15.0
비빔밥,후춧가루,20,6,0.3,7.0,15.0
비빔밥,청양고추,20,5,0.25,6.0,16.0
비빔밥,부추,20,5,0.25,6.0,16.0
비빔밥,맛술,20,5,0.25,6.0,16.0
비빔밥,매실액,20,4,0.2,5.0,17.0
비빔밥,김,20,4,0.2,5.0,17.0
비빔밥,소금,20,4,0.2,5.0,17.0
비빔밥,무,20,4,0.2,5.0,17.0
비빔밥,계란,20,4,0.2,5.0,17.0
비빔밥,깻잎,20,4,0.2,5.0,17.0
비빔밥,애호박,20,4,0.2,5.0,17.0
비빔밥,물,20,4,0.2,5.0,17.0
비빔밥,식용유,20,4,0.2,5.0,17.0
비빔밥,오이,20,3,0.15,4.0,18.0
비빔밥,쪽파,20,3,0.15,4.0,18.0
비빔밥,숙주,20,3,0.15,4.0,18.0
비빔밥,멸치액젓,20,3,0.15,4.0,18.0
비빔밥,상추,20,3,0.15,4.0,18.0
비빔밥,표고버섯,20,3,0.15,4.0,18.0
비빔밥,대파,20,3,0.15,4.0,18.0
비빔밥,느타리버섯,20,3,0.15,4.0,18.0
비빔밥,양배추,20,2,0.1,3.0,19.0
비빔밥,고추,20,2,0.1,3.0,19.0
비빔밥,생강,20,2,0.1,3.0,19.0
비빔밥,멍게,20,2,0.1,3.0,19.0
비빔밥,콩나물,20,2,0.1,3.0,19.0
비빔밥,잡곡밥,20,2,0.1,3.0,19.0
비빔밥,들기름,20,2,0.1,3.0,19.0
비빔밥,현미밥,20,2,0.1,3.0,19.0
비빔밥,소고기,20,2,0.1,3.0,19.0
비빔밥,모둠건해초,20,1,0.05,2.0,20.0
비빔밥,날치알,20,1,0.05,2.0,20.0
비빔밥,새꼬막,20,1,0.05,2.0,20.0
비빔밥,골뱅이통조림,20,1,0.05,2.0,20.0
비빔밥,골뱅이통조림국물,20,1,0.05,2.0,20.0
비빔밥,비트,20,1,0.05,2.0,20.0
비빔밥,콜라비,20,1,0.05,2.0,20.0
비빔밥,꼬막,20,1,0.05,2.0,20.0
비빔밥,세발나물,20,1,0.05,2.0,20.0
비빔밥,오징어,20,1,0.05,2.0,20.0
비빔밥,양념장어,20,1,0.05,2.0,20.0
비빔밥,해조류2~3가지,20,1,0.05,2.0,20.0
비빔밥,와사비,20,1,0.05,2.0,20.0
비빔밥,레몬즙,20,1,0.05,2.0,20.0
비빔밥,래디쉬,20,1,0.05,2.0,20.0
비빔밥,참치통조림,20,1,0.05,2.0,20.0
비빔밥,옥수수통조림,20,1,0.05,2.0,20.0
비빔밥,감자,20,1,0.05,2.0,20.0
비빔밥,검은깨,20,1,0.05,2.0,20.0
비빔밥,전복,20,1,0.05,2.0,20.0
비빔밥,다시마,20,1,0.05,2.0,20.0
비빔밥,건세모가사리,20,1,0.05,2.0,20.0
비빔밥,염장꼬시래기,20,1,0.05,2.0,20.0
비빔밥,생톳,20,1,0.05,2.0,20.0
비빔밥,봄동,20,1,0.05,2.0,20.0
비빔밥,두부,20,1,0.05,2.0,20.0
비빔밥,새송이버섯,20,1,0.05,2.0,20.0
비빔밥,냉이,20,1,0.05,2.0,20.0
비빔밥,돌나물,20,1,0.05,2.0,20.0
비빔밥,육수,20,1,0.05,2.0,20.0
비빔밥,된장,20,1,0.05,2.0,20.0
비빔밥,아보카도,20,1,0.05,2.0,20.0
비빔밥,명란젓,20,1,0.05,2.0,20.0
비빔밥,팽이버섯,20,1,0.05,2.0,20.0
비빔밥,우민찌,20,1,0.05,2.0,20.0
비빔밥,참치캔,20,1,0.05,2.0,20.0
비빔밥,고기장조림,20,1,0.05,2.0,20.0
비빔밥,단무지,20,1,0.05,2.0,20.0
비빔밥,버터,20,1,0.05,2.0,20.0
비빔밥,장조림국물,20,1,0.05,2.0,20.0
비빔밥,우유,20,1,0.05,2.0,20.0
비빔밥,시금치,20,1,0.05,2.0,20.0
비빔밥,도라지,20,1,0.05,2.0,20.0
비빔밥,고사리,20,1,0.05,2.0,20.0
비빔밥,구운훈제오리,20,1,0.05,2.0,20.0
비빔밥,식용꽃,20,1,0.05,2.0,20.0
삼겹살,돼지고기,57,56,0.982,57.0,2.0
삼겹살,마늘,57,45,0.789,46.0,13.0
삼겹살,설탕,57,42,0.737,43.0,16.0
삼겹살,후춧가루,57,42,0.737,43.0,16.0
삼겹살,맛술,57,40,0.702,41.0,18.0
삼겹살,간장,57,40,0.702,41.0,18.0
삼겹살,양파,57,31,0.544,32.0,27.0
삼겹살,대파,57,31,0.544,32.0,27.0
삼겹살,소금,57,27,0.474,28.0,31.0
삼겹살,생강,57,26,0.456,27.0,32.0
삼겹살,물,57,24,0.421,25.0,34.0
삼겹살,참기름,57,24,0.421,25.0,34.0
삼겹살,통깨,57,21,0.368,22.0,37.0
삼겹살,고추,57,21,0.368,22.0,37.0
삼겹살,올리고당,57,19,0.333,20.0,39.0
삼겹살,고춧가루,57,18,0.316,19.0,40.0
삼겹살,식용유,57,17,0.298,18.0,41.0
삼겹살,식초,57,16,0.281,17.0,42.0
삼겹살,굴소스,57,15,0.263,16.0,43.0
삼겹살,된장,57,13,0.228,14.0,45.0
삼겹살,청양고추,57,12,0.211,13.0,46.0
삼겹살,월계수잎,57,11,0.193,12.0,47.0
삼겹살,쪽파,57,10,0.175,11.0,48.0
삼겹살,고추장,57,8,0.14,9.0,50.0
삼겹살,부추,57,7,0.123,8.0,51.0
삼겹살,당근,57,6,0.105,7.0,52.0
삼겹살,오이,57,6,0.105,7.0,52.0
삼겹살,배추김치,57,6,0.105,7.0,52.0
삼겹살,치킨파우더,57,6,0.105,7.0,52.0
삼겹살,깻잎,57,5,0.088,6.0,53.0
삼겹살,계란,57,5,0.088,6.0,53.0
삼겹살,연겨자,57,5,0.088,6.0,53.0
삼겹살,레몬즙,57,5,0.088,6.0,53.0
삼겹살,양배추,57,5,0.088,6.0,53.0
삼겹살,전분,57,5,0.088,6.0,53.0
삼겹살,밀가루,57,5,0.088,6.0,53.0
삼겹살,무,57,4,0.07,5.0,54.0
삼겹살,버터,57,4,0.07,5.0,54.0
삼겹살,배추,57,4,0.07,5.0,54.0
삼겹살,숙주,57,4,0.07,5.0,54.0
삼겹살,사과,57,4,0.07,5.0,54.0
삼겹살,새송이버섯,57,4,0.07,5.0,54.0
삼겹살,표고버섯,57,4,0.07,5.0,54.0
삼겹살,닭고기,57,4,0.07,5.0,54.0
삼겹살,새우,57,4,0.07,5.0,54.0
삼겹살,밥,57,3,0.053,4.0,55.0
삼겹살,와인,57,3,0.053,4.0,55.0
삼겹살,멸치,57,3,0.053,4.0,55.0
삼겹살,김치국물,57,3,0.053,4.0,55.0
삼겹살,우유,57,3,0.053,4.0,55.0
삼겹살,파프리카,57,3,0.053,4.0,55.0
삼겹살,연유,57,3,0.053,4.0,55.0
삼겹살,총장즙,57,3,0.053,4.0,55.0
삼겹살,멸치액젓,57,3,0.053,4.0,55.0
삼겹살,김,57,2,0.035,3.0,56.0
삼겹살,우엉,57,2,0.035,3.0,56.0
삼겹살,꿀,57,2,0.035,3.0,56.0
삼겹살,파슬리가루,57,2,0.035,3.0,56.0
삼겹살,유자청,57,2,0.035,3.0,56.0
삼겹살,시판깨소스,57,2,0.035,3.0,56.0
삼겹살,감자,57,2,0.035,3.0,56.0
삼겹살,팽이버섯,57,2,0.035,3.0,56.0
삼겹살,콩나물,57,2,0.035,3.0,56.0
삼겹살,치즈,57,2,0.035,3.0,56.0
삼겹살,애호박,57,2,0.035,3.0,56.0
삼겹살,두부,57,2,0.035,3.0,56.0
삼겹살,죽순,57,2,0.035,3.0,56.0
삼겹살,양상추,57,2,0.035,3.0,56.0
삼겹살,시금치,57,2,0.035,3.0,56.0
삼겹살,가지,57,2,0.035,3.0,56.0
삼겹살,팔각,57,2,0.035,3.0,56.0
삼겹살,생크림,57,2,0.035,3.0,56.0
삼겹살,불린샤미,57,2,0.035,3.0,56.0
삼겹살,채소,57,2,0.035,3.0,56.0
삼겹살,피쉬소스,57,2,0.035,3.0,56.0
삼겹살,단무지,57,1,0.018,2.0,57.0
삼겹살,청상추,57,1,0.018,2.0,57.0
삼겹살,더덕,57,1,0.018,2.0,57.0
삼겹살,샬롯,57,1,0.018,2.0,57.0
삼겹살,타임,57,1,0.018,2.0,57.0
삼겹살,마요네즈,57,1,0.018,2.0,57.0
삼겹살,쯔유,57,1,0.018,2.0,57.0
삼겹살,제주생고사리,57,1,0.018,2.0,57.0
삼겹살,멜젓,57,1,0.018,2.0,57.0
삼겹살,느타리버섯,57,1,0.018,2.0,57.0
삼겹살,주꾸미,57,1,0.018,2.0,57.0
삼겹살,미나리,57,1,0.018,2.0,57.0
삼겹살,멜젓튜브,57,1,0.018,2.0,57.0
삼겹살,쌀뜨물,57,1,0.018,2.0,57.0
삼겹살,춘장,57,1,0.018,2.0,57.0
삼겹살,해선장,57,1,0.018,2.0,57.0
삼겹살,색깔야채,57,1,0.018,2.0,57.0
삼겹살,청경채,57,1,0.018,2.0,57.0
삼겹살,페퍼론치노,57,1,0.018,2.0,57.0
삼겹살,면,57,1,0.018,2.0,57.0
삼겹살,만다리버섯,57,1,0.018,2.0,57.0
삼겹살,피망,57,1,0.018,2.0,57.0
삼겹살,샐러드믹스,57,1,0.018,2.0,57.0
삼겹살,차가운물,57,1,0.018,2.0,57.0
삼겹살,상추,57,1,0.018,2.0,57.0
삼겹살,매실액,57,1,0.018,2.0,57.0
삼겹살,깨,57,1,0.018,2.0,57.0
삼겹살,가쓰오부시장국,57,1,0.018,2.0,57.0
삼겹살,깍두기,57,1,0.018,2.0,57.0
삼겹살,공기밥,57,1,0.018,2.0,57.0
삼겹살,깍두기국물,57,1,0.018,2.0,57.0
삼겹살,오렌지,57,1,0.018,2.0,57.0
삼겹살,바질,57,1,0.018,2.0,57.0
삼겹살,와인비네거,57,1,0.018,2.0,57.0
삼겹살,엑스트라버진,57,1,0.018,2.0,57.0
삼겹살,로즈마리,57,1,0.018,2.0,57.0
삼겹살,소렐,57,1,0.018,2.0,57.0
삼겹살,판젤라틴,57,1,0.018,2.0,57.0
삼겹살,두반장,57,1,0.018,2.0,57.0
삼겹살,적채,57,1,0.018,2.0,57.0
삼겹살,끓는물,57,1,0.018,2.0,57.0
삼겹살,이스트,57,1,0.018,2.0,57.0
삼겹살,스파게티면,57,1,0.018,2.0,57.0
삼겹살,양송이버섯,57,1,0.018,2.0,57.0
삼겹살,아스파라거스,57,1,0.018,2.0,57.0
삼겹살,치킨스톡,57,1,0.018,2.0,57.0
삼겹살,허브가루,57,1,0.018,2.0,57.0
삼겹살,명란젓,57,1,0.018,2.0,57.0
삼겹살,오징어,57,1,0.018,2.0,57.0
삼겹살,조리용술,57,1,0.018,2.0,57.0
삼겹살,취청오이,57,1,0.018,2.0,57.0
삼겹살,홀그레인머스타드,57,1,0.018,2.0,57.0
삼겹살,배즙,57,1,0.018,2.0,57.0
삼겹살,쌀국수면,57,1,0.018,2.0,57.0
삼겹살,라임,57,1,0.018,2.0,57.0
삼겹살,고수,57,1,0.018,2.0,57.0
삼겹살,땅콩가루,57,1,0.018,2.0,57.0
삼겹살,굴,57,1,0.018,2.0,57.0
삼겹살,월계수,57,1,0.018,2.0,57.0
삼겹살,검은깨,57,1,0.018,2.0,57.0
삼겹살,반쎄오가루,57,1,0.018,2.0,57.0
삼겹살,항정살,57,1,0.018,2.0,57.0
삼계탕,닭고기,5,5,1.0,6.0,1.0
삼계탕,마늘,5,5,1.0,6.0,1.0
삼계탕,대추,5,4,0.8,5.0,2.0
삼계탕,소금,5,4,0.8,5.0,2.0
삼계탕,대파,5,4,0.8,5.0,2.0
삼계탕,불린찹쌀,5,3,0.6,4.0,3.0
삼계탕,물,5,3,0.6,4.0,3.0
삼계탕,황기,5,3,0.6,4.0,3.0
삼계탕,미삼,5,2,0.4,3.0,4.0
삼계탕,깐은행,5,2,0.4,3.0,4.0
삼계탕,간장,5,2,0.4,3.0,4.0
삼계탕,깐밤,5,2,0.4,3.0,4.0
삼계탕,후춧가루,5,2,0.4,3.0,4.0
삼계탕,양파,5,2,0.4,3.0,4.0
삼계탕,전복,5,1,0.2,2.0,5.0
삼계탕,황태,5,1,0.2,2.0,5.0
삼계탕,불린녹두,5,1,0.2,2.0,5.0
삼계탕,참기름,5,1,0.2,2.0,5.0
삼계탕,설탕,5,1,0.2,2.0,5.0
삼계탕,고춧가루,5,1,0.2,2.0,5.0
삼계탕,연겨자,5,1,0.2,2.0,5.0
삼계탕,통깨,5,1,0.2,2.0,5.0
삼계탕,당근,5,1,0.2,2.0,5.0
삼계탕,애호박,5,1,0.2,2.0,5.0
삼계탕,찹쌀,5,1,0.2,2.0,5.0
삼계탕,맛술,5,1,0.2,2.0,5.0
삼계탕,무,5,1,0.2,2.0,5.0
삼계탕,누룽지,5,1,0.2,2.0,5.0
삼계탕,인삼,5,1,0.2,2.0,5.0
삼계탕,생강,5,1,0.2,2.0,5.0
삼계탕,삼계탕재료,5,1,0.2,2.0,5.0
새우튀김,새우,7,6,0.857,7.0,2.0
새우튀김,식용유,7,6,0.857,7.0,2.0
새우튀김,소금,7,5,0.714,6.0,3.0
새우튀김,후춧가루,7,4,0.571,5.0,4.0
새우튀김,김,7,4,0.571,5.0,4.0
새우튀김,계란,7,3,0.429,4.0,5.0
새우튀김,간장,7,3,0.429,4.0,5.0
새우튀김,맛술,7,3,0.429,4.0,5.0
새우튀김,설탕,7,3,0.429,4.0,5.0
새우튀김,빵가루,7,2,0.286,3.0,6.0
새우튀김,전분,7,2,0.286,3.0,6.0
새우튀김,차가운물,7,2,0.286,3.0,6.0
새우튀김,얼음,7,2,0.286,3.0,6.0
새우튀김,물,7,2,0.286,3.0,6.0
새우튀김,다시마,7,2,0.286,3.0,6.0
새우튀김,대파,7,2,0.286,3.0,6.0
새우튀김,밀가루,7,2,0.286,3.0,6.0
새우튀김,대하,7,1,0.143,2.0,7.0
새우튀김,얼음물,7,1,0.143,2.0,7.0
새우튀김,표고버섯,7,1,0.143,2.0,7.0
새우튀김,메밀면,7,1,0.143,2.0,7.0
새우튀김,무,7,1,0.143,2.0,7.0
새우튀김,멸치,7,1,0.143,2.0,7.0
새우튀김,가쓰오부시,7,1,0.143,2.0,7.0
새우튀김,마늘,7,1,0.143,2.0,7.0
새우튀김,고추,7,1,0.143,2.0,7.0
새우튀김,파기름,7,1,0.143,2.0,7.0
새우튀김,산초가루,7,1,0.143,2.0,7.0
새우튀김,치킨파우더,7,1,0.143,2.0,7.0
새우튀김,양파,7,1,0.143,2.0,7.0
새우튀김,버터,7,1,0.143,2.0,7.0
새우튀김,우유,7,1,0.143,2.0,7.0
새우튀김,코코넛슬라이스,7,1,0.143,2.0,7.0
새우튀김,라임,7,1,0.143,2.0,7.0
새우튀김,칠리소스,7,1,0.143,2.0,7.0
송편,물,2,2,1.0,3.0,1.0
송편,멥쌀가루,2,1,0.5,2.0,2.0
송편,소금,2,1,0.5,2.0,2.0
송편,참기름,2,1,0.5,2.0,2.0
송편,삶은밤,2,1,0.5,2.0,2.0
송편,설탕,2,1,0.5,2.0,2.0
송편,꿀,2,1,0.5,2.0,2.0
송편,깨,2,1,0.5,2.0,2.0
송편,삶은검은콩,2,1,0.5,2.0,2.0
송편,송편,2,1,0.5,2.0,2.0
송편,비엔나소시지,2,1,0.5,2.0,2.0
송편,꼬치,2,1,0.5,2.0,2.0
송편,식용유,2,1,0.5,2.0,2.0
송편,스위트칠리소스,2,1,0.5,2.0,2.0
송편,올리고당,2,1,0.5,2.0,2.0
송편,고추장,2,1,0.5,2.0,2.0
송편,간장,2,1,0.5,2.0,2.0
송편,마늘,2,1,0.5,2.0,2.0
수정과,물,1,1,1.0,2.0,1.0
수정과,곶감,1,1,1.0,2.0,1.0
수정과,생강,1,1,1.0,2.0,1.0
수정과,계피,1,1,1.0,2.0,1.0
수정과,설탕,1,1,1.0,2.0,1.0
수정과,호두,1,1,1.0,2.0,1.0
순대,마늘,3,3,1.0,4.0,1.0
순대,후춧가루,3,3,1.0,4.0,1.0
순대,양파,3,2,0.667,3.0,2.0
순대,당근,3,2,0.667,3.0,2.0
순대,밀가루,3,2,0.667,3.0,2.0
순대,간장,3,2,0.667,3.0,2.0
순대,참기름,3,2,0.667,3.0,2.0
순대,소금,3,2,0.667,3.0,2.0
순대,맛술,3,2,0.667,3.0,2.0
순대,오징어,3,1,0.333,2.0,3.0
순대,돼지고기,3,1,0.333,2.0,3.0
순대,두부,3,1,0.333,2.0,3.0
순대,고추,3,1,0.333,2.0,3.0
순대,부추,3,1,0.333,2.0,3.0
순대,당면,3,1,0.333,2.0,3.0
순대,계란,3,1,0.333,2.0,3.0
순대,전분,3,1,0.333,2.0,3.0
순대,무,3,1,0.333,2.0,3.0
순대,굴소스,3,1,0.333,2.0,3.0
순대,식초,3,1,0.333,2.0,3.0
순대,순대,3,1,0.333,2.0,3.0
순대,양배추,3,1,0.333,2.0,3.0
순대,대파,3,1,0.333,2.0,3.0
순대,청양고추,3,1,0.333,2.0,3.0
순대,깻잎,3,1,0.333,2.0,3.0
순대,들깻가루,3,1,0.333,2.0,3.0
순대,통깨,3,1,0.333,2.0,3.0
순대,식용유,3,1,0.333,2.0,3.0
순대,고추장,3,1,0.333,2.0,3.0
순대,고춧가루,3,1,0.333,2.0,3.0
순대,설탕,3,1,0.333,2.0,3.0
순대,물,3,1,0.333,2.0,3.0
순대,돼지피,3,1,0.333,2.0,3.0
순대,돼지창자,3,1,0.333,2.0,3.0
순대,쪽파,3,1,0.333,2.0,3.0
순대,생강,3,1,0.333,2.0,3.0
순두부찌개,두부,5,5,1.0,6.0,1.0
순두부찌개,대파,5,5,1.0,6.0,1.0
순두부찌개,고추,5,5,1.0,6.0,1.0
순두부찌개,고춧가루,5,5,1.0,6.0,1.0
순두부찌개,마늘,5,5,1.0,6.0,1.0
순두부찌개,양파,5,4,0.8,5.0,2.0
순두부찌개,청양고추,5,4,0.8,5.0,2.0
순두부찌개,소금,5,4,0.8,5.0,2.0
순두부찌개,간장,5,4,0.8,5.0,2.0
순두부찌개,후춧가루,5,4,0.8,5.0,2.0
순두부찌개,배추김치,5,3,0.6,4.0,3.0
순두부찌개,애호박,5,3,0.6,4.0,3.0
순두부찌개,맛술,5,3,0.6,4.0,3.0
순두부찌개,계란,5,2,0.4,3.0,4.0
순두부찌개,멸치,5,2,0.4,3.0,4.0
순두부찌개,새우젓,5,2,0.4,3.0,4.0
순두부찌개,표고버섯,5,1,0.2,2.0,5.0
순두부찌개,다시마,5,1,0.2,2.0,5.0
순두부찌개,들기름,5,1,0.2,2.0,5.0
순두부찌개,돼지고기,5,1,0.2,2.0,5.0
순두부찌개,참기름,5,1,0.2,2.0,5.0
순두부찌개,굴,5,1,0.2,2.0,5.0
순두부찌개,물,5,1,0.2,2.0,5.0
순두부찌개,식용유,5,1,0.2,2.0,5.0
순두부찌개,설탕,5,1,0.2,2.0,5.0
순두부찌개,식초,5,1,0.2,2.0,5.0
순두부찌개,바지락조개,5,1,0.2,2.0,5.0
순두부찌개,오징어,5,1,0.2,2.0,5.0
순두부찌개,새우,5,1,0.2,2.0,5.0
순두부찌개,느타리버섯,5,1,0.2,2.0,5.0
순두부찌개,팽이버섯,5,1,0.2,2.0,5.0
순두부찌개,당면,5,1,0.2,2.0,5.0
순두부찌개,멸치액젓,5,1,0.2,2.0,5.0
슈크림 붕어빵,버터,2,1,0.5,2.0,2.0
슈크림 붕어빵,팥앙금,2,1,0.5,2.0,2.0
슈크림 붕어빵,붕어빵그릴,2,1,0.5,2.0,2.0
슈크림 붕어빵,와플믹스,2,1,0.5,2.0,2.0
슈크림 붕어빵,물,2,1,0.5,2.0,2.0
슈크림 붕어빵,식용유,2,1,0.5,2.0,2.0
슈크림 붕어빵,불린팥,2,1,0.5,2.0,2.0
슈크림 붕어빵,설탕,2,1,0.5,2.0,2.0
슈크림 붕어빵,올리고당,2,1,0.5,2.0,2.0
시금치나물,시금치,3,3,1.0,4.0,1.0
시금치나물,통깨,3,3,1.0,4.0,1.0
시금치나물,간장,3,2,0.667,3.0,2.0
시금치나물,마늘,3,2,0.667,3.0,2.0
시금치나물,참기름,3,2,0.667,3.0,2.0
시금치나물,소금,3,2,0.667,3.0,2.0
시금치나물,대파,3,1,0.333,2.0,3.0
시금치나물,고사리나물,3,1,0.333,2.0,3.0
시금치나물,콩나물,3,1,0.333,2.0,3.0
시금치나물,고추장,3,1,0.333,2.0,3.0
시금치나물,현미밥,3,1,0.333,2.0,3.0
시금치나물,김,3,1,0.333,2.0,3.0
시금치나물,계란,3,1,0.333,2.0,3.0
시금치나물,식용유,3,1,0.333,2.0,3.0
시금치나물,두부,3,1,0.333,2.0,3.0
시금치나물,멸치액젓,3,1,0.333,2.0,3.0
시금치나물,들기름,3,1,0.333,2.0,3.0
식혜,엿기름,2,2,1.0,3.0,1.0
식혜,물,2,2,1.0,3.0,1.0
식혜,설탕,2,2,1.0,3.0,1.0
식혜,쌀,2,1,0.5,2.0,2.0
식혜,생강,2,1,0.5,2.0,2.0
식혜,잣,2,1,0.5,2.0,2.0
식혜,대추,2,1,0.5,2.0,2.0
식혜,애호박,2,1,0.5,2.0,2.0
식혜,밥,2,1,0.5,2.0,2.0
애호박전,애호박,4,4,1.0,5.0,1.0
애호박전,계란,4,4,1.0,5.0,1.0
애호박전,식용유,4,4,1.0,5.0,1.0
애호박전,양파,4,3,0.75,4.0,2.0
애호박전,당근,4,3,0.75,4.0,2.0
애호박전,소금,4,3,0.75,4.0,2.0
애호박전,부침가루,4,2,0.5,3.0,3.0
애호박전,후춧가루,4,2,0.5,3.0,3.0
애호박전,물,4,2,0.5,3.0,3.0
애호박전,고추,4,2,0.5,3.0,3.0
애호박전,밀가루,4,2,0.5,3.0,3.0
애호박전,돼지고기,4,1,0.25,2.0,4.0
애호박전,두부,4,1,0.25,2.0,4.0
애호박전,마늘,4,1,0.25,2.0,4.0
애호박전,대파,4,1,0.25,2.0,4.0
애호박전,갓,4,1,0.25,2.0,4.0
애호박전,새우,4,1,0.25,2.0,4.0
애호박전,청양고추,4,1,0.25,2.0,4.0
애호박전,간장,4,1,0.25,2.0,4.0
애호박전,식초,4,1,0.25,2.0,4.0
애호박전,굴,4,1,0.25,2.0,4.0
애호박전,빵가루,4,1,0.25,2.0,4.0
애호박전,맛살,4,1,0.25,2.0,4.0
약과,소프트아이스크림,1,1,1.0,2.0,1.0
약과,약과,1,1,1.0,2.0,1.0
양념게장,마늘,46,39,0.848,40.0,8.0
양념게장,간장,46,34,0.739,35.0,13.0
양념게장,설탕,46,30,0.652,31.0,17.0
양념게장,고춧가루,46,29,0.63,30.0,18.0
양념게장,통깨,46,29,0.63,30.0,18.0
양념게장,참기름,46,27,0.587,28.0,20.0
양념게장,올리고당,46,24,0.522,25.0,23.0
양념게장,양파,46,22,0.478,23.0,25.0
양념게장,대파,46,20,0.435,21.0,27.0
양념게장,맛술,46,19,0.413,20.0,28.0
양념게장,생강,46,16,0.348,17.0,31.0
양념게장,고추장,46,14,0.304,15.0,33.0
양념게장,후춧가루,46,13,0.283,14.0,34.0
양념게장,물,46,13,0.283,14.0,34.0
양념게장,식초,46,11,0.239,12.0,36.0
양념게장,매실액,46,9,0.196,10.0,38.0
양념게장,청양고추,46,8,0.174,9.0,39.0
양념게장,고추,46,8,0.174,9.0,39.0
양념게장,쪽파,46,8,0.174,9.0,39.0
양념게장,멸치액젓,46,7,0.152,8.0,40.0
양념게장,굴소스,46,7,0.152,8.0,40.0
양념게장,소금,46,7,0.152,8.0,40.0
양념게장,식용유,46,6,0.13,7.0,41.0
양념게장,부추,46,5,0.109,6.0,42.0
양념게장,돼지고기,46,4,0.087,5.0,43.0
양념게장,오이,46,4,0.087,5.0,43.0
양념게장,다시마,46,3,0.065,4.0,44.0
양념게장,배추김치,46,3,0.065,4.0,44.0
양념게장,된장,46,3,0.065,4.0,44.0
양념게장,어묵,46,3,0.065,4.0,44.0
양념게장,콩나물,46,3,0.065,4.0,44.0
양념게장,당근,46,3,0.065,4.0,44.0
양념게장,갓,46,3,0.065,4.0,44.0
양념게장,꽃게,46,2,0.043,3.0,45.0
양념게장,사과,46,2,0.043,3.0,45.0
양념게장,가지,46,2,0.043,3.0,45.0
양념게장,월계수잎,46,2,0.043,3.0,45.0
양념게장,버터,46,2,0.043,3.0,45.0
양념게장,깻잎,46,2,0.043,3.0,45.0
양념게장,깨,46,2,0.043,3.0,45.0
양념게장,멸치,46,2,0.043,3.0,45.0
양념게장,레몬즙,46,2,0.043,3.0,45.0
양념게장,배,46,2,0.043,3.0,45.0
양념게장,쌀,46,2,0.043,3.0,45.0
양념게장,달래,46,2,0.043,3.0,45.0
양념게장,무,46,2,0.043,3.0,45.0
양념게장,식물성유,46,2,0.043,3.0,45.0
양념게장,두반장,46,2,0.043,3.0,45.0
양념게장,우엉,46,2,0.043,3.0,45.0
양념게장,밥,46,2,0.043,3.0,45.0
양념게장,전분,46,2,0.043,3.0,45.0
양념게장,떡,46,2,0.043,3.0,45.0
양념게장,들기름,46,2,0.043,3.0,45.0
양념게장,감자,46,2,0.043,3.0,45.0
양념게장,새우젓,46,2,0.043,3.0,45.0
양념게장,알룰로스,46,2,0.043,3.0,45.0
양념게장,레몬,46,1,0.022,2.0,46.0
양념게장,가다랑어포,46,1,0.022,2.0,46.0
양념게장,청하,46,1,0.022,2.0,46.0
양념게장,전복,46,1,0.022,2.0,46.0
양념게장,꿀,46,1,0.022,2.0,46.0
양념게장,손질장어,46,1,0.022,2.0,46.0
양념게장,황태,46,1,0.022,2.0,46.0
양념게장,오징어,46,1,0.022,2.0,46.0
양념게장,남은야채,46,1,0.022,2.0,46.0
양념게장,오리고기,46,1,0.022,2.0,46.0
양념게장,헴프씨드,46,1,0.022,2.0,46.0
양념게장,양념장어,46,1,0.022,2.0,46.0
양념게장,잡곡밥,46,1,0.022,2.0,46.0
양념게장,채소,46,1,0.022,2.0,46.0
양념게장,해조류2~3가지,46,1,0.022,2.0,46.0
양념게장,와사비,46,1,0.022,2.0,46.0
양념게장,바지락,46,1,0.022,2.0,46.0
양념게장,페페론치노,46,1,0.022,2.0,46.0
양념게장,고수,46,1,0.022,2.0,46.0
양념게장,볼락,46,1,0.022,2.0,46.0
양념게장,정종,46,1,0.022,2.0,46.0
양념게장,양배추,46,1,0.022,2.0,46.0
양념게장,참치캔,46,1,0.022,2.0,46.0
양념게장,계란,46,1,0.022,2.0,46.0
양념게장,통가지,46,1,0.022,2.0,46.0
양념게장,카레가루,46,1,0.022,2.0,46.0
양념게장,문어,46,1,0.022,2.0,46.0
양념게장,더덕,46,1,0.022,2.0,46.0
양념게장,봄동,46,1,0.022,2.0,46.0
양념게장,갈치,46,1,0.022,2.0,46.0
양념게장,육수,46,1,0.022,2.0,46.0
양념게장,미더덕,46,1,0.022,2.0,46.0
양념게장,미나리,46,1,0.022,2.0,46.0
양념게장,아보카도,46,1,0.022,2.0,46.0
양념게장,흰쌀밥,46,1,0.022,2.0,46.0
양념게장,닭고기,46,1,0.022,2.0,46.0
양념게장,조리유,46,1,0.022,2.0,46.0
양념게장,파프리카,46,1,0.022,2.0,46.0
양념게장,피망,46,1,0.022,2.0,46.0
양념게장,표고버섯,46,1,0.022,2.0,46.0
양념게장,소고기,46,1,0.022,2.0,46.0
양념게장,만가닥버섯,46,1,0.022,2.0,46.0
양념게장,목이버섯,46,1,0.022,2.0,46.0
양념게장,다진잣,46,1,0.022,2.0,46.0
양념게장,톳,46,1,0.022,2.0,46.0
양념게장,도토리묵,46,1,0.022,2.0,46.0
양념게장,가자미,46,1,0.022,2.0,46.0
양념게장,멸치육수,46,1,0.022,2.0,46.0
양념게장,참치액,46,1,0.022,2.0,46.0
양념게장,생굴,46,1,0.022,2.0,46.0
양념게장,올리브,46,1,0.022,2.0,46.0
양념게장,발사믹,46,1,0.022,2.0,46.0
양념게장,생연어,46,1,0.022,2.0,46.0
양념게장,날치알,46,1,0.022,2.0,46.0
양념게장,마요네즈,46,1,0.022,2.0,46.0
양념게장,스리라차소스,46,1,0.022,2.0,46.0
양념게장,가리비속살,46,1,0.022,2.0,46.0
양념게장,찬밥,46,1,0.022,2.0,46.0
양념게장,도삭면,46,1,0.022,2.0,46.0
양념게장,족발,46,1,0.022,2.0,46.0
양념게장,연겨자,46,1,0.022,2.0,46.0
양념게장,황태채,46,1,0.022,2.0,46.0
양념치킨,닭고기,2,2,1.0,3.0,1.0
양념치킨,식용유,2,2,1.0,3.0,1.0
양념치킨,소금,2,2,1.0,3.0,1.0
양념치킨,후춧가루,2,2,1.0,3.0,1.0
양념치킨,마늘,2,2,1.0,3.0,1.0
양념치킨,전분,2,1,0.5,2.0,2.0
양념치킨,쪽파,2,1,0.5,2.0,2.0
양념치킨,레몬,2,1,0.5,2.0,2.0
양념치킨,맛술,2,1,0.5,2.0,2.0
양념치킨,간장,2,1,0.5,2.0,2.0
양념치킨,꿀,2,1,0.5,2.0,2.0
양념치킨,우유,2,1,0.5,2.0,2.0
양념치킨,할라피뇨,2,1,0.5,2.0,2.0
양념치킨,고춧가루,2,1,0.5,2.0,2.0
양념치킨,설탕,2,1,0.5,2.0,2.0
양념치킨,김,2,1,0.5,2.0,2.0
양념치킨,식초,2,1,0.5,2.0,2.0
양념치킨,물,2,1,0.5,2.0,2.0
양념치킨,마요네즈,2,1,0.5,2.0,2.0
양념치킨,레몬즙,2,1,0.5,2.0,2.0
양념치킨,바닐라아이스크림,2,1,0.5,2.0,2.0
양념치킨,얼음,2,1,0.5,2.0,2.0
열무김치,열무,5,5,1.0,6.0,1.0
열무김치,물,5,4,0.8,5.0,2.0
열무김치,소금,5,3,0.6,4.0,3.0
열무김치,고춧가루,5,3,0.6,4.0,3.0
열무김치,마늘,5,3,0.6,4.0,3.0
열무김치,쪽파,5,2,0.4,3.0,4.0
열무김치,고추,5,2,0.4,3.0,4.0
열무김치,생강,5,2,0.4,3.0,4.0
열무김치,새우젓,5,2,0.4,3.0,4.0
열무김치,멸치액젓,5,2,0.4,3.0,4.0
열무김치,매실액,5,2,0.4,3.0,4.0
열무김치,멸치,5,2,0.4,3.0,4.0
열무김치,중면,5,2,0.4,3.0,4.0
열무김치,오이,5,2,0.4,3.0,4.0
열무김치,계란,5,2,0.4,3.0,4.0
열무김치,통깨,5,2,0.4,3.0,4.0
열무김치,식초,5,2,0.4,3.0,4.0
열무김치,설탕,5,2,0.4,3.0,4.0
열무김치,얼갈이,5,1,0.2,2.0,5.0
열무김치,양파,5,1,0.2,2.0,5.0
열무김치,밀가루,5,1,0.2,2.0,5.0
열무김치,다시마,5,1,0.2,2.0,5.0
열무김치,고추장,5,1,0.2,2.0,5.0
열무김치,참기름,5,1,0.2,2.0,5.0
열무김치,대추방울토마토,5,1,0.2,2.0,5.0
열무김치,흰만가닥버섯,5,1,0.2,2.0,5.0
열무김치,식용유,5,1,0.2,2.0,5.0
열무김치,치즈,5,1,0.2,2.0,5.0
열무김치,현미즉석밥,5,1,0.2,2.0,5.0
열무김치,후춧가루,5,1,0.2,2.0,5.0
열무김치,간장,5,1,0.2,2.0,5.0
열무김치,파프리카,5,1,0.2,2.0,5.0
열무김치,쌀밥,5,1,0.2,2.0,5.0
열무김치,수박즙,5,1,0.2,2.0,5.0
오이소박이,오이,1,1,1.0,2.0,1.0
오이소박이,부추,1,1,1.0,2.0,1.0
오이소박이,파프리카,1,1,1.0,2.0,1.0
오이소박이,양파,1,1,1.0,2.0,1.0
오이소박이,물,1,1,1.0,2.0,1.0
오이소박이,소금,1,1,1.0,2.0,1.0
오이소박이,고춧가루,1,1,1.0,2.0,1.0
오이소박이,매실액,1,1,1.0,2.0,1.0
오이소박이,멸치액젓,1,1,1.0,2.0,1.0
오이소박이,새우젓,1,1,1.0,2.0,1.0
오이소박이,마늘,1,1,1.0,2.0,1.0
오이소박이,생강,1,1,1.0,2.0,1.0
오징어 순대,오징어,70,67,0.957,68.0,4.0
오징어 순대,마늘,70,51,0.729,52.0,20.0
오징어 순대,간장,70,40,0.571,41.0,31.0
오징어 순대,후춧가루,70,34,0.486,35.0,37.0
오징어 순대,양파,70,33,0.471,34.0,38.0
오징어 순대,소금,70,32,0.457,33.0,39.0
오징어 순대,대파,70,32,0.457,33.0,39.0
오징어 순대,맛술,70,30,0.429,31.0,41.0
오징어 순대,고춧가루,70,30,0.429,31.0,41.0
오징어 순대,설탕,70,28,0.4,29.0,43.0
오징어 순대,물,70,28,0.4,29.0,43.0
오징어 순대,참기름,70,26,0.371,27.0,45.0
오징어 순대,새우,70,24,0.343,25.0,47.0
오징어 순대,고추,70,23,0.329,24.0,48.0
오징어 순대,식용유,70,23,0.329,24.0,48.0
오징어 순대,고추장,70,22,0.314,23.0,49.0
오징어 순대,올리고당,70,22,0.314,23.0,49.0
오징어 순대,청양고추,70,20,0.286,21.0,51.0
오징어 순대,통깨,70,17,0.243,18.0,54.0
오징어 순대,식초,70,16,0.229,17.0,55.0
오징어 순대,계란,70,14,0.2,15.0,57.0
오징어 순대,생강,70,14,0.2,15.0,57.0
오징어 순대,당근,70,12,0.171,13.0,59.0
오징어 순대,굴소스,70,12,0.171,13.0,59.0
오징어 순대,애호박,70,11,0.157,12.0,60.0
오징어 순대,청경채,70,11,0.157,12.0,60.0
오징어 순대,무,70,10,0.143,11.0,61.0
오징어 순대,돼지고기,70,8,0.114,9.0,63.0
오징어 순대,표고버섯,70,8,0.114,9.0,63.0
오징어 순대,오이,70,8,0.114,9.0,63.0
오징어 순대,양배추,70,7,0.1,8.0,64.0
오징어 순대,깻잎,70,7,0.1,8.0,64.0
오징어 순대,마요네즈,70,7,0.1,8.0,64.0
오징어 순대,멸치,70,7,0.1,8.0,64.0
오징어 순대,쪽파,70,6,0.086,7.0,65.0
오징어 순대,파프리카,70,6,0.086,7.0,65.0
오징어 순대,배추,70,6,0.086,7.0,65.0
오징어 순대,목이버섯,70,6,0.086,7.0,65.0
오징어 순대,치킨파우더,70,6,0.086,7.0,65.0
오징어 순대,부추,70,5,0.071,6.0,66.0
오징어 순대,전분,70,5,0.071,6.0,66.0
오징어 순대,밀가루,70,5,0.071,6.0,66.0
오징어 순대,버터,70,5,0.071,6.0,66.0
오징어 순대,감자,70,5,0.071,6.0,66.0
오징어 순대,부침가루,70,5,0.071,6.0,66.0
오징어 순대,팽이버섯,70,5,0.071,6.0,66.0
오징어 순대,바지락,70,5,0.071,6.0,66.0
오징어 순대,생면,70,5,0.071,6.0,66.0
오징어 순대,김,70,4,0.057,5.0,67.0
오징어 순대,치즈,70,4,0.057,5.0,67.0
오징어 순대,콩나물,70,4,0.057,5.0,67.0
오징어 순대,밥,70,4,0.057,5.0,67.0
오징어 순대,죽순,70,4,0.057,5.0,67.0
오징어 순대,당면,70,3,0.043,4.0,68.0
오징어 순대,레몬즙,70,3,0.043,4.0,68.0
오징어 순대,레몬,70,3,0.043,4.0,68.0
오징어 순대,채소,70,3,0.043,4.0,68.0
오징어 순대,다시마,70,3,0.043,4.0,68.0
오징어 순대,떡,70,3,0.043,4.0,68.0
오징어 순대,쌀,70,3,0.043,4.0,68.0
오징어 순대,배추김치,70,3,0.043,4.0,68.0
오징어 순대,홍합,70,3,0.043,4.0,68.0
오징어 순대,두부,70,2,0.029,3.0,69.0
오징어 순대,육수,70,2,0.029,3.0,69.0
오징어 순대,파슬리가루,70,2,0.029,3.0,69.0
오징어 순대,멸치액젓,70,2,0.029,3.0,69.0
오징어 순대,방울토마토,70,2,0.029,3.0,69.0
오징어 순대,빵가루,70,2,0.029,3.0,69.0
오징어 순대,어묵,70,2,0.029,3.0,69.0
오징어 순대,청피망,70,2,0.029,3.0,69.0
오징어 순대,유자청,70,2,0.029,3.0,69.0
오징어 순대,새송이버섯,70,2,0.029,3.0,69.0
오징어 순대,달래,70,2,0.029,3.0,69.0
오징어 순대,파슬리,70,2,0.029,3.0,69.0
오징어 순대,베이컨,70,2,0.029,3.0,69.0
오징어 순대,가쓰오부시,70,2,0.029,3.0,69.0
오징어 순대,돈가스소스,70,2,0.029,3.0,69.0
오징어 순대,닭고기,70,2,0.029,3.0,69.0
오징어 순대,미나리,70,2,0.029,3.0,69.0
오징어 순대,연겨자,70,2,0.029,3.0,69.0
오징어 순대,와인,70,2,0.029,3.0,69.0
오징어 순대,새우젓,70,2,0.029,3.0,69.0
오징어 순대,사골,70,2,0.029,3.0,69.0
오징어 순대,소고기,70,2,0.029,3.0,69.0
오징어 순대,두반장,70,2,0.029,3.0,69.0
오징어 순대,순대,70,1,0.014,2.0,70.0
오징어 순대,들깻가루,70,1,0.014,2.0,70.0
오징어 순대,꿀,70,1,0.014,2.0,70.0
오징어 순대,소바다시,70,1,0.014,2.0,70.0
오징어 순대,정종,70,1,0.014,2.0,70.0
오징어 순대,돼지피,70,1,0.014,2.0,70.0
오징어 순대,돼지창자,70,1,0.014,2.0,70.0
오징어 순대,남은야채,70,1,0.014,2.0,70.0
오징어 순대,들기름,70,1,0.014,2.0,70.0
오징어 순대,소바면,70,1,0.014,2.0,70.0
오징어 순대,우엉,70,1,0.014,2.0,70.0
오징어 순대,우동다시,70,1,0.014,2.0,70.0
오징어 순대,차가운물,70,1,0.014,2.0,70.0
오징어 순대,얼음,70,1,0.014,2.0,70.0
오징어 순대,오렌지,70,1,0.014,2.0,70.0
오징어 순대,불린쌀,70,1,0.014,2.0,70.0
오징어 순대,토마토소스,70,1,0.014,2.0,70.0
오징어 순대,카레가루,70,1,0.014,2.0,70.0
오징어 순대,갓,70,1,0.014,2.0,70.0
오징어 순대,단무지,70,1,0.014,2.0,70.0
오징어 순대,와사비,70,1,0.014,2.0,70.0
오징어 순대,물미역,70,1,0.014,2.0,70.0
오징어 순대,어린잎새싹,70,1,0.014,2.0,70.0
오징어 순대,깨,70,1,0.014,2.0,70.0
오징어 순대,조개,70,1,0.014,2.0,70.0
오징어 순대,대하,70,1,0.014,2.0,70.0
오징어 순대,소시지,70,1,0.014,2.0,70.0
오징어 순대,옥수수,70,1,0.014,2.0,70.0
오징어 순대,참치액,70,1,0.014,2.0,70.0
오징어 순대,파래가루,70,1,0.014,2.0,70.0
오징어 순대,찹쌀,70,1,0.014,2.0,70.0
오징어 순대,연근,70,1,0.014,2.0,70.0
오징어 순대,비트,70,1,0.014,2.0,70.0
오징어 순대,파스타면,70,1,0.014,2.0,70.0
오징어 순대,면수,70,1,0.014,2.0,70.0
오징어 순대,치킨스톡,70,1,0.014,2.0,70.0
오징어 순대,라면,70,1,0.014,2.0,70.0
오징어 순대,라면수프,70,1,0.014,2.0,70.0
오징어 순대,홍합살,70,1,0.014,2.0,70.0
오징어 순대,연어,70,1,0.014,2.0,70.0
오징어 순대,바질,70,1,0.014,2.0,70.0
오징어 순대,관자,70,1,0.014,2.0,70.0
오징어 순대,해파리,70,1,0.014,2.0,70.0
오징어 순대,바지락조개,70,1,0.014,2.0,70.0
오징어 순대,굴,70,1,0.014,2.0,70.0
오징어 순대,조갯살,70,1,0.014,2.0,70.0
오징어 순대,해물데친물,70,1,0.014,2.0,70.0
오징어 순대,손질홍합,70,1,0.014,2.0,70.0
오징어 순대,완숙토마토,70,1,0.014,2.0,70.0
오징어 순대,페페론치노,70,1,0.014,2.0,70.0
오징어 순대,올리브,70,1,0.014,2.0,70.0
오징어 순대,숙주,70,1,0.014,2.0,70.0
오징어 순대,마라소스,70,1,0.014,2.0,70.0
오징어 순대,느타리버섯,70,1,0.014,2.0,70.0
오징어 순대,춘장,70,1,0.014,2.0,70.0
오징어 순대,청양초,70,1,0.014,2.0,70.0
오징어 순대,바지락살,70,1,0.014,2.0,70.0
오징어 순대,전복,70,1,0.014,2.0,70.0
오징어 순대,항정살,70,1,0.014,2.0,70.0
오징어 순대,된장,70,1,0.014,2.0,70.0
오징어 순대,해감한바지락조개,70,1,0.014,2.0,70.0
오징어 순대,아마씨가루,70,1,0.014,2.0,70.0
오징어 순대,생중화면,70,1,0.014,2.0,70.0
오징어 순대,모시조개,70,1,0.014,2.0,70.0
오징어 순대,명란젓,70,1,0.014,2.0,70.0
오징어 순대,골뱅이통조림,70,1,0.014,2.0,70.0
오징어 순대,소면,70,1,0.014,2.0,70.0
오징어 순대,통조림국물,70,1,0.014,2.0,70.0
오징어 순대,녹말가루,70,1,0.014,2.0,70.0
오징어 순대,양장피,70,1,0.014,2.0,70.0
오징어 순대,크래미,70,1,0.014,2.0,70.0
오징어 순대,피망,70,1,0.014,2.0,70.0
오징어 순대,손질된한치,70,1,0.014,2.0,70.0
오징어 순대,매실액,70,1,0.014,2.0,70.0
육개장,마늘,69,46,0.667,47.0,24.0
육개장,간장,69,42,0.609,43.0,28.0
육개장,물,69,37,0.536,38.0,33.0
육개장,대파,69,36,0.522,37.0,34.0
육개장,양파,69,35,0.507,36.0,35.0
육개장,후춧가루,69,35,0.507,36.0,35.0
육개장,설탕,69,35,0.507,36.0,35.0
육개장,소금,69,34,0.493,35.0,36.0
육개장,식용유,69,28,0.406,29.0,42.0
육개장,맛술,69,22,0.319,23.0,48.0
육개장,소고기,69,21,0.304,22.0,49.0
육개장,고춧가루,69,18,0.261,19.0,52.0
육개장,참기름,69,18,0.261,19.0,52.0
육개장,고추,69,16,0.232,17.0,54.0
육개장,청양고추,69,16,0.232,17.0,54.0
육개장,돼지고기,69,16,0.232,17.0,54.0
육개장,계란,69,15,0.217,16.0,55.0
육개장,식초,69,14,0.203,15.0,56.0
육개장,당근,69,12,0.174,13.0,58.0
육개장,생강,69,11,0.159,12.0,59.0
육개장,버터,69,11,0.159,12.0,59.0
육개장,고추장,69,10,0.145,11.0,60.0
육개장,치즈,69,10,0.145,11.0,60.0
육개장,표고버섯,69,9,0.13,10.0,61.0
육개장,밥,69,9,0.13,10.0,61.0
육개장,굴소스,69,9,0.13,10.0,61.0
육개장,애호박,69,8,0.116,9.0,62.0
육개장,무,69,7,0.101,8.0,63.0
육개장,통깨,69,7,0.101,8.0,63.0
육개장,우유,69,7,0.101,8.0,63.0
육개장,다시마,69,7,0.101,8.0,63.0
육개장,올리고당,69,7,0.101,8.0,63.0
육개장,느타리버섯,69,6,0.087,7.0,64.0
육개장,닭고기,69,6,0.087,7.0,64.0
육개장,매실액,69,6,0.087,7.0,64.0
육개장,토마토,69,6,0.087,7.0,64.0
육개장,멸치,69,6,0.087,7.0,64.0
육개장,감자,69,6,0.087,7.0,64.0
육개장,밀가루,69,5,0.072,6.0,65.0
육개장,두부,69,5,0.072,6.0,65.0
육개장,마요네즈,69,5,0.072,6.0,65.0
육개장,찹쌀가루,69,4,0.058,5.0,66.0
육개장,배,69,4,0.058,5.0,66.0
육개장,채소,69,4,0.058,5.0,66.0
육개장,생크림,69,4,0.058,5.0,66.0
육개장,숙주,69,3,0.043,4.0,67.0
육개장,잡육육수,69,3,0.043,4.0,67.0
육개장,당면,69,3,0.043,4.0,67.0
육개장,깻잎,69,3,0.043,4.0,67.0
육개장,팽이버섯,69,3,0.043,4.0,67.0
육개장,된장,69,3,0.043,4.0,67.0
육개장,전분,69,3,0.043,4.0,67.0
육개장,베이킹파우더,69,3,0.043,4.0,67.0
육개장,두반장,69,3,0.043,4.0,67.0
육개장,케첩,69,3,0.043,4.0,67.0
육개장,쌀,69,3,0.043,4.0,67.0
육개장,쪽파,69,3,0.043,4.0,67.0
육개장,부추,69,3,0.043,4.0,67.0
육개장,콩나물,69,3,0.043,4.0,67.0
육개장,양상추,69,3,0.043,4.0,67.0
육개장,굴,69,3,0.043,4.0,67.0
육개장,양배추,69,3,0.043,4.0,67.0
육개장,꿀,69,3,0.043,4.0,67.0
육개장,머스터드소스,69,3,0.043,4.0,67.0
육개장,삶은고사리,69,2,0.029,3.0,68.0
육개장,갓,69,2,0.029,3.0,68.0
육개장,스파게티면,69,2,0.029,3.0,68.0
육개장,치킨스톡,69,2,0.029,3.0,68.0
육개장,김,69,2,0.029,3.0,68.0
육개장,파슬리가루,69,2,0.029,3.0,68.0
육개장,레몬즙,69,2,0.029,3.0,68.0
육개장,만두,69,2,0.029,3.0,68.0
육개장,사골,69,2,0.029,3.0,68.0
육개장,들기름,69,2,0.029,3.0,68.0
육개장,죽순,69,2,0.029,3.0,68.0
육개장,시금치,69,2,0.029,3.0,68.0
육개장,치킨육수,69,2,0.029,3.0,68.0
육개장,샐러리,69,2,0.029,3.0,68.0
육개장,와인,69,2,0.029,3.0,68.0
육개장,월계수잎,69,2,0.029,3.0,68.0
육개장,새우젓,69,2,0.029,3.0,68.0
육개장,떡,69,2,0.029,3.0,68.0
육개장,스파게티,69,2,0.029,3.0,68.0
육개장,토르티야,69,2,0.029,3.0,68.0
육개장,딸기,69,2,0.029,3.0,68.0
육개장,치커리,69,2,0.029,3.0,68.0
육개장,새우,69,2,0.029,3.0,68.0
육개장,블루베리,69,2,0.029,3.0,68.0
육개장,아몬드,69,2,0.029,3.0,68.0
육개장,호두,69,2,0.029,3.0,68.0
육개장,빵가루,69,2,0.029,3.0,68.0
육개장,파,69,2,0.029,3.0,68.0
육개장,옥수수콘,69,2,0.029,3.0,68.0
육개장,불린고사리,69,1,0.014,2.0,69.0
육개장,불린토란대,69,1,0.014,2.0,69.0
육개장,칼국수면,69,1,0.014,2.0,69.0
육개장,삶은토란대,69,1,0.014,2.0,69.0
육개장,사리곰탕수프,69,1,0.014,2.0,69.0
육개장,고사리,69,1,0.014,2.0,69.0
육개장,연근,69,1,0.014,2.0,69.0
육개장,가지,69,1,0.014,2.0,69.0
육개장,연두,69,1,0.014,2.0,69.0
육개장,페페론치노,69,1,0.014,2.0,69.0
육개장,이태리파슬리,69,1,0.014,2.0,69.0
육개장,차이브,69,1,0.014,2.0,69.0
육개장,송로오일,69,1,0.014,2.0,69.0
육개장,엑스트라버진,69,1,0.014,2.0,69.0
육개장,루꼴라,69,1,0.014,2.0,69.0
육개장,쌀뜨물,69,1,0.014,2.0,69.0
육개장,메추리알,69,1,0.014,2.0,69.0
육개장,인스턴트드라이이스트,69,1,0.014,2.0,69.0
육개장,레몬,69,1,0.014,2.0,69.0
육개장,청피망,69,1,0.014,2.0,69.0
육개장,적채,69,1,0.014,2.0,69.0
육개장,요리면,69,1,0.014,2.0,69.0
육개장,냉동곤드레나물,69,1,0.014,2.0,69.0
육개장,목이버섯,69,1,0.014,2.0,69.0
육개장,갈릭칠리페이스트,69,1,0.014,2.0,69.0
육개장,참마,69,1,0.014,2.0,69.0
육개장,초당옥수수,69,1,0.014,2.0,69.0
육개장,파프리카,69,1,0.014,2.0,69.0
육개장,모닝빵,69,1,0.014,2.0,69.0
육개장,동그랑땡,69,1,0.014,2.0,69.0
육개장,오이피클,69,1,0.014,2.0,69.0
육개장,유부주머니,69,1,0.014,2.0,69.0
육개장,완숙토마토,69,1,0.014,2.0,69.0
육개장,파스타면,69,1,0.014,2.0,69.0
육개장,치킨스톡큐브,69,1,0.014,2.0,69.0
육개장,파슬리나타임등허브,69,1,0.014,2.0,69.0
육개장,잡곡밥,69,1,0.014,2.0,69.0
육개장,멸치육수,69,1,0.014,2.0,69.0
육개장,고수,69,1,0.014,2.0,69.0
육개장,멥쌀,69,1,0.014,2.0,69.0
육개장,찹쌀,69,1,0.014,2.0,69.0
육개장,맛밤,69,1,0.014,2.0,69.0
육개장,페투치네면,69,1,0.014,2.0,69.0
육개장,토마토소스,69,1,0.014,2.0,69.0
육개장,춘장,69,1,0.014,2.0,69.0
육개장,해선장,69,1,0.014,2.0,69.0
육개장,배추,69,1,0.014,2.0,69.0
육개장,사과,69,1,0.014,2.0,69.0
육개장,찹쌀밥,69,1,0.014,2.0,69.0
육개장,멸치액젓,69,1,0.014,2.0,69.0
육개장,홀토마토,69,1,0.014,2.0,69.0
육개장,허브가루,69,1,0.014,2.0,69.0
육개장,고구마,69,1,0.014,2.0,69.0
육개장,식빵,69,1,0.014,2.0,69.0
육개장,곤약,69,1,0.014,2.0,69.0
육개장,밤,69,1,0.014,2.0,69.0
육개장,대추,69,1,0.014,2.0,69.0
육개장,바지락,69,1,0.014,2.0,69.0
육개장,햄,69,1,0.014,2.0,69.0
육개장,양송이버섯,69,1,0.014,2.0,69.0
육개장,파인애플,69,1,0.014,2.0,69.0
육개장,코코넛,69,1,0.014,2.0,69.0
육개장,마라소스,69,1,0.014,2.0,69.0
육개장,청경채,69,1,0.014,2.0,69.0
육개장,오징어,69,1,0.014,2.0,69.0
육개장,건크랜베리,69,1,0.014,2.0,69.0
육개장,파르미지아노레지아노,69,1,0.014,2.0,69.0
육개장,부침가루,69,1,0.014,2.0,69.0
육개장,홍합,69,1,0.014,2.0,69.0
육개장,북어채,69,1,0.014,2.0,69.0
육개장,누룽지,69,1,0.014,2.0,69.0
육개장,어묵,69,1,0.014,2.0,69.0
육개장,들깨가루,69,1,0.014,2.0,69.0
육개장,꼬막,69,1,0.014,2.0,69.0
육개장,카레,69,1,0.014,2.0,69.0
육개장,달래,69,1,0.014,2.0,69.0
육개장,프랑크소시지,69,1,0.014,2.0,69.0
육개장,맛살,69,1,0.014,2.0,69.0
육개장,단무지,69,1,0.014,2.0,69.0
육개장,조림우엉,69,1,0.014,2.0,69.0
육개장,깨,69,1,0.014,2.0,69.0
육개장,요거트,69,1,0.014,2.0,69.0
육개장,브로콜리,69,1,0.014,2.0,69.0
육개장,연유,69,1,0.014,2.0,69.0
육회,스파게티면,1,1,1.0,2.0,1.0
육회,마늘,1,1,1.0,2.0,1.0
육회,페페론치노,1,1,1.0,2.0,1.0
육회,이태리파슬리,1,1,1.0,2.0,1.0
육회,치킨스톡,1,1,1.0,2.0,1.0
육회,양파,1,1,1.0,2.0,1.0
육회,차이브,1,1,1.0,2.0,1.0
육회,소고기,1,1,1.0,2.0,1.0
육회,송로오일,1,1,1.0,2.0,1.0
육회,엑스트라버진,1,1,1.0,2.0,1.0
육회,루꼴라,1,1,1.0,2.0,1.0
육회,소금,1,1,1.0,2.0,1.0
육회,식용유,1,1,1.0,2.0,1.0
잔치국수,간장,4,4,1.0,5.0,1.0
잔치국수,후춧가루,4,4,1.0,5.0,1.0
잔치국수,마늘,4,4,1.0,5.0,1.0
잔치국수,청양고추,4,3,0.75,4.0,2.0
잔치국수,멸치,4,3,0.75,4.0,2.0
잔치국수,소금,4,3,0.75,4.0,2.0
잔치국수,식용유,4,3,0.75,4.0,2.0
잔치국수,고춧가루,4,3,0.75,4.0,2.0
잔치국수,애호박,4,2,0.5,3.0,3.0
잔치국수,계란,4,2,0.5,3.0,3.0
잔치국수,부추,4,2,0.5,3.0,3.0
잔치국수,맛술,4,2,0.5,3.0,3.0
잔치국수,소면,4,2,0.5,3.0,3.0
잔치국수,고추,4,2,0.5,3.0,3.0
잔치국수,물,4,2,0.5,3.0,3.0
잔치국수,마른소면,4,1,0.25,2.0,4.0
잔치국수,유부,4,1,0.25,2.0,4.0
잔치국수,당근,4,1,0.25,2.0,4.0
잔치국수,미나리,4,1,0.25,2.0,4.0
잔치국수,양파,4,1,0.25,2.0,4.0
잔치국수,채수,4,1,0.25,2.0,4.0
잔치국수,표고버섯,4,1,0.25,2.0,4.0
잔치국수,다시마,4,1,0.25,2.0,4.0
잔치국수,참치액,4,1,0.25,2.0,4.0
잔치국수,배추,4,1,0.25,2.0,4.0
잔치국수,소고기,4,1,0.25,2.0,4.0
잔치국수,대파,4,1,0.25,2.0,4.0
잔치국수,멸치액젓,4,1,0.25,2.0,4.0
잡채,간장,20,19,0.95,20.0,2.0
잡채,참기름,20,17,0.85,18.0,4.0
잡채,후춧가루,20,16,0.8,17.0,5.0
잡채,설탕,20,16,0.8,17.0,5.0
잡채,마늘,20,16,0.8,17.0,5.0
잡채,양파,20,14,0.7,15.0,7.0
잡채,통깨,20,13,0.65,14.0,8.0
잡채,식용유,20,13,0.65,14.0,8.0
잡채,맛술,20,11,0.55,12.0,10.0
잡채,소금,20,10,0.5,11.0,11.0
잡채,고추,20,10,0.5,11.0,11.0
잡채,당면,20,9,0.45,10.0,12.0
잡채,굴소스,20,9,0.45,10.0,12.0
잡채,돼지고기,20,8,0.4,9.0,13.0
잡채,표고버섯,20,7,0.35,8.0,14.0
잡채,당근,20,7,0.35,8.0,14.0
잡채,물,20,6,0.3,7.0,15.0
잡채,소고기,20,6,0.3,7.0,15.0
잡채,대파,20,6,0.3,7.0,15.0
잡채,목이버섯,20,5,0.25,6.0,16.0
잡채,계란,20,5,0.25,6.0,16.0
잡채,올리고당,20,5,0.25,6.0,16.0
잡채,부추,20,4,0.2,5.0,17.0
잡채,청피망,20,4,0.2,5.0,17.0
잡채,식초,20,4,0.2,5.0,17.0
잡채,전분,20,4,0.2,5.0,17.0
잡채,생강,20,4,0.2,5.0,17.0
잡채,우엉,20,3,0.15,4.0,18.0
잡채,피망,20,3,0.15,4.0,18.0
잡채,시금치,20,2,0.1,3.0,19.0
잡채,콩나물,20,2,0.1,3.0,19.0
잡채,느타리버섯,20,2,0.1,3.0,19.0
잡채,청양고추,20,2,0.1,3.0,19.0
잡채,고춧가루,20,2,0.1,3.0,19.0
잡채,오징어,20,2,0.1,3.0,19.0
잡채,새우,20,2,0.1,3.0,19.0
잡채,밥,20,2,0.1,3.0,19.0
잡채,연겨자,20,2,0.1,3.0,19.0
잡채,오이,20,2,0.1,3.0,19.0
잡채,두반장,20,2,0.1,3.0,19.0
잡채,애호박,20,1,0.05,2.0,20.0
잡채,어묵,20,1,0.05,2.0,20.0
잡채,고추장,20,1,0.05,2.0,20.0
잡채,갓,20,1,0.05,2.0,20.0
잡채,새송이버섯,20,1,0.05,2.0,20.0
잡채,홍피망,20,1,0.05,2.0,20.0
잡채,죽순,20,1,0.05,2.0,20.0
잡채,노두유,20,1,0.05,2.0,20.0
잡채,닭고기,20,1,0.05,2.0,20.0
잡채,가지,20,1,0.05,2.0,20.0
잡채,밀가루,20,1,0.05,2.0,20.0
잡채,현미밥,20,1,0.05,2.0,20.0
잡채,꿀,20,1,0.05,2.0,20.0
잡채,양배추,20,1,0.05,2.0,20.0
잡채,아몬드,20,1,0.05,2.0,20.0
잡채,건포도,20,1,0.05,2.0,20.0
잡채,즙,20,1,0.05,2.0,20.0
잡채,레몬즙,20,1,0.05,2.0,20.0
잡채,시나몬파우더,20,1,0.05,2.0,20.0
잡채,무,20,1,0.05,2.0,20.0
잡채,쌀,20,1,0.05,2.0,20.0
잡채,청포묵,20,1,0.05,2.0,20.0
잡채,고수,20,1,0.05,2.0,20.0
잡채,떡,20,1,0.05,2.0,20.0
잡채,파프리카,20,1,0.05,2.0,20.0
잡채,만가닥버섯,20,1,0.05,2.0,20.0
잡채,다진잣,20,1,0.05,2.0,20.0
잡채,양장피,20,1,0.05,2.0,20.0
잡채,크래미,20,1,0.05,2.0,20.0
잡채,치킨육수,20,1,0.05,2.0,20.0
장조림,간장,14,11,0.786,12.0,4.0
장조림,맛술,14,10,0.714,11.0,5.0
장조림,후춧가루,14,10,0.714,11.0,5.0
장조림,물,14,9,0.643,10.0,6.0
장조림,설탕,14,9,0.643,10.0,6.0
장조림,마늘,14,8,0.571,9.0,7.0
장조림,대파,14,7,0.5,8.0,8.0
장조림,올리고당,14,7,0.5,8.0,8.0
장조림,계란,14,5,0.357,6.0,10.0
장조림,통깨,14,5,0.357,6.0,10.0
장조림,고추,14,5,0.357,6.0,10.0
장조림,생강,14,5,0.357,6.0,10.0
장조림,소금,14,4,0.286,5.0,11.0
장조림,양파,14,4,0.286,5.0,11.0
장조림,닭고기,14,4,0.286,5.0,11.0
장조림,소고기,14,3,0.214,4.0,12.0
장조림,월계수잎,14,3,0.214,4.0,12.0
장조림,청양고추,14,3,0.214,4.0,12.0
장조림,참기름,14,3,0.214,4.0,12.0
장조림,버터,14,2,0.143,3.0,13.0
장조림,돼지고기,14,2,0.143,3.0,13.0
장조림,메추리알,14,2,0.143,3.0,13.0
장조림,파프리카,14,2,0.143,3.0,13.0
장조림,청상추,14,2,0.143,3.0,13.0
장조림,고기장조림,14,1,0.071,2.0,14.0
장조림,단무지,14,1,0.071,2.0,14.0
장조림,장조림국물,14,1,0.071,2.0,14.0
장조림,밥,14,1,0.071,2.0,14.0
장조림,우유,14,1,0.071,2.0,14.0
장조림,삼치,14,1,0.071,2.0,14.0
장조림,녹말가루,14,1,0.071,2.0,14.0
장조림,숙주,14,1,0.071,2.0,14.0
장조림,식용유,14,1,0.071,2.0,14.0
장조림,파,14,1,0.071,2.0,14.0
장조림,무,14,1,0.071,2.0,14.0
장조림,연겨자,14,1,0.071,2.0,14.0
장조림,된장,14,1,0.071,2.0,14.0
장조림,굴소스,14,1,0.071,2.0,14.0
장조림,고구마,14,1,0.071,2.0,14.0
장조림,새송이버섯,14,1,0.071,2.0,14.0
장조림,깨,14,1,0.071,2.0,14.0
장조림,다시마,14,1,0.071,2.0,14.0
장조림,멸치,14,1,0.071,2.0,14.0
장조림,김,14,1,0.071,2.0,14.0
장조림,현미밥,14,1,0.071,2.0,14.0
장조림,검은깨,14,1,0.071,2.0,14.0
장조림,통밀또띠아,14,1,0.071,2.0,14.0
장조림,치즈,14,1,0.071,2.0,14.0
장조림,크러쉬드레드페퍼,14,1,0.071,2.0,14.0
장조림,쪽파,14,1,0.071,2.0,14.0
장조림,멸치육수,14,1,0.071,2.0,14.0
장조림,식초,14,1,0.071,2.0,14.0
장조림,고추장,14,1,0.071,2.0,14.0
장조림,고춧가루,14,1,0.071,2.0,14.0
장조림,손질한고등어,14,1,0.071,2.0,14.0
장조림,들기름,14,1,0.071,2.0,14.0
장조림,매실액,14,1,0.071,2.0,14.0
장조림,연근,14,1,0.071,2.0,14.0
장조림,가지,14,1,0.071,2.0,14.0
장조림,연두,14,1,0.071,2.0,14.0
장조림,잡육육수,14,1,0.071,2.0,14.0
전복죽,전복,1,1,1.0,2.0,1.0
전복죽,쌀,1,1,1.0,2.0,1.0
전복죽,물,1,1,1.0,2.0,1.0
전복죽,참기름,1,1,1.0,2.0,1.0
전복죽,간장,1,1,1.0,2.0,1.0
전복죽,소금,1,1,1.0,2.0,1.0
전복죽,깨,1,1,1.0,2.0,1.0
족발,족발,1,1,1.0,2.0,1.0
족발,양파,1,1,1.0,2.0,1.0
족발,부추,1,1,1.0,2.0,1.0
족발,고추,1,1,1.0,2.0,1.0
족발,오이,1,1,1.0,2.0,1.0
족발,연겨자,1,1,1.0,2.0,1.0
족발,식초,1,1,1.0,2.0,1.0
족발,간장,1,1,1.0,2.0,1.0
족발,설탕,1,1,1.0,2.0,1.0
족발,참기름,1,1,1.0,2.0,1.0
족발,마늘,1,1,1.0,2.0,1.0
총각김치,대파,2,2,1.0,3.0,1.0
총각김치,양파,2,2,1.0,3.0,1.0
총각김치,생강,2,2,1.0,3.0,1.0
총각김치,마늘,2,2,1.0,3.0,1.0
총각김치,총각무,2,1,0.5,2.0,2.0
총각김치,쪽파,2,1,0.5,2.0,2.0
총각김치,소금,2,1,0.5,2.0,2.0
총각김치,배,2,1,0.5,2.0,2.0
총각김치,멸치액젓,2,1,0.5,2.0,2.0
총각김치,새우젓,2,1,0.5,2.0,2.0
총각김치,고춧가루,2,1,0.5,2.0,2.0
총각김치,설탕,2,1,0.5,2.0,2.0
총각김치,매실액,2,1,0.5,2.0,2.0
총각김치,찹쌀가루,2,1,0.5,2.0,2.0
총각김치,황태다시육수,2,1,0.5,2.0,2.0
총각김치,배추김치,2,1,0.5,2.0,2.0
총각김치,김치국물,2,1,0.5,2.0,2.0
총각김치,돼지고기,2,1,0.5,2.0,2.0
총각김치,감자,2,1,0.5,2.0,2.0
총각김치,고추,2,1,0.5,2.0,2.0
총각김치,두부,2,1,0.5,2.0,2.0
총각김치,물,2,1,0.5,2.0,2.0
총각김치,맛술,2,1,0.5,2.0,2.0
총각김치,후춧가루,2,1,0.5,2.0,2.0
총각김치,된장,2,1,0.5,2.0,2.0
총각김치,고추장,2,1,0.5,2.0,2.0
총각김치,간장,2,1,0.5,2.0,2.0
칼국수,간장,9,8,0.889,9.0,2.0
칼국수,칼국수면,9,7,0.778,8.0,3.0
칼국수,양파,9,7,0.778,8.0,3.0
칼국수,대파,9,7,0.778,8.0,3.0
칼국수,소금,9,6,0.667,7.0,4.0
칼국수,후춧가루,9,6,0.667,7.0,4.0
칼국수,마늘,9,6,0.667,7.0,4.0
칼국수,감자,9,5,0.556,6.0,5.0
칼국수,애호박,9,5,0.556,6.0,5.0
칼국수,청양고추,9,4,0.444,5.0,6.0
칼국수,물,9,4,0.444,5.0,6.0
칼국수,통깨,9,4,0.444,5.0,6.0
칼국수,고추,9,4,0.444,5.0,6.0
칼국수,고춧가루,9,3,0.333,4.0,7.0
칼국수,멸치,9,3,0.333,4.0,7.0
칼국수,맛술,9,3,0.333,4.0,7.0
칼국수,계란,9,3,0.333,4.0,7.0
칼국수,김,9,3,0.333,4.0,7.0
칼국수,당근,9,2,0.222,3.0,8.0
칼국수,다시마,9,2,0.222,3.0,8.0
칼국수,멸치액젓,9,2,0.222,3.0,8.0
칼국수,해물코인육수,9,1,0.111,2.0,9.0
칼국수,가리비,9,1,0.111,2.0,9.0
칼국수,미더덕,9,1,0.111,2.0,9.0
칼국수,팽이버섯,9,1,0.111,2.0,9.0
칼국수,해감한바지락조개,9,1,0.111,2.0,9.0
칼국수,황태채,9,1,0.111,2.0,9.0
칼국수,밀가루,9,1,0.111,2.0,9.0
칼국수,식용유,9,1,0.111,2.0,9.0
칼국수,손질바지락,9,1,0.111,2.0,9.0
칼국수,고추장,9,1,0.111,2.0,9.0
칼국수,된장,9,1,0.111,2.0,9.0
칼국수,닭고기,9,1,0.111,2.0,9.0
칼국수,소고기,9,1,0.111,2.0,9.0
칼국수,숙주,9,1,0.111,2.0,9.0
칼국수,불린고사리,9,1,0.111,2.0,9.0
칼국수,느타리버섯,9,1,0.111,2.0,9.0
칼국수,불린토란대,9,1,0.111,2.0,9.0
칼국수,무,9,1,0.111,2.0,9.0
칼국수,돼지고기,9,1,0.111,2.0,9.0
칼국수,쪽파,9,1,0.111,2.0,9.0
칼국수,땅콩,9,1,0.111,2.0,9.0
칼국수,라임또는레몬즙,9,1,0.111,2.0,9.0
칼국수,두반장,9,1,0.111,2.0,9.0
칼국수,굴소스,9,1,0.111,2.0,9.0
칼국수,설탕,9,1,0.111,2.0,9.0
콩나물국,콩나물,3,3,1.0,4.0,1.0
콩나물국,청양고추,3,3,1.0,4.0,1.0
콩나물국,마늘,3,3,1.0,4.0,1.0
콩나물국,새우젓,3,2,0.667,3.0,2.0
콩나물국,소금,3,2,0.667,3.0,2.0
콩나물국,멸치,3,2,0.667,3.0,2.0
콩나물국,배추김치,3,2,0.667,3.0,2.0
콩나물국,대파,3,2,0.667,3.0,2.0
콩나물국,쪽파,3,1,0.333,2.0,3.0
콩나물국,오징어,3,1,0.333,2.0,3.0
콩나물국,밥,3,1,0.333,2.0,3.0
콩나물국,고춧가루,3,1,0.333,2.0,3.0
콩나물국,맛술,3,1,0.333,2.0,3.0
콩나물국,후춧가루,3,1,0.333,2.0,3.0
콩나물국,김치국물,3,1,0.333,2.0,3.0
콩나물국,고추,3,1,0.333,2.0,3.0
콩나물국,간장,3,1,0.333,2.0,3.0
콩나물국,다시마,3,1,0.333,2.0,3.0
콩나물무침,통깨,152,112,0.737,113.0,41.0
콩나물무침,마늘,152,112,0.737,113.0,41.0
콩나물무침,참기름,152,104,0.684,105.0,49.0
콩나물무침,간장,152,101,0.664,102.0,52.0
콩나물무침,소금,152,76,0.5,77.0,77.0
콩나물무침,고춧가루,152,76,0.5,77.0,77.0
콩나물무침,설탕,152,63,0.414,64.0,90.0
콩나물무침,대파,152,50,0.329,51.0,103.0
콩나물무침,올리고당,152,50,0.329,51.0,103.0
콩나물무침,식초,152,47,0.309,48.0,106.0
콩나물무침,후춧가루,152,47,0.309,48.0,106.0
콩나물무침,고추,152,44,0.289,45.0,109.0
콩나물무침,콩나물,152,38,0.25,39.0,115.0
콩나물무침,양파,152,37,0.243,38.0,116.0
콩나물무침,맛술,152,37,0.243,38.0,116.0
콩나물무침,고추장,152,36,0.237,37.0,117.0
콩나물무침,청양고추,152,31,0.204,32.0,122.0
콩나물무침,물,152,28,0.184,29.0,125.0
콩나물무침,오이,152,25,0.164,26.0,128.0
콩나물무침,쪽파,152,24,0.158,25.0,129.0
콩나물무침,매실액,152,20,0.132,21.0,133.0
콩나물무침,식용유,152,19,0.125,20.0,134.0
콩나물무침,멸치액젓,152,17,0.112,18.0,136.0
콩나물무침,된장,152,17,0.112,18.0,136.0
콩나물무침,당근,152,14,0.092,15.0,139.0
콩나물무침,생강,152,14,0.092,15.0,139.0
콩나물무침,멸치,152,12,0.079,13.0,141.0
콩나물무침,들기름,152,11,0.072,12.0,142.0
콩나물무침,무,152,11,0.072,12.0,142.0
콩나물무침,미나리,152,10,0.066,11.0,143.0
콩나물무침,두부,152,10,0.066,11.0,143.0
콩나물무침,돼지고기,152,9,0.059,10.0,144.0
콩나물무침,깻잎,152,9,0.059,10.0,144.0
콩나물무침,김,152,9,0.059,10.0,144.0
콩나물무침,오징어,152,8,0.053,9.0,145.0
콩나물무침,부추,152,8,0.053,9.0,145.0
콩나물무침,브로콜리,152,8,0.053,9.0,145.0
콩나물무침,다시마,152,7,0.046,8.0,146.0
콩나물무침,달래,152,7,0.046,8.0,146.0
콩나물무침,시금치,152,6,0.039,7.0,147.0
콩나물무침,참치액,152,6,0.039,7.0,147.0
콩나물무침,계란,152,6,0.039,7.0,147.0
콩나물무침,깨,152,6,0.039,7.0,147.0
콩나물무침,마요네즈,152,6,0.039,7.0,147.0
콩나물무침,쌀,152,5,0.033,6.0,148.0
콩나물무침,소고기,152,5,0.033,6.0,148.0
콩나물무침,굴소스,152,5,0.033,6.0,148.0
콩나물무침,새우젓,152,5,0.033,6.0,148.0
콩나물무침,레몬즙,152,5,0.033,6.0,148.0
콩나물무침,느타리버섯,152,4,0.026,5.0,149.0
콩나물무침,월계수잎,152,4,0.026,5.0,149.0
콩나물무침,밥,152,4,0.026,5.0,149.0
콩나물무침,배추김치,152,4,0.026,5.0,149.0
콩나물무침,양배추,152,4,0.026,5.0,149.0
콩나물무침,버터,152,4,0.026,5.0,149.0
콩나물무침,배,152,4,0.026,5.0,149.0
콩나물무침,당면,152,3,0.02,4.0,150.0
콩나물무침,애호박,152,3,0.02,4.0,150.0
콩나물무침,전분,152,3,0.02,4.0,150.0
콩나물무침,채소,152,3,0.02,4.0,150.0
콩나물무침,새우,152,3,0.02,4.0,150.0
콩나물무침,황태채,152,3,0.02,4.0,150.0
콩나물무침,갓,152,3,0.02,4.0,150.0
콩나물무침,정종,152,3,0.02,4.0,150.0
콩나물무침,닭고기,152,3,0.02,4.0,150.0
콩나물무침,톳,152,3,0.02,4.0,150.0
콩나물무침,가지,152,3,0.02,4.0,150.0
콩나물무침,돌나물,152,3,0.02,4.0,150.0
콩나물무침,치킨파우더,152,3,0.02,4.0,150.0
콩나물무침,어묵,152,2,0.013,3.0,151.0
콩나물무침,유자청,152,2,0.013,3.0,151.0
콩나물무침,미더덕,152,2,0.013,3.0,151.0
콩나물무침,김치국물,152,2,0.013,3.0,151.0
콩나물무침,녹말가루,152,2,0.013,3.0,151.0
콩나물무침,육수,152,2,0.013,3.0,151.0
콩나물무침,찜용콩나물,152,2,0.013,3.0,151.0
콩나물무침,불린미역,152,2,0.013,3.0,151.0
콩나물무침,주꾸미,152,2,0.013,3.0,151.0
콩나물무침,치즈,152,2,0.013,3.0,151.0
콩나물무침,참치캔,152,2,0.013,3.0,151.0
콩나물무침,꿀,152,2,0.013,3.0,151.0
콩나물무침,갈비,152,2,0.013,3.0,151.0
콩나물무침,팽이버섯,152,2,0.013,3.0,151.0
콩나물무침,새송이버섯,152,2,0.013,3.0,151.0
콩나물무침,스윗칠리소스,152,2,0.013,3.0,151.0
콩나물무침,생굴,152,2,0.013,3.0,151.0
콩나물무침,올리브,152,2,0.013,3.0,151.0
콩나물무침,발사믹,152,2,0.013,3.0,151.0
콩나물무침,냉이,152,2,0.013,3.0,151.0
콩나물무침,꼬막,152,2,0.013,3.0,151.0
콩나물무침,참나물,152,2,0.013,3.0,151.0
콩나물무침,골뱅이통조림,152,2,0.013,3.0,151.0
콩나물무침,목이버섯,152,2,0.013,3.0,151.0
콩나물무침,세발나물,152,2,0.013,3.0,151.0
콩나물무침,취나물,152,2,0.013,3.0,151.0
콩나물무침,흑임자,152,2,0.013,3.0,151.0
콩나물무침,고수,152,2,0.013,3.0,151.0
콩나물무침,맛살,152,2,0.013,3.0,151.0
콩나물무침,숙주,152,2,0.013,3.0,151.0
콩나물무침,감자,152,2,0.013,3.0,151.0
콩나물무침,열무,152,2,0.013,3.0,151.0
콩나물무침,잣가루,152,2,0.013,3.0,151.0
콩나물무침,배즙,152,2,0.013,3.0,151.0
콩나물무침,쫄면,152,1,0.007,2.0,152.0
콩나물무침,상추,152,1,0.007,2.0,152.0
콩나물무침,표고버섯,152,1,0.007,2.0,152.0
콩나물무침,떡,152,1,0.007,2.0,152.0
콩나물무침,황태포,152,1,0.007,2.0,152.0
콩나물무침,멥쌀,152,1,0.007,2.0,152.0
콩나물무침,현미,152,1,0.007,2.0,152.0
콩나물무침,찬밥,152,1,0.007,2.0,152.0
콩나물무침,라면,152,1,0.007,2.0,152.0
콩나물무침,얼음,152,1,0.007,2.0,152.0
콩나물무침,아귀,152,1,0.007,2.0,152.0
콩나물무침,일자콩나물,152,1,0.007,2.0,152.0
콩나물무침,꽃게,152,1,0.007,2.0,152.0
콩나물무침,고사리나물,152,1,0.007,2.0,152.0
콩나물무침,현미밥,152,1,0.007,2.0,152.0
콩나물무침,버섯,152,1,0.007,2.0,152.0
콩나물무침,대구,152,1,0.007,2.0,152.0
콩나물무침,두절콩나물,152,1,0.007,2.0,152.0
콩나물무침,배추,152,1,0.007,2.0,152.0
콩나물무침,유자껍질,152,1,0.007,2.0,152.0
콩나물무침,폰즈소스,152,1,0.007,2.0,152.0
콩나물무침,아까오로시,152,1,0.007,2.0,152.0
콩나물무침,잡곡밥,152,1,0.007,2.0,152.0
콩나물무침,굴,152,1,0.007,2.0,152.0
콩나물무침,껍질강낭콩,152,1,0.007,2.0,152.0
콩나물무침,애플비니거,152,1,0.007,2.0,152.0
콩나물무침,순살아귀,152,1,0.007,2.0,152.0
콩나물무침,도라지,152,1,0.007,2.0,152.0
콩나물무침,옥수수통조림,152,1,0.007,2.0,152.0
콩나물무침,줄기명이,152,1,0.007,2.0,152.0
콩나물무침,알룰로스,152,1,0.007,2.0,152.0
콩나물무침,적채,152,1,0.007,2.0,152.0
콩나물무침,파인애플,152,1,0.007,2.0,152.0
콩나물무침,새싹,152,1,0.007,2.0,152.0
콩나물무침,땅콩,152,1,0.007,2.0,152.0
콩나물무침,가리비속살,152,1,0.007,2.0,152.0
콩나물무침,멍게살,152,1,0.007,2.0,152.0
콩나물무침,감태,152,1,0.007,2.0,152.0
콩나물무침,파래,152,1,0.007,2.0,152.0
콩나물무침,파,152,1,0.007,2.0,152.0
콩나물무침,두릅,152,1,0.007,2.0,152.0
콩나물무침,청포묵,152,1,0.007,2.0,152.0
콩나물무침,손질낙지,152,1,0.007,2.0,152.0
콩나물무침,소면,152,1,0.007,2.0,152.0
콩나물무침,통조림국물,152,1,0.007,2.0,152.0
콩나물무침,완두콩,152,1,0.007,2.0,152.0
콩나물무침,벌꿀,152,1,0.007,2.0,152.0
콩나물무침,시판깨소스,152,1,0.007,2.0,152.0
콩나물무침,샐러리,152,1,0.007,2.0,152.0
콩나물무침,바지락,152,1,0.007,2.0,152.0
콩나물무침,낙지,152,1,0.007,2.0,152.0
콩나물무침,레디쉬,152,1,0.007,2.0,152.0
콩나물무침,겨자,152,1,0.007,2.0,152.0
콩나물무침,손질된한치,152,1,0.007,2.0,152.0
콩나물무침,꼬시래기,152,1,0.007,2.0,152.0
콩나물무침,토마토,152,1,0.007,2.0,152.0
콩나물무침,밀가루,152,1,0.007,2.0,152.0
콩나물무침,참두릅,152,1,0.007,2.0,152.0
콩나물무침,홍피망,152,1,0.007,2.0,152.0
콩나물무침,산초기름,152,1,0.007,2.0,152.0
콩나물무침,청양초,152,1,0.007,2.0,152.0
콩나물무침,단무지,152,1,0.007,2.0,152.0
콩나물무침,오이지,152,1,0.007,2.0,152.0
콩나물무침,데친우렁이살,152,1,0.007,2.0,152.0
콩나물무침,치커리,152,1,0.007,2.0,152.0
콩나물무침,산초가루,152,1,0.007,2.0,152.0
콩나물무침,들깨,152,1,0.007,2.0,152.0
콩나물무침,자숙흑골뱅이,152,1,0.007,2.0,152.0
콩나물무침,삶은소면,152,1,0.007,2.0,152.0
콩나물무침,도토리묵,152,1,0.007,2.0,152.0
콩나물무침,파프리카,152,1,0.007,2.0,152.0
콩나물무침,연겨자,152,1,0.007,2.0,152.0
콩나물무침,자숙홍합살,152,1,0.007,2.0,152.0
콩나물무침,명란젓,152,1,0.007,2.0,152.0
콩나물무침,데친유채,152,1,0.007,2.0,152.0
콩나물무침,말린고춧잎,152,1,0.007,2.0,152.0
콩나물무침,사과,152,1,0.007,2.0,152.0
콩나물무침,건파래,152,1,0.007,2.0,152.0
콩나물무침,생곤드레,152,1,0.007,2.0,152.0
콩나물무침,자리돔,152,1,0.007,2.0,152.0
콩나물무침,래디시,152,1,0.007,2.0,152.0
콩나물무침,금귤즙,152,1,0.007,2.0,152.0
콩나물무침,콜라비,152,1,0.007,2.0,152.0
콩나물무침,채수,152,1,0.007,2.0,152.0
콩나물무침,제피잎,152,1,0.007,2.0,152.0
콩나물무침,꽃잎,152,1,0.007,2.0,152.0
콩나물무침,딜,152,1,0.007,2.0,152.0
콩나물무침,어린잎,152,1,0.007,2.0,152.0
콩나물무침,부순견과류,152,1,0.007,2.0,152.0
콩나물무침,골뱅이국물,152,1,0.007,2.0,152.0
콩나물무침,얼갈이,152,1,0.007,2.0,152.0
콩나물무침,은달래,152,1,0.007,2.0,152.0
콩나물무침,명란,152,1,0.007,2.0,152.0
콩나물무침,중하,152,1,0.007,2.0,152.0
콩나물무침,밤,152,1,0.007,2.0,152.0
콩나물무침,피쉬소스,152,1,0.007,2.0,152.0
콩나물무침,부침가루,152,1,0.007,2.0,152.0
콩나물무침,항정살,152,1,0.007,2.0,152.0
콩나물무침,바지락젓갈,152,1,0.007,2.0,152.0
콩나물무침,소주,152,1,0.007,2.0,152.0
콩나물무침,연근,152,1,0.007,2.0,152.0
콩나물무침,다진잣,152,1,0.007,2.0,152.0
콩나물무침,검은깨간것,152,1,0.007,2.0,152.0
콩나물무침,생연어,152,1,0.007,2.0,152.0
콩나물무침,아보카도,152,1,0.007,2.0,152.0
콩나물무침,모짜렐라볼,152,1,0.007,2.0,152.0
콩나물무침,래몬즙,152,1,0.007,2.0,152.0
콩나물무침,들깨가루,152,1,0.007,2.0,152.0
콩나물무침,반건조감말랭이,152,1,0.007,2.0,152.0
콩나물무침,물미역,152,1,0.007,2.0,152.0
콩나물무침,조리용술,152,1,0.007,2.0,152.0
콩나물무침,취청오이,152,1,0.007,2.0,152.0
콩나물무침,와인,152,1,0.007,2.0,152.0
콩나물무침,홀그레인머스타드,152,1,0.007,2.0,152.0
콩나물무침,봄동,152,1,0.007,2.0,152.0
파김치,쪽파,2,2,1.0,3.0,1.0
파김치,고춧가루,2,2,1.0,3.0,1.0
파김치,매실액,2,2,1.0,3.0,1.0
파김치,설탕,2,2,1.0,3.0,1.0
파김치,마늘,2,2,1.0,3.0,1.0
파김치,찹쌀가루,2,2,1.0,3.0,1.0
파김치,멸치액젓,2,1,0.5,2.0,2.0
파김치,멸치,2,1,0.5,2.0,2.0
파김치,간장,2,1,0.5,2.0,2.0
파김치,다시마,2,1,0.5,2.0,2.0
파전,식용유,5,5,1.0,6.0,1.0
파전,고추,5,4,0.8,5.0,2.0
파전,간장,5,4,0.8,5.0,2.0
파전,물,5,4,0.8,5.0,2.0
파전,쪽파,5,3,0.6,4.0,3.0
파전,청양고추,5,3,0.6,4.0,3.0
파전,부침가루,5,3,0.6,4.0,3.0
파전,대파,5,3,0.6,4.0,3.0
파전,식초,5,3,0.6,4.0,3.0
파전,계란,5,2,0.4,3.0,4.0
파전,고춧가루,5,2,0.4,3.0,4.0
파전,통깨,5,2,0.4,3.0,4.0
파전,소금,5,2,0.4,3.0,4.0
파전,소고기,5,1,0.2,2.0,5.0
파전,양파,5,1,0.2,2.0,5.0
파전,설탕,5,1,0.2,2.0,5.0
파전,마늘,5,1,0.2,2.0,5.0
파전,참기름,5,1,0.2,2.0,5.0
파전,후춧가루,5,1,0.2,2.0,5.0
파전,해물코인육수,5,1,0.2,2.0,5.0
파전,김,5,1,0.2,2.0,5.0
파전,생강,5,1,0.2,2.0,5.0
파전,기름,5,1,0.2,2.0,5.0
파전,밀가루,5,1,0.2,2.0,5.0
파전,굴,5,1,0.2,2.0,5.0
파전,새우,5,1,0.2,2.0,5.0
파전,조갯살,5,1,0.2,2.0,5.0
파전,오징어,5,1,0.2,2.0,5.0
파전,해물데친물,5,1,0.2,2.0,5.0
파전,맛술,5,1,0.2,2.0,5.0
파전,도토리가루,5,1,0.2,2.0,5.0
호떡,설탕,5,5,1.0,6.0,1.0
호떡,식용유,5,3,0.6,4.0,3.0
호떡,소금,5,3,0.6,4.0,3.0
호떡,계피,5,2,0.4,3.0,4.0
호떡,물,5,2,0.4,3.0,4.0
호떡,전분,5,2,0.4,3.0,4.0
호떡,호떡믹스,5,1,0.2,2.0,5.0
호떡,따듯한물,5,1,0.2,2.0,5.0
호떡,이스트,5,1,0.2,2.0,5.0
호떡,미국피칸,5,1,0.2,2.0,5.0
호떡,밀가루,5,1,0.2,2.0,5.0
호떡,드라이이스트,5,1,0.2,2.0,5.0
호떡,버터,5,1,0.2,2.0,5.0
호떡,통깨,5,1,0.2,2.0,5.0
호떡,옥수수가루,5,1,0.2,2.0,5.0
호떡,탈지분유,5,1,0.2,2.0,5.0
호떡,감자,5,1,0.2,2.0,5.0
호떡,치즈,5,1,0.2,2.0,5.0
호떡,마요네즈,5,1,0.2,2.0,5.0
호떡,크로아상생지,5,1,0.2,2.0,5.0
호떡,시나몬파우더,5,1,0.2,2.0,5.0
호떡,슈가파우더,5,1,0.2,2.0,5.0
호떡,견과류믹스,5,1,0.2,2.0,5.0
호떡,밀크커버춰초콜릿,5,1,0.2,2.0,5.0
호떡,다크커버춰초콜릿,5,1,0.2,2.0,5.0
호떡,초콜릿블록,5,1,0.2,2.0,5.0
호떡,메이플시럽,5,1,0.2,2.0,5.0
호떡,애호박,5,1,0.2,2.0,5.0
호떡,코코넛롱,5,1,0.2,2.0,5.0
호떡,팥앙금,5,1,0.2,2.0,5.0
호떡,찹쌀가루,5,1,0.2,2.0,5.0
호박죽,애호박,2,2,1.0,3.0,1.0
호박죽,찹쌀가루,2,2,1.0,3.0,1.0
호박죽,물,2,2,1.0,3.0,1.0
호박죽,설탕,2,2,1.0,3.0,1.0
호박죽,소금,2,2,1.0,3.0,1.0
호박죽,강낭콩,2,1,0.5,2.0,2.0
호박죽,삶은팥,2,1,0.5,2.0,2.0
호박죽,곤약,2,1,0.5,2.0,2.0
후라이드치킨,소금,146,110,0.753,111.0,37.0
후라이드치킨,후춧가루,146,105,0.719,106.0,42.0
후라이드치킨,식용유,146,87,0.596,88.0,60.0
후라이드치킨,마늘,146,82,0.562,83.0,65.0
후라이드치킨,설탕,146,60,0.411,61.0,87.0
후라이드치킨,양파,146,58,0.397,59.0,89.0
후라이드치킨,물,146,54,0.37,55.0,93.0
후라이드치킨,치킨파우더,146,54,0.37,55.0,93.0
후라이드치킨,닭고기,146,53,0.363,54.0,94.0
후라이드치킨,간장,146,46,0.315,47.0,101.0
후라이드치킨,대파,146,41,0.281,42.0,106.0
후라이드치킨,참기름,146,36,0.247,37.0,111.0
후라이드치킨,치즈,146,34,0.233,35.0,113.0
후라이드치킨,전분,146,33,0.226,34.0,114.0
후라이드치킨,생강,146,33,0.226,34.0,114.0
후라이드치킨,맛술,146,31,0.212,32.0,116.0
후라이드치킨,계란,146,30,0.205,31.0,117.0
후라이드치킨,치킨스톡,146,28,0.192,29.0,119.0
후라이드치킨,고추,146,27,0.185,28.0,120.0
후라이드치킨,새우,146,26,0.178,27.0,121.0
후라이드치킨,버터,146,25,0.171,26.0,122.0
후라이드치킨,돼지고기,146,25,0.171,26.0,122.0
후라이드치킨,우유,146,23,0.158,24.0,124.0
후라이드치킨,쪽파,146,21,0.144,22.0,126.0
후라이드치킨,굴소스,146,20,0.137,21.0,127.0
후라이드치킨,당근,146,20,0.137,21.0,127.0
후라이드치킨,표고버섯,146,16,0.11,17.0,131.0
후라이드치킨,죽순,146,16,0.11,17.0,131.0
후라이드치킨,밀가루,146,15,0.103,16.0,132.0
후라이드치킨,치킨육수,146,15,0.103,16.0,132.0
후라이드치킨,식초,146,15,0.103,16.0,132.0
후라이드치킨,소고기,146,14,0.096,15.0,133.0
후라이드치킨,김,146,11,0.075,12.0,136.0
후라이드치킨,파슬리가루,146,11,0.075,12.0,136.0
후라이드치킨,파프리카,146,11,0.075,12.0,136.0
후라이드치킨,고춧가루,146,11,0.075,12.0,136.0
후라이드치킨,토마토,146,11,0.075,12.0,136.0
후라이드치킨,올리고당,146,10,0.068,11.0,137.0
후라이드치킨,밥,146,10,0.068,11.0,137.0
후라이드치킨,방울토마토,146,10,0.068,11.0,137.0
후라이드치킨,오이,146,10,0.068,11.0,137.0
후라이드치킨,샐러리,146,10,0.068,11.0,137.0
후라이드치킨,노두유,146,10,0.068,11.0,137.0
후라이드치킨,파슬리,146,9,0.062,10.0,138.0
후라이드치킨,생크림,146,9,0.062,10.0,138.0
후라이드치킨,와인,146,9,0.062,10.0,138.0
후라이드치킨,월계수잎,146,9,0.062,10.0,138.0
후라이드치킨,파스타면,146,9,0.062,10.0,138.0
후라이드치킨,빵가루,146,8,0.055,9.0,139.0
후라이드치킨,마요네즈,146,8,0.055,9.0,139.0
후라이드치킨,레몬즙,146,8,0.055,9.0,139.0
후라이드치킨,레몬,146,8,0.055,9.0,139.0
후라이드치킨,양송이버섯,146,8,0.055,9.0,139.0
후라이드치킨,목이버섯,146,8,0.055,9.0,139.0
후라이드치킨,스파게티면,146,8,0.055,9.0,139.0
후라이드치킨,두반장,146,8,0.055,9.0,139.0
후라이드치킨,청양고추,146,7,0.048,8.0,140.0
후라이드치킨,베이컨,146,7,0.048,8.0,140.0
후라이드치킨,감자,146,7,0.048,8.0,140.0
후라이드치킨,산초가루,146,7,0.048,8.0,140.0
후라이드치킨,오징어,146,7,0.048,8.0,140.0
후라이드치킨,청경채,146,7,0.048,8.0,140.0
후라이드치킨,배추,146,7,0.048,8.0,140.0
후라이드치킨,고수,146,7,0.048,8.0,140.0
후라이드치킨,카레가루,146,6,0.041,7.0,141.0
후라이드치킨,무,146,6,0.041,7.0,141.0
후라이드치킨,팔각,146,6,0.041,7.0,141.0
후라이드치킨,두부,146,6,0.041,7.0,141.0
후라이드치킨,시금치,146,6,0.041,7.0,141.0
후라이드치킨,생면,146,6,0.041,7.0,141.0
후라이드치킨,산초기름,146,6,0.041,7.0,141.0
후라이드치킨,애호박,146,6,0.041,7.0,141.0
후라이드치킨,꿀,146,5,0.034,6.0,142.0
후라이드치킨,샬롯,146,5,0.034,6.0,142.0
후라이드치킨,페퍼론치노,146,5,0.034,6.0,142.0
후라이드치킨,통깨,146,5,0.034,6.0,142.0
후라이드치킨,면수,146,5,0.034,6.0,142.0
후라이드치킨,불린샤미,146,5,0.034,6.0,142.0
후라이드치킨,총장즙,146,5,0.034,6.0,142.0
후라이드치킨,이태리파슬리,146,5,0.034,6.0,142.0
후라이드치킨,기름,146,5,0.034,6.0,142.0
후라이드치킨,머스터드,146,4,0.027,5.0,143.0
후라이드치킨,채소,146,4,0.027,5.0,143.0
후라이드치킨,로즈마리,146,4,0.027,5.0,143.0
후라이드치킨,아보카도,146,4,0.027,5.0,143.0
후라이드치킨,타임,146,4,0.027,5.0,143.0
후라이드치킨,양배추,146,4,0.027,5.0,143.0
후라이드치킨,토마토소스,146,4,0.027,5.0,143.0
후라이드치킨,로메인,146,4,0.027,5.0,143.0
후라이드치킨,허브가루,146,4,0.027,5.0,143.0
후라이드치킨,셀러리,146,4,0.027,5.0,143.0
후라이드치킨,치킨스톡큐브,146,4,0.027,5.0,143.0
후라이드치킨,홍피망,146,4,0.027,5.0,143.0
후라이드치킨,청피망,146,4,0.027,5.0,143.0
후라이드치킨,청양초,146,4,0.027,5.0,143.0
후라이드치킨,페페론치노,146,4,0.027,5.0,143.0
후라이드치킨,할라피뇨,146,3,0.021,4.0,144.0
후라이드치킨,토르티야,146,3,0.021,4.0,144.0
후라이드치킨,큐민가루,146,3,0.021,4.0,144.0
후라이드치킨,칠리소스,146,3,0.021,4.0,144.0
후라이드치킨,케첩,146,3,0.021,4.0,144.0
후라이드치킨,스리라차,146,3,0.021,4.0,144.0
후라이드치킨,토마토페이스트,146,3,0.021,4.0,144.0
후라이드치킨,올리브,146,3,0.021,4.0,144.0
후라이드치킨,찹쌀가루,146,3,0.021,4.0,144.0
후라이드치킨,된장,146,3,0.021,4.0,144.0
후라이드치킨,루꼴라,146,3,0.021,4.0,144.0
후라이드치킨,쌀,146,3,0.021,4.0,144.0
후라이드치킨,파기름,146,3,0.021,4.0,144.0
후라이드치킨,숙주,146,3,0.021,4.0,144.0
후라이드치킨,송로오일,146,3,0.021,4.0,144.0
후라이드치킨,끓는물,146,3,0.021,4.0,144.0
후라이드치킨,부추,146,3,0.021,4.0,144.0
후라이드치킨,새송이버섯,146,3,0.021,4.0,144.0
후라이드치킨,베이킹파우더,146,2,0.014,3.0,145.0
후라이드치킨,햄,146,2,0.014,3.0,145.0
후라이드치킨,홀토마토,146,2,0.014,3.0,145.0
후라이드치킨,라임즙,146,2,0.014,3.0,145.0
후라이드치킨,스리라차소스,146,2,0.014,3.0,145.0
후라이드치킨,초리조,146,2,0.014,3.0,145.0
후라이드치킨,플레인요거트,146,2,0.014,3.0,145.0
후라이드치킨,양상추,146,2,0.014,3.0,145.0
후라이드치킨,브로콜리,146,2,0.014,3.0,145.0
후라이드치킨,사워도우,146,2,0.014,3.0,145.0
후라이드치킨,크랜베리,146,2,0.014,3.0,145.0
후라이드치킨,호두,146,2,0.014,3.0,145.0
후라이드치킨,연유,146,2,0.014,3.0,145.0
후라이드치킨,홀그레인머스터드,146,2,0.014,3.0,145.0
후라이드치킨,바질페스토,146,2,0.014,3.0,145.0
후라이드치킨,바질가루,146,2,0.014,3.0,145.0
후라이드치킨,치킨육수분말,146,2,0.014,3.0,145.0
후라이드치킨,깻잎,146,2,0.014,3.0,145.0
후라이드치킨,피망,146,2,0.014,3.0,145.0
후라이드치킨,조리유,146,2,0.014,3.0,145.0
후라이드치킨,연근,146,2,0.014,3.0,145.0
후라이드치킨,바게트,146,2,0.014,3.0,145.0
후라이드치킨,주키니,146,2,0.014,3.0,145.0
후라이드치킨,면,146,2,0.014,3.0,145.0
후라이드치킨,물밤,146,2,0.014,3.0,145.0
후라이드치킨,춘장,146,2,0.014,3.0,145.0
후라이드치킨,다시마,146,2,0.014,3.0,145.0
후라이드치킨,팽이버섯,146,2,0.014,3.0,145.0
후라이드치킨,불린찹쌀,146,2,0.014,3.0,145.0
후라이드치킨,완숙토마토,146,2,0.014,3.0,145.0
후라이드치킨,춘권피,146,2,0.014,3.0,145.0
후라이드치킨,홍합,146,2,0.014,3.0,145.0
후라이드치킨,토마토퓨레,146,2,0.014,3.0,145.0
후라이드치킨,우스터소스,146,2,0.014,3.0,145.0
후라이드치킨,바지락,146,2,0.014,3.0,145.0
후라이드치킨,가지,146,2,0.014,3.0,145.0
후라이드치킨,호두분태,146,1,0.007,2.0,146.0
후라이드치킨,토마토슬라이스,146,1,0.007,2.0,146.0
후라이드치킨,시판고형카레,146,1,0.007,2.0,146.0
후라이드치킨,로메인상추,146,1,0.007,2.0,146.0
후라이드치킨,머스타드,146,1,0.007,2.0,146.0
후라이드치킨,샐러드야채,146,1,0.007,2.0,146.0
후라이드치킨,냉동크랜베리,146,1,0.007,2.0,146.0
후라이드치킨,주스,146,1,0.007,2.0,146.0
후라이드치킨,시나몬가루,146,1,0.007,2.0,146.0
후라이드치킨,허니머스타드,146,1,0.007,2.0,146.0
후라이드치킨,로즈메리,146,1,0.007,2.0,146.0
후라이드치킨,불린콩,146,1,0.007,2.0,146.0
후라이드치킨,인델리카레가루,146,1,0.007,2.0,146.0
후라이드치킨,샬룻,146,1,0.007,2.0,146.0
후라이드치킨,다진로즈마리,146,1,0.007,2.0,146.0
후라이드치킨,머스터드소스,146,1,0.007,2.0,146.0
후라이드치킨,과육,146,1,0.007,2.0,146.0
후라이드치킨,말린오렌지껍질,146,1,0.007,2.0,146.0
후라이드치킨,바닐라아이스크림,146,1,0.007,2.0,146.0
후라이드치킨,얼음,146,1,0.007,2.0,146.0
후라이드치킨,그릭요거트,146,1,0.007,2.0,146.0
후라이드치킨,디종머스터드,146,1,0.007,2.0,146.0
후라이드치킨,바질잎,146,1,0.007,2.0,146.0
후라이드치킨,쌀국수면,146,1,0.007,2.0,146.0
후라이드치킨,파,146,1,0.007,2.0,146.0
후라이드치킨,통베이컨,146,1,0.007,2.0,146.0
후라이드치킨,시판토마토소스,146,1,0.007,2.0,146.0
후라이드치킨,피클,146,1,0.007,2.0,146.0
후라이드치킨,씨없는올리브,146,1,0.007,2.0,146.0
후라이드치킨,오레가노,146,1,0.007,2.0,146.0
후라이드치킨,매일그릭요거트,146,1,0.007,2.0,146.0
후라이드치킨,디종머스타드,146,1,0.007,2.0,146.0
후라이드치킨,미국피칸,146,1,0.007,2.0,146.0
후라이드치킨,씨겨자,146,1,0.007,2.0,146.0
후라이드치킨,치자,146,1,0.007,2.0,146.0
후라이드치킨,흰쌀밥,146,1,0.007,2.0,146.0
후라이드치킨,우엉,146,1,0.007,2.0,146.0
후라이드치킨,고구마,146,1,0.007,2.0,146.0
후라이드치킨,레디쉬,146,1,0.007,2.0,146.0
후라이드치킨,바게트빵,146,1,0.007,2.0,146.0
후라이드치킨,사과,146,1,0.007,2.0,146.0
후라이드치킨,껍질땅콩,146,1,0.007,2.0,146.0
후라이드치킨,",블랙올리브",146,1,0.007,2.0,146.0
후라이드치킨,맛밤,146,1,0.007,2.0,146.0
후라이드치킨,삶은고구마,146,1,0.007,2.0,146.0
후라이드치킨,꼬시래기,146,1,0.007,2.0,146.0
후라이드치킨,치킨스테이크,146,1,0.007,2.0,146.0
후라이드치킨,매실액,146,1,0.007,2.0,146.0
후라이드치킨,엔초비,146,1,0.007,2.0,146.0
후라이드치킨,케이퍼,146,1,0.007,2.0,146.0
후라이드치킨,초이스레시피매콤해물맛,146,1,0.007,2.0,146.0
후라이드치킨,케일,146,1,0.007,2.0,146.0
후라이드치킨,옥수수,146,1,0.007,2.0,146.0
후라이드치킨,잣,146,1,0.007,2.0,146.0
후라이드치킨,짜사이,146,1,0.007,2.0,146.0
후라이드치킨,고형치킨스톡,146,1,0.007,2.0,146.0
후라이드치킨,송화단,146,1,0.007,2.0,146.0
후라이드치킨,부,146,1,0.007,2.0,146.0
후라이드치킨,다진땅콩가루,146,1,0.007,2.0,146.0
후라이드치킨,즉석밥,146,1,0.007,2.0,146.0
후라이드치킨,훈제연어,146,1,0.007,2.0,146.0
후라이드치킨,스위트콘,146,1,0.007,2.0,146.0
후라이드치킨,검은깨쌀벼,146,1,0.007,2.0,146.0
후라이드치킨,백미,146,1,0.007,2.0,146.0
후라이드치킨,멧돼지찰,146,1,0.007,2.0,146.0
후라이드치킨,북흑조,146,1,0.007,2.0,146.0
후라이드치킨,다진샬롯,146,1,0.007,2.0,146.0
후라이드치킨,발효명이나물,146,1,0.007,2.0,146.0
후라이드치킨,건조빵가루,146,1,0.007,2.0,146.0
후라이드치킨,치킨스톡파우더,146,1,0.007,2.0,146.0
후라이드치킨,소시지,146,1,0.007,2.0,146.0
후라이드치킨,게살,146,1,0.007,2.0,146.0
후라이드치킨,XO소스,146,1,0.007,2.0,146.0
후라이드치킨,당면,146,1,0.007,2.0,146.0
후라이드치킨,식빵,146,1,0.007,2.0,146.0
후라이드치킨,해파리,146,1,0.007,2.0,146.0
후라이드치킨,찹쌀,146,1,0.007,2.0,146.0
후라이드치킨,완두콩,146,1,0.007,2.0,146.0
후라이드치킨,딜,146,1,0.007,2.0,146.0
후라이드치킨,레몬제스트,146,1,0.007,2.0,146.0
후라이드치킨,깨,146,1,0.007,2.0,146.0
후라이드치킨,날치알,146,1,0.007,2.0,146.0
후라이드치킨,양고기,146,1,0.007,2.0,146.0
후라이드치킨,생추왕,146,1,0.007,2.0,146.0
후라이드치킨,고급맛살또는게살통조림,146,1,0.007,2.0,146.0
후라이드치킨,문어다리숙회,146,1,0.007,2.0,146.0
후라이드치킨,스파게티,146,1,0.007,2.0,146.0
후라이드치킨,초당옥수수,146,1,0.007,2.0,146.0
후라이드치킨,파슬리나타임등허브,146,1,0.007,2.0,146.0
후라이드치킨,파인애플,146,1,0.007,2.0,146.0
후라이드치킨,고수잎,146,1,0.007,2.0,146.0
후라이드치킨,땅콩분태,146,1,0.007,2.0,146.0
후라이드치킨,냉동모둠해산물,146,1,0.007,2.0,146.0
후라이드치킨,불린쌀,146,1,0.007,2.0,146.0
후라이드치킨,콘옥수수,146,1,0.007,2.0,146.0
후라이드치킨,캔강낭콩,146,1,0.007,2.0,146.0
후라이드치킨,라임,146,1,0.007,2.0,146.0
후라이드치킨,큐민파우더,146,1,0.007,2.0,146.0
후라이드치킨,카이옌페퍼파우더,146,1,0.007,2.0,146.0
후라이드치킨,판젤라틴,146,1,0.007,2.0,146.0
후라이드치킨,마,146,1,0.007,2.0,146.0
후라이드치킨,비타민,146,1,0.007,2.0,146.0
후라이드치킨,송로버섯,146,1,0.007,2.0,146.0
후라이드치킨,오렌지,146,1,0.007,2.0,146.0
후라이드치킨,두꺼운베이컨,146,1,0.007,2.0,146.0
후라이드치킨,치킨스톡+물,146,1,0.007,2.0,146.0
후라이드치킨,크래미,146,1,0.007,2.0,146.0
후라이드치킨,곤약,146,1,0.007,2.0,146.0
후라이드치킨,미나리,146,1,0.007,2.0,146.0
후라이드치킨,황두장,146,1,0.007,2.0,146.0
후라이드치킨,통조림콩,146,1,0.007,2.0,146.0
후라이드치킨,숏파스타,146,1,0.007,2.0,146.0
후라이드치킨,차이브,146,1,0.007,2.0,146.0
후라이드치킨,엑스트라버진,146,1,0.007,2.0,146.0
후라이드치킨,갈릭칠리페이스트,146,1,0.007,2.0,146.0
후라이드치킨,생중화면,146,1,0.007,2.0,146.0
후라이드치킨,페투치네면,146,1,0.007,2.0,146.0
후라이드치킨,모시조개,146,1,0.007,2.0,146.0
후라이드치킨,이스트,146,1,0.007,2.0,146.0
후라이드치킨,껍질벗긴밤,146,1,0.007,2.0,146.0
후라이드치킨,대추,146,1,0.007,2.0,146.0
후라이드치킨,불린연잎,146,1,0.007,2.0,146.0
후라이드치킨,아스파라거스,146,1,0.007,2.0,146.0
후라이드치킨,육수,146,1,0.007,2.0,146.0
후라이드치킨,데친브로콜리니,146,1,0.007,2.0,146.0
후라이드치킨,토마토캔,146,1,0.007,2.0,146.0
후라이드치킨,카레파우더,146,1,0.007,2.0,146.0
후라이드치킨,건바질,146,1,0.007,2.0,146.0
후라이드치킨,느타리버섯,146,1,0.007,2.0,146.0
후라이드치킨,만두,146,1,0.007,2.0,146.0
후라이드치킨,전복,146,1,0.007,2.0,146.0
후라이드치킨,식용꽃,146,1,0.007,2.0,146.0
후라이드치킨,양송이,146,1,0.007,2.0,146.0
후라이드치킨,다진세이지,146,1,0.007,2.0,146.0
후라이드치킨,바질,146,1,0.007,2.0,146.0
후라이드치킨,포도씨오일,146,1,0.007,2.0,146.0
후라이드치킨,덕자,146,1,0.007,2.0,146.0
후라이드치킨,코셔솔트,146,1,0.007,2.0,146.0
후라이드치킨,참나물오일,146,1,0.007,2.0,146.0
후라이드치킨,새우젓,146,1,0.007,2.0,146.0
후라이드치킨,이찌방다시,146,1,0.007,2.0,146.0
후라이드치킨,문어바지락,146,1,0.007,2.0,146.0
후라이드치킨,가쓰오부시,146,1,0.007,2.0,146.0
후라이드치킨,비장탄에구운한치슬라이스,146,1,0.007,2.0,146.0
